ID,Name,Department,GPA,Age
3771,Charles Brown,Data Science,3.95,18
6672,Richard Hernandez,Literature,3.39,20
7261,Mary Robinson,History,2.88,22
0760,Karen Lee,Physics,2.13,18
3779,Sarah Johnson,Civil Engineering,3.7,24
1772,Patricia Martin,History,2.82,18
7509,Joseph Gonzalez,Chemistry,3.59,19
2679,David Lee,Business Administration,3.57,25
2305,Thomas Hernandez,Economics,2.38,19
9215,James Martin,Psychology,2.14,21
3625,Mark Jackson,Electrical Engineering,3.27,22
4236,Barbara Wilson,Chemistry,3.45,25
9005,Jennifer Davis,Electrical Engineering,3.59,18
5924,Robert Martinez,Economics,2.87,23
3093,Elizabeth Jackson,Biology,3.55,20
7590,Jessica Martinez,Economics,2.69,23
4736,James Taylor,Economics,3.32,20
4366,Mary Davis,Biology,3.64,18
4056,Susan Lopez,Mechanical Engineering,3.95,21
4178,Betty Williams,Mathematics,2.38,25
1287,Daniel Thompson,Chemistry,3.2,23
8343,Margaret Jackson,Economics,3.93,22
4623,Susan Hernandez,Electrical Engineering,2.21,18
2066,Jessica Davis,Computer Science,3.28,21
9099,Joseph Martin,Mechanical Engineering,2.48,23
5950,Betty White,Physics,2.41,20
1547,Anthony Smith,Mathematics,2.02,23
7599,James Moore,Data Science,2.28,25
0313,Michael Lee,Economics,3.83,23
8321,Mary Smith,Mechanical Engineering,2.4,20
3916,Linda Lewis,Civil Engineering,3.44,23
5943,Margaret Moore,Mechanical Engineering,2.36,18
3162,Jennifer Clark,Civil Engineering,3.82,18
2010,Anthony Perez,Electrical Engineering,2.76,19
7296,David Robinson,Mechanical Engineering,2.61,21
4163,Barbara Sanchez,Mathematics,3.32,24
8426,Mark Thompson,Data Science,2.24,20
4080,Betty Miller,Mechanical Engineering,3.07,23
4026,David Martin,Physics,3.95,21
2345,Sandra Johnson,History,3.23,21
0324,Margaret Moore,Civil Engineering,3.58,23
2733,Linda Johnson,Business Administration,3.59,20
0704,Margaret Taylor,Economics,3.77,21
5877,Lisa Williams,History,2.94,19
7875,Jennifer Taylor,Physics,3.5,23
1651,Jessica Taylor,Chemistry,2.36,23
0585,Thomas Thompson,Chemistry,3.43,25
4625,Jessica Rodriguez,Economics,2.8,18
3939,Michael Davis,Mechanical Engineering,2.9,21
1603,Richard Miller,Civil Engineering,2.85,24
5581,Charles Garcia,Literature,2.75,19
5459,Robert Harris,Data Science,2.59,23
4165,Linda Jackson,Computer Science,2.93,23
7796,Susan Anderson,Chemistry,2.87,23
5112,Betty Thomas,Mathematics,2.55,18
6700,Jennifer Anderson,Mechanical Engineering,2.53,19
4531,Barbara Lewis,Data Science,2.59,19
9223,Betty Rodriguez,Mechanical Engineering,2.2,19
1241,Barbara Johnson,Biology,2.4,21
5250,Nancy Hernandez,Civil Engineering,2.61,22
5045,Michael Thompson,Economics,4.0,22
0147,James Harris,Civil Engineering,2.56,23
2263,Betty Gonzalez,Physics,3.64,18
5451,Jessica Lee,Biology,3.98,20
5346,Margaret Gonzalez,Mechanical Engineering,2.45,21
4259,Jessica Davis,Biology,3.17,25
5360,Lisa Clark,Chemistry,2.68,19
1721,David Ramirez,Mechanical Engineering,2.86,24
3229,Michael Anderson,Chemistry,3.71,18
8478,Barbara Jones,Economics,3.75,22
8262,Lisa Smith,Chemistry,3.62,23
3462,David Davis,Physics,2.85,24
9136,Matthew Harris,Psychology,3.08,23
1995,Charles Smith,Economics,3.57,20
3286,Robert Hernandez,Economics,3.26,24
3463,Richard Miller,Physics,2.13,24
8498,Michael Thomas,Data Science,2.66,25
7617,Christopher Lewis,Civil Engineering,2.19,19
7675,Nancy Moore,Electrical Engineering,2.06,25
6028,James Garcia,Mechanical Engineering,2.14,24
7190,Elizabeth Miller,Mechanical Engineering,2.58,19
8589,Joseph Johnson,Mathematics,3.04,20
5136,David Ramirez,Physics,2.78,19
4958,Robert Moore,Physics,2.96,19
7093,Richard Lewis,Literature,2.41,21
3035,Elizabeth Wilson,Literature,3.42,25
6293,Jennifer Martin,Economics,3.88,21
6488,Thomas Thompson,Business Administration,2.92,21
1185,James Jones,Chemistry,2.13,24
0516,Karen Sanchez,Mechanical Engineering,3.05,25
4749,Joseph Anderson,Economics,2.08,19
1062,Elizabeth Lee,Chemistry,2.69,22
2919,Richard Martin,Literature,3.62,20
1400,Susan Davis,Electrical Engineering,3.8,24
8487,Joseph Gonzalez,Business Administration,2.37,19
8310,Richard Thompson,Computer Science,2.48,20
3002,William Lewis,Business Administration,3.08,19
5002,Daniel White,Psychology,3.8,25
3205,Susan Harris,Biology,2.24,23
5880,John Harris,Data Science,3.01,23
7142,Susan Anderson,Electrical Engineering,2.51,18
5857,Joseph Smith,Data Science,3.28,25
6401,Richard Hernandez,Psychology,2.8,21
4172,Richard Johnson,Computer Science,2.5,20
2059,David Perez,Psychology,2.93,25
5616,John Williams,Biology,3.31,25
6296,Robert Thomas,Literature,2.56,20
8168,Jennifer Clark,Computer Science,3.21,20
6602,Elizabeth Brown,Biology,3.48,20
5069,John Perez,History,2.02,22
0526,Robert Anderson,Mathematics,2.36,18
0143,Mark Perez,Biology,2.43,18
9709,Anthony Lee,History,3.05,19
4343,Richard Thompson,Civil Engineering,2.89,18
0709,Mary Harris,Physics,3.53,21
0477,Barbara Robinson,Mechanical Engineering,2.4,18
6080,Susan Smith,Computer Science,2.67,21
2966,Nancy Perez,Data Science,2.44,19
5471,Betty Clark,Literature,3.33,20
3015,Mary Wilson,Biology,2.22,23
6742,David Moore,Business Administration,2.38,21
6231,Sandra Moore,Physics,3.88,19
7457,Linda Miller,Data Science,2.71,20
8858,James Gonzalez,Business Administration,2.63,24
3327,Michael Anderson,Mechanical Engineering,2.13,22
6975,Christopher Martin,Mathematics,2.09,21
0640,Susan Martinez,History,3.2,19
1161,Daniel Moore,History,3.98,20
6378,William Brown,Economics,2.65,24
6245,Nancy Robinson,History,3.39,23
8493,Jennifer Lee,History,3.77,23
0959,Margaret Perez,Chemistry,2.14,18
6383,Karen Robinson,Economics,2.9,21
4447,Thomas Jackson,Psychology,3.98,21
3640,James Martin,History,3.79,22
0281,Linda White,Physics,3.51,19
6944,Mary Jones,Mathematics,3.0,21
9318,Robert Gonzalez,Mechanical Engineering,3.28,21
4423,Sandra White,Economics,3.98,25
7983,Lisa Lewis,Mathematics,2.27,23
1243,Christopher Sanchez,History,2.08,24
3535,Christopher Clark,Civil Engineering,3.5,21
3422,Margaret White,Mathematics,2.69,21
4909,Sarah Johnson,Business Administration,3.98,21
9247,Karen Ramirez,Physics,3.04,20
6656,Joseph Lee,Computer Science,2.13,25
4025,John Miller,Computer Science,3.27,20
6289,Michael Jones,Data Science,2.35,21
7896,Linda Taylor,Data Science,2.85,25
4443,Elizabeth Garcia,Psychology,2.4,24
3859,Jennifer Martin,Mechanical Engineering,2.61,25
4933,Christopher Miller,Civil Engineering,3.72,25
5034,John Lopez,Physics,2.76,25
2745,Joseph Wilson,Biology,3.22,24
0361,Matthew Jones,Literature,3.91,25
9529,James Harris,Physics,2.85,19
7871,Matthew Robinson,Civil Engineering,3.19,20
7294,Sarah White,Electrical Engineering,2.51,25
9474,Elizabeth Anderson,Civil Engineering,2.75,25
7005,John Hernandez,Electrical Engineering,3.43,21
9804,Robert Robinson,Mechanical Engineering,2.01,23
5444,Jessica Gonzalez,Physics,3.88,23
0169,Richard Thomas,Civil Engineering,3.28,19
0082,Susan Lewis,Computer Science,3.98,19
9696,Richard Robinson,Economics,2.32,24
0572,William Harris,History,3.44,25
4908,Christopher Thompson,Mathematics,3.39,24
3914,Sandra Wilson,Psychology,2.49,25
6190,Mary Robinson,Literature,2.72,18
7035,Daniel Perez,Business Administration,2.3,25
8076,Nancy Jones,Civil Engineering,2.49,20
7960,James Brown,History,2.18,24
9472,Richard Thompson,Economics,3.95,19
9871,Thomas Robinson,Mechanical Engineering,3.75,20
0383,Anthony Wilson,Civil Engineering,3.38,24
4179,Charles Martinez,Psychology,2.82,19
7591,Patricia Lee,Economics,3.55,23
2464,Anthony Jones,Civil Engineering,3.5,24
8999,Daniel Martinez,Computer Science,3.97,25
7783,James Brown,Data Science,3.55,24
3206,Thomas Wilson,Business Administration,2.58,24
3452,Jennifer Garcia,Mathematics,2.37,20
0418,Michael Thomas,Electrical Engineering,3.01,19
2071,Joseph Jackson,Literature,2.43,21
4037,Mary White,Electrical Engineering,3.62,21
4145,William Lewis,Literature,2.82,19
4630,Margaret Lee,Electrical Engineering,2.16,19
7165,Richard Brown,Civil Engineering,2.13,18
9961,Charles Davis,Chemistry,2.97,19
5123,James Johnson,Civil Engineering,3.5,18
0574,Nancy Jackson,History,3.98,19
8120,Michael Taylor,History,2.01,22
2668,Sandra Thomas,Chemistry,3.51,24
6671,David Lopez,Business Administration,3.78,23
5018,Anthony Davis,Mathematics,3.33,24
8737,Karen Johnson,Mathematics,3.75,19
1534,James Anderson,Literature,3.4,20
3317,James Martin,Data Science,3.74,22
8068,Daniel Harris,Literature,2.5,25
8228,Karen Perez,Business Administration,3.74,24
7475,Nancy Miller,Computer Science,3.97,23
6285,James Lee,Mathematics,3.75,23
2738,Nancy Anderson,Mechanical Engineering,3.21,24
5114,Lisa Martin,History,2.16,24
4238,Sandra Robinson,Chemistry,3.97,19
1890,Lisa Gonzalez,Civil Engineering,3.21,20
4108,Margaret Taylor,Economics,3.57,18
8665,Robert Thomas,History,2.17,25
5833,Jennifer Lewis,Chemistry,3.91,25
4750,Nancy Moore,Mechanical Engineering,2.49,20
5865,Matthew Perez,Psychology,2.18,24
7620,Daniel Smith,Electrical Engineering,3.86,23
1394,Mark Gonzalez,History,2.56,22
9723,Nancy Thomas,Business Administration,2.25,20
3285,Sandra Moore,Business Administration,3.45,19
2401,Betty Thompson,Mathematics,3.74,19
7924,Christopher Hernandez,Physics,3.82,24
3528,Christopher Lee,History,3.12,24
7098,Betty Davis,Mechanical Engineering,2.52,22
1430,John Brown,Data Science,2.68,21
3574,Lisa Brown,Economics,2.74,23
7064,Richard Jackson,Psychology,2.0,18
7225,Charles Moore,Mechanical Engineering,3.69,24
8105,David Harris,Mathematics,3.6,20
6346,Thomas Perez,Economics,3.18,19
8245,Richard Smith,Biology,3.7,23
0955,Robert Clark,Civil Engineering,3.67,25
7544,Nancy Anderson,Electrical Engineering,3.2,20
7224,Lisa Perez,Literature,3.6,18
8503,Karen Hernandez,Civil Engineering,3.0,19
3399,William Ramirez,Psychology,3.15,21
4538,Jessica Martinez,Psychology,3.93,18
6606,Betty Hernandez,Electrical Engineering,3.66,21
6876,Margaret White,History,2.45,18
6090,Sandra Ramirez,History,2.36,25
6461,Lisa Gonzalez,Civil Engineering,3.97,20
3341,James Moore,Physics,2.67,25
6711,Barbara Harris,Physics,2.78,22
4927,Elizabeth Thompson,Mechanical Engineering,3.4,24
0871,Patricia Jones,Mathematics,3.5,18
0004,Margaret Robinson,Psychology,2.61,20
3305,Charles Jones,Chemistry,3.39,22
1142,Mark Jones,Mechanical Engineering,2.44,21
3360,Lisa Lee,Computer Science,2.72,19
9679,Nancy Sanchez,Literature,2.3,24
7254,Nancy Clark,Electrical Engineering,3.85,19
0007,Barbara Thomas,Electrical Engineering,3.89,19
8813,Thomas Lee,Mathematics,3.19,20
7926,Christopher White,Physics,2.49,19
6033,Linda Gonzalez,Chemistry,2.61,20
7918,Christopher White,Physics,3.55,19
9311,Matthew Anderson,Literature,3.64,24
2971,William Lee,Business Administration,2.89,18
4760,Patricia Brown,Data Science,2.24,21
6574,James Jackson,Economics,3.97,25
9332,William Thompson,Psychology,2.19,20
1553,Richard Thomas,Business Administration,3.41,22
4881,Charles Jones,Data Science,2.65,20
9108,Richard Clark,Psychology,2.04,25
9454,John Taylor,Literature,3.17,19
8069,Matthew Harris,Mechanical Engineering,3.93,19
1284,Jennifer Ramirez,Economics,3.39,18
9277,Sarah Anderson,History,2.63,18
7536,Robert Jackson,Mechanical Engineering,3.31,19
3736,Sarah Rodriguez,Literature,3.51,19
5407,Patricia Taylor,Civil Engineering,2.73,20
4860,Susan Perez,Computer Science,2.5,18
0389,Thomas Lewis,History,2.59,25
2394,Robert Jackson,Chemistry,3.39,23
2518,Karen Moore,Biology,2.42,19
6585,Nancy Clark,Computer Science,2.47,21
1472,Robert Martinez,Literature,3.67,20
1001,Karen Moore,Mechanical Engineering,3.18,22
2734,Robert White,Economics,2.84,22
9877,William Gonzalez,Business Administration,3.81,24
9001,Joseph Williams,Civil Engineering,3.35,20
0913,Sarah Miller,Data Science,3.26,22
5466,Christopher Thompson,Business Administration,2.39,23
7384,Charles Perez,Business Administration,3.64,20
2598,Susan Clark,Electrical Engineering,2.63,24
7637,Richard Smith,Economics,2.49,22
9150,Patricia Moore,Data Science,3.37,24
7124,John Hernandez,Business Administration,2.18,23
1360,Matthew Rodriguez,Electrical Engineering,3.74,21
9468,William Smith,Data Science,2.75,21
8195,Richard Brown,History,3.85,20
2781,Thomas White,Civil Engineering,3.18,25
2328,Patricia Taylor,Mathematics,3.4,22
1672,Sarah Rodriguez,Economics,2.2,18
7304,Jennifer Hernandez,History,2.78,23
0835,Betty White,Business Administration,3.94,24
9208,Jessica Jackson,Electrical Engineering,2.52,20
4684,Nancy Jones,Electrical Engineering,2.76,22
9475,Mary Robinson,Psychology,3.28,23
1728,Daniel Harris,Mechanical Engineering,3.36,24
6510,Daniel Anderson,Electrical Engineering,2.88,23
8799,Betty Anderson,Biology,2.57,24
2678,Thomas Thompson,Literature,2.46,19
9613,Elizabeth Wilson,History,2.63,19
1621,Christopher Williams,Data Science,3.46,19
6219,Jennifer Jackson,Computer Science,2.17,22
1915,Sarah Robinson,Chemistry,3.62,18
0343,Susan Perez,Biology,3.86,20
0388,Jessica Thomas,Biology,3.37,19
4273,Richard Smith,Economics,2.38,18
4878,Daniel Wilson,Psychology,3.07,23
2303,Linda White,Business Administration,3.9,18
7883,Karen Anderson,Electrical Engineering,3.35,21
0227,Jennifer Williams,Mathematics,3.68,23
1252,Mary Wilson,Chemistry,2.76,23
6485,Patricia Hernandez,Business Administration,2.5,19
8496,Elizabeth Martinez,Chemistry,2.59,21
7716,James White,Business Administration,3.14,21
5631,Sandra Martinez,Business Administration,3.03,18
4620,Sandra Anderson,Economics,3.7,18
9671,Barbara Smith,Economics,2.92,22
0405,Barbara Brown,Computer Science,2.7,20
4624,Richard Lopez,Computer Science,2.2,25
3186,Michael Williams,Biology,3.03,20
4362,Susan Brown,Chemistry,2.01,22
2602,Linda Thomas,Physics,2.75,23
6496,Susan Lewis,Electrical Engineering,3.07,22
5879,Patricia Anderson,Business Administration,3.68,20
4877,Robert Lopez,Psychology,2.87,23
4283,Mark Ramirez,Psychology,2.4,21
2074,Elizabeth Johnson,Electrical Engineering,2.79,23
8789,Mark Johnson,Electrical Engineering,3.33,25
1495,Nancy Rodriguez,Data Science,2.84,25
7909,Betty Perez,Psychology,2.25,24
4122,Thomas White,Psychology,3.69,24
6084,Robert Brown,Data Science,3.59,20
0063,Robert Lopez,Biology,2.03,21
3079,Mary Perez,Literature,2.68,18
6787,Susan Thomas,Civil Engineering,2.56,19
1177,Matthew Wilson,Mechanical Engineering,3.24,20
1253,Linda Rodriguez,History,2.23,22
3311,Daniel Davis,Business Administration,3.64,21
0012,Jessica Thompson,History,3.62,20
8746,Michael Ramirez,Economics,3.26,20
0544,Linda Brown,Electrical Engineering,2.8,22
2161,Michael Robinson,Electrical Engineering,2.85,21
5328,John Ramirez,Computer Science,2.76,22
1903,Daniel Lee,Mechanical Engineering,2.44,24
5484,Jessica Johnson,Biology,2.85,18
0276,Elizabeth Brown,Civil Engineering,2.73,23
2666,Daniel Wilson,Mechanical Engineering,2.64,18
0735,Jennifer Johnson,Computer Science,2.1,23
3668,Michael Martinez,Chemistry,2.56,19
0198,Susan Garcia,Civil Engineering,3.9,23
4548,David Martinez,Data Science,2.19,18
1870,Nancy Moore,History,3.72,23
4393,Barbara White,History,2.72,23
8315,Linda Lee,Civil Engineering,2.42,24
7765,John Lewis,Data Science,2.26,19
2435,Mary Jackson,Business Administration,3.63,21
6716,Daniel Anderson,Data Science,2.15,23
0766,Elizabeth White,Chemistry,3.98,21
0915,Sarah White,Electrical Engineering,2.09,21
1038,Susan Moore,Psychology,2.51,23
0235,Mark Lopez,Chemistry,3.26,19
8100,Sandra Wilson,Data Science,2.97,18
0428,Jennifer Martin,Civil Engineering,3.39,20
0070,Elizabeth Johnson,Economics,2.12,21
1977,Lisa Clark,Physics,2.99,19
6276,Jennifer Anderson,History,3.02,24
4354,Richard Martin,Civil Engineering,2.41,18
3127,Jennifer Jackson,Mechanical Engineering,3.18,18
1175,Mark Robinson,History,3.03,22
5578,Elizabeth Ramirez,Mechanical Engineering,2.59,22
7751,Sarah Brown,Electrical Engineering,2.45,21
4426,Elizabeth Johnson,Business Administration,2.3,22
0678,Sandra Jones,Civil Engineering,3.75,18
2542,Christopher Davis,Literature,2.42,19
8978,James Lee,Mathematics,3.27,23
9762,David Williams,Psychology,3.77,22
7823,Lisa Jones,Physics,3.8,22
6493,David Johnson,Business Administration,3.63,23
4269,Linda White,Civil Engineering,2.35,18
1460,Sarah Perez,Literature,3.56,19
5181,Lisa White,Psychology,2.76,22
1028,Margaret Lee,Business Administration,3.21,21
7959,Anthony Anderson,Mechanical Engineering,2.65,21
9371,Charles Lee,History,3.72,24
1936,Robert Anderson,Mechanical Engineering,3.46,24
0802,Barbara Jones,Chemistry,2.19,20
6539,Joseph Garcia,Literature,3.72,21
4260,Charles Thomas,Psychology,2.36,22
4146,James Martinez,Electrical Engineering,3.77,24
1634,Nancy Martin,Mechanical Engineering,2.14,19
4217,Susan Davis,Chemistry,3.82,24
0557,Patricia White,Biology,2.27,18
4610,Karen Brown,Physics,2.77,19
0930,Anthony Smith,History,3.66,18
7563,Robert Davis,History,2.17,20
9894,Christopher Martin,Computer Science,3.58,18
5801,Betty Brown,Biology,3.47,23
2559,Margaret Thompson,Data Science,2.4,25
7334,Matthew Jackson,Chemistry,3.63,22
1677,David Thomas,Electrical Engineering,2.49,22
2544,Christopher Moore,Data Science,2.04,18
4297,Patricia Moore,Civil Engineering,2.21,24
8815,Robert Smith,Mechanical Engineering,2.05,24
5982,Richard Jones,Mathematics,3.31,21
0292,Sandra Lewis,Business Administration,2.77,19
4302,Jessica Garcia,Data Science,2.45,22
4263,Barbara Williams,Economics,2.67,23
8420,Sandra Robinson,Data Science,3.79,20
6271,Jennifer Wilson,Biology,2.67,20
3762,Nancy Wilson,Electrical Engineering,3.79,22
1649,Karen Clark,Civil Engineering,2.7,19
7310,William Robinson,Chemistry,3.32,22
2859,Betty Robinson,Psychology,3.6,18
0966,Margaret Robinson,Electrical Engineering,3.56,20
6901,David Jones,Physics,2.89,25
7703,Anthony Williams,Data Science,3.16,22
4972,Robert Williams,Mathematics,3.99,20
9558,Matthew Gonzalez,Mathematics,2.64,24
2130,Jessica Thompson,Physics,3.2,23
1549,Robert Sanchez,Business Administration,3.84,24
1570,Susan Moore,Chemistry,3.08,25
2393,Sarah Moore,Literature,2.46,19
1481,Charles Thompson,Physics,3.05,21
3358,Daniel Williams,Mechanical Engineering,2.72,21
6238,Margaret Smith,Mathematics,3.12,20
2756,Sandra Brown,Computer Science,3.82,23
4044,Margaret Ramirez,Literature,3.56,20
7686,Elizabeth Anderson,Electrical Engineering,3.67,24
6416,Linda Miller,Literature,2.45,20
4464,Patricia Thompson,Psychology,2.29,18
2025,Daniel Wilson,Mathematics,2.11,19
0847,Nancy Jackson,Data Science,2.95,20
3370,James Jones,Mathematics,2.28,21
8134,John Smith,Economics,3.66,24
7286,Robert Harris,Electrical Engineering,2.94,20
8931,Lisa Taylor,Psychology,3.9,25
3529,Susan White,Mathematics,2.89,18
4207,Elizabeth Brown,Electrical Engineering,2.12,18
1590,Karen Harris,Electrical Engineering,3.01,18
5271,Richard Clark,Physics,3.36,25
9657,Sarah Thompson,Literature,2.52,22
1417,Daniel Davis,Physics,3.86,22
5803,John Taylor,Physics,3.96,20
7678,Lisa Miller,Physics,3.24,21
1352,Richard Garcia,Literature,3.49,19
8319,Anthony Thompson,Chemistry,2.95,24
7232,Anthony Gonzalez,Electrical Engineering,2.11,23
5436,Christopher Wilson,Mechanical Engineering,2.54,19
5867,John Lopez,Economics,3.56,23
7850,James Davis,Civil Engineering,2.33,19
3248,John Miller,Economics,2.02,22
9104,Michael Moore,Mechanical Engineering,3.28,18
4809,Linda Rodriguez,Data Science,3.95,18
1757,Charles Sanchez,Chemistry,2.09,23
0109,John Martinez,Computer Science,3.96,22
7598,Richard Taylor,Mechanical Engineering,2.63,24
5607,Lisa Lopez,Electrical Engineering,3.41,19
2193,David Wilson,Psychology,3.01,20
8646,James Jackson,History,2.76,18
8001,Elizabeth Garcia,Electrical Engineering,3.36,19
0855,Mark Lee,Data Science,3.91,21
0899,Mark Miller,History,3.36,20
6853,Matthew Thompson,Electrical Engineering,3.99,23
8583,Joseph Sanchez,Electrical Engineering,2.68,23
2517,Karen Ramirez,Physics,2.08,24
0364,Linda Miller,Economics,3.21,20
2402,Charles Lee,Chemistry,2.19,18
9486,Robert Harris,Literature,2.62,19
7031,Jessica Brown,Chemistry,2.63,22
7747,Jennifer Williams,Civil Engineering,3.15,23
5504,John Williams,Electrical Engineering,3.42,25
7821,William Thomas,Civil Engineering,3.53,25
1183,Christopher Robinson,Electrical Engineering,3.88,25
1309,Mary Lopez,Literature,2.57,24
4798,Margaret Martin,Business Administration,2.26,23
4008,Thomas Ramirez,Economics,3.9,23
7928,John Perez,Physics,3.01,22
2893,Mark Lewis,Business Administration,2.09,18
0509,Lisa Sanchez,Mechanical Engineering,3.4,18
1136,Robert Ramirez,Data Science,2.58,20
1854,Charles Gonzalez,Literature,2.15,24
9554,Margaret Anderson,Business Administration,2.19,25
7766,Joseph Lee,Biology,3.8,25
2982,Patricia Williams,Electrical Engineering,3.46,24
2488,Matthew Wilson,Mechanical Engineering,2.8,19
8217,David Hernandez,Economics,2.97,25
9750,Patricia Rodriguez,Chemistry,2.08,20
2773,Jessica Jones,Business Administration,2.43,18
2729,Karen Harris,Physics,2.12,23
3128,Betty Wilson,Chemistry,2.43,21
3066,Margaret Smith,History,3.37,22
2005,William Lee,Electrical Engineering,2.17,19
2999,William Gonzalez,Data Science,2.6,25
9860,Margaret Wilson,Biology,2.43,22
0860,Jennifer Clark,Computer Science,2.18,24
4084,David Harris,Civil Engineering,2.33,23
4266,Susan Thomas,Chemistry,3.07,20
5243,Daniel Wilson,Mathematics,3.83,24
5356,Anthony Smith,Biology,3.57,21
0457,John White,Business Administration,3.16,20
3567,David Perez,Literature,3.88,23
6247,James Jones,Chemistry,3.87,25
1589,Margaret Hernandez,Data Science,3.58,24
3865,William Taylor,Psychology,2.01,25
7197,Anthony Ramirez,Electrical Engineering,3.27,19
5653,Mary Miller,Psychology,3.96,24
0666,Daniel Moore,History,2.33,24
2092,Michael Lopez,Mechanical Engineering,3.9,18
9775,Barbara Clark,Mathematics,2.03,22
4076,Thomas Clark,Literature,2.25,25
0917,Christopher Anderson,Physics,2.82,23
3513,Anthony Moore,Physics,3.05,23
9414,Patricia Robinson,Electrical Engineering,2.92,23
1914,Jennifer Moore,Economics,2.33,24
3747,Richard Martinez,Literature,3.32,24
9831,Christopher Martinez,Psychology,3.24,19
9667,John Sanchez,Literature,2.21,18
5480,Karen Robinson,Physics,2.21,19
3379,Christopher Anderson,Biology,3.16,18
6463,Nancy Martinez,Literature,2.84,21
4321,Matthew Anderson,Biology,2.76,21
5102,Margaret Thomas,Data Science,2.7,25
1639,Susan Robinson,Literature,3.29,24
4275,James Lopez,History,2.45,22
6718,William Lewis,Business Administration,2.53,24
0768,Nancy Davis,Computer Science,3.8,24
2469,Mary Smith,Computer Science,2.31,23
2789,Anthony Clark,Biology,3.64,23
7595,David Garcia,Economics,3.99,21
6359,Sarah Gonzalez,Mechanical Engineering,3.23,24
7588,Anthony Johnson,History,3.86,24
6047,Robert Lee,Physics,3.95,20
3822,Richard Lewis,Mathematics,3.03,24
4903,Linda Brown,Psychology,3.6,19
9949,Christopher Jackson,History,2.78,22
8552,Anthony Moore,Electrical Engineering,3.9,21
2889,John Williams,Computer Science,2.87,20
3081,James Martin,Psychology,3.09,19
0682,Charles Gonzalez,Computer Science,3.48,20
3053,Joseph Lee,Business Administration,3.56,20
4998,Linda Lee,Mechanical Engineering,2.59,21
3188,Lisa Harris,History,3.57,22
0797,Nancy Johnson,Civil Engineering,2.17,20
1690,Christopher Smith,Business Administration,3.97,19
4495,Patricia Anderson,Economics,2.25,20
3095,Elizabeth Rodriguez,Electrical Engineering,2.19,25
3784,Margaret Lopez,Literature,2.42,19
0687,Jessica Sanchez,Computer Science,2.83,25
0918,Christopher Williams,Mechanical Engineering,3.37,24
6121,Mark Hernandez,Business Administration,3.82,20
9376,Jennifer Martinez,Computer Science,3.81,18
6954,Patricia Hernandez,Mathematics,2.97,18
0286,Jennifer Taylor,Psychology,2.51,19
2213,Michael Martin,Computer Science,3.07,20
8075,Michael Ramirez,Mathematics,2.23,21
8244,James Hernandez,Electrical Engineering,2.44,20
8439,William Rodriguez,Chemistry,2.4,19
9046,Barbara Thompson,Biology,3.3,25
2446,Lisa Sanchez,Chemistry,2.87,24
9735,Sandra Miller,Civil Engineering,2.35,22
4418,Richard Brown,Economics,3.59,22
6030,Jennifer Sanchez,Mechanical Engineering,3.91,25
7076,Susan Lewis,Chemistry,2.85,22
2539,Anthony Hernandez,Economics,2.22,24
3276,Susan Miller,Economics,2.71,19
8917,Joseph Garcia,Computer Science,3.92,22
5125,Charles Wilson,Civil Engineering,3.21,23
5011,Richard Smith,Data Science,2.36,23
0411,Susan Sanchez,Electrical Engineering,2.72,19
5320,Michael Perez,Mathematics,2.74,23
3047,Patricia Smith,Mathematics,3.38,23
9943,Michael Anderson,Economics,3.59,21
4907,Sarah Williams,Physics,2.57,21
3512,Thomas Miller,Data Science,3.12,19
7790,Charles Lewis,Business Administration,2.84,24
8471,David Clark,Mathematics,2.4,18
0453,Betty Thomas,Chemistry,2.09,22
3720,Susan Brown,Data Science,2.91,23
0615,Charles Gonzalez,Mechanical Engineering,3.15,22
5301,James Lee,History,3.71,18
0469,Sandra Anderson,Civil Engineering,2.26,24
6857,Mary Lewis,Biology,3.84,18
1505,David Lee,Computer Science,2.14,19
5475,Anthony Sanchez,Physics,3.45,22
3336,David Harris,Mathematics,2.8,23
8945,Jessica Martin,Computer Science,2.79,25
6262,Jessica Ramirez,Business Administration,3.93,19
5791,Anthony Lopez,Economics,2.21,21
2740,Mary Clark,Computer Science,2.28,23
9720,Margaret Thompson,Psychology,2.87,20
7200,John Miller,Psychology,3.8,23
7125,Anthony Lewis,Biology,3.98,18
4882,William Lewis,History,2.09,18
6922,Elizabeth Williams,Civil Engineering,2.66,24
9730,William Thompson,Electrical Engineering,3.85,25
8389,Patricia Jones,Mathematics,3.72,24
0517,Christopher Anderson,Business Administration,2.24,21
7949,Charles Thomas,Business Administration,2.98,22
1157,David Harris,Psychology,2.97,19
2604,William Harris,Civil Engineering,3.42,23
5141,Sarah Clark,Literature,2.48,21
7082,Daniel Williams,Data Science,3.94,18
2731,Michael Smith,Business Administration,2.43,24
6765,Michael Thomas,Data Science,2.68,23
9406,Matthew Martinez,Psychology,2.91,20
9623,Margaret Taylor,Data Science,3.83,21
4964,Sandra Lopez,Physics,3.95,21
8826,Matthew Gonzalez,Mechanical Engineering,2.14,24
4409,Jennifer Perez,Civil Engineering,3.9,19
5341,Robert Anderson,Data Science,3.49,21
2688,James Lewis,Chemistry,2.37,18
1021,Jessica Perez,Biology,2.91,22
3506,Patricia Robinson,Biology,2.17,24
7094,Michael Jones,Physics,3.0,23
4079,Mary Anderson,Civil Engineering,2.74,18
0680,Christopher Gonzalez,Psychology,3.86,21
9316,Elizabeth Miller,Physics,2.35,22
3316,Thomas Martin,Chemistry,3.04,19
8241,Nancy Johnson,Business Administration,2.5,19
9862,Linda Brown,Computer Science,3.79,22
3493,Linda Williams,Biology,2.2,21
1073,Mark Martin,Psychology,3.43,24
4580,Richard Brown,Mechanical Engineering,3.47,22
2839,Jessica Miller,Electrical Engineering,3.57,23
5066,Christopher Martinez,Psychology,3.19,18
2960,Patricia Garcia,Biology,3.82,25
1295,Lisa Martinez,Literature,3.81,21
4582,Jennifer Hernandez,Business Administration,2.14,20
2106,David Lewis,Chemistry,2.28,18
3561,Nancy Thomas,Physics,2.67,20
0051,William Lewis,Data Science,2.34,18
5132,Karen Lopez,Chemistry,3.17,25
6564,Margaret Davis,Chemistry,2.22,18
0527,Charles Perez,Civil Engineering,3.67,20
3713,Matthew Jones,History,2.19,22
3117,Betty White,Mathematics,2.91,23
7695,Sarah Rodriguez,Business Administration,2.97,23
6830,Joseph Smith,Literature,2.71,23
1596,Mark Taylor,History,3.33,25
5492,Patricia Rodriguez,Business Administration,3.04,18
5048,Robert Wilson,Literature,2.44,20
3401,Barbara Thomas,Computer Science,2.49,24
6153,Barbara Miller,Psychology,2.18,24
1072,Christopher Brown,Civil Engineering,3.75,25
3096,Mark Taylor,Electrical Engineering,2.53,23
2407,Mark Hernandez,Physics,3.18,22
0632,Elizabeth Miller,Computer Science,3.16,23
7307,Anthony Martin,Data Science,2.87,25
4289,Charles Sanchez,History,2.69,19
9118,James Thomas,Business Administration,2.29,20
4330,Thomas Martinez,Economics,3.12,20
0032,Elizabeth Thomas,Civil Engineering,2.13,22
8365,James Anderson,Computer Science,2.43,19
2829,Mary Thomas,Civil Engineering,2.01,23
3597,Nancy Clark,Computer Science,2.1,20
6101,Barbara Lewis,Civil Engineering,3.57,20
3451,John Thompson,Civil Engineering,2.29,21
7631,Susan Jackson,Data Science,2.58,18
0809,Jessica Robinson,Mathematics,2.5,24
1550,Susan Gonzalez,Data Science,3.79,22
1712,Karen Martinez,Electrical Engineering,3.13,23
7715,Betty Jackson,Electrical Engineering,3.37,21
9651,William Jones,Physics,3.11,22
8324,Elizabeth Williams,Civil Engineering,3.13,25
6112,Sarah Garcia,Physics,3.56,24
2375,Patricia Jones,Biology,2.88,23
5506,Thomas Robinson,Business Administration,3.43,25
0503,Barbara Wilson,Chemistry,2.84,24
1520,Joseph Smith,Biology,2.05,24
8144,John Harris,Electrical Engineering,3.23,22
9259,Betty Davis,Economics,3.02,20
3293,Karen Moore,Economics,3.76,18
5996,Matthew Ramirez,Physics,2.25,18
2396,Joseph Sanchez,History,3.75,25
2054,Anthony Johnson,Data Science,2.11,19
7725,David Martin,Data Science,3.64,25
0212,Daniel Hernandez,Literature,2.12,18
4883,Daniel Miller,Biology,2.29,25
2787,Robert Davis,Business Administration,3.28,20
8299,Elizabeth Lee,Civil Engineering,3.44,18
3769,Betty Thomas,Economics,3.38,19
0668,John Smith,Electrical Engineering,3.21,19
6088,Thomas Brown,Mechanical Engineering,2.41,25
3836,James Clark,Biology,2.89,18
9965,Sandra Brown,Civil Engineering,2.81,20
6705,Anthony Davis,Literature,3.7,22
1516,Anthony Martin,Business Administration,2.88,19
7121,Susan Jones,Business Administration,2.04,20
3481,Anthony White,Business Administration,2.48,21
9353,Jessica Thomas,Civil Engineering,2.58,19
5744,Charles Thomas,Mathematics,3.34,24
1510,Richard Thompson,History,2.21,24
7445,Anthony Wilson,Electrical Engineering,2.06,25
7023,Patricia Jackson,Physics,2.02,22
0448,Mary Lee,Business Administration,3.79,25
2739,Mary Robinson,Mathematics,3.93,25
9899,Mark White,Chemistry,2.55,20
9422,Barbara Taylor,Literature,3.72,21
7556,Barbara Lewis,Psychology,3.05,19
5668,Jennifer Lee,Electrical Engineering,2.7,23
4229,Joseph Thompson,Literature,3.57,22
4091,Betty Harris,Business Administration,2.61,24
5784,John Robinson,Literature,3.29,24
3397,Jessica Martin,Business Administration,2.36,22
0661,Robert Thompson,Mathematics,3.18,23
7834,Charles Martin,Literature,2.81,18
3808,James Ramirez,Psychology,2.32,19
7530,Nancy Brown,Chemistry,3.87,25
9360,David Harris,Mechanical Engineering,3.96,21
3487,Patricia Lewis,Electrical Engineering,3.46,24
3936,Matthew Wilson,Data Science,2.12,22
0914,Patricia Johnson,Literature,3.5,25
2998,Matthew Lopez,Economics,3.26,18
6582,Sandra Garcia,Mathematics,2.22,25
3177,Richard Jones,Business Administration,3.15,21
3436,Michael Rodriguez,Chemistry,2.88,22
4055,Linda Miller,Psychology,2.32,21
0019,John Jackson,Computer Science,3.26,19
4626,Michael Johnson,History,2.28,18
3004,Barbara Harris,Physics,3.14,19
8021,David Garcia,Business Administration,3.46,25
9557,Michael Clark,Mechanical Engineering,3.14,25
8132,Thomas Lopez,Mathematics,3.24,20
4817,Betty Williams,Chemistry,2.86,24
7626,Margaret Williams,Economics,2.16,22
1659,Patricia Brown,Chemistry,2.46,23
2079,James Davis,Literature,3.88,22
7662,Richard Thompson,Mathematics,2.14,20
3222,Elizabeth Williams,Biology,3.15,22
0037,Richard Martin,Computer Science,3.09,19
1710,Charles Thomas,Civil Engineering,3.31,18
1909,David Wilson,Civil Engineering,2.4,18
8293,Robert Miller,Biology,3.63,23
4310,Sandra Harris,Business Administration,3.82,18
9818,Linda Thomas,Data Science,3.61,18
3055,Barbara Williams,Physics,3.2,19
5160,Mark Moore,Chemistry,3.89,22
3570,Lisa Johnson,Data Science,2.07,21
4968,Christopher Lopez,Physics,2.96,21
0105,James Robinson,Computer Science,2.05,21
1027,Sarah Martin,Literature,2.76,18
8157,Sarah Thomas,Computer Science,2.77,24
9212,Daniel Jones,Physics,3.4,20
4967,Patricia Anderson,Data Science,3.79,23
7726,Barbara Miller,Mathematics,2.87,18
1581,Linda Davis,Data Science,3.18,21
5162,Susan White,History,3.78,18
3992,Betty Smith,Literature,3.44,18
2869,John Johnson,Electrical Engineering,2.88,22
3156,Mary Hernandez,Mathematics,3.2,21
2246,Elizabeth Jones,Economics,2.8,19
5340,Nancy Williams,Data Science,2.5,21
2491,Jessica Thompson,Psychology,3.63,21
8735,Joseph Thompson,Civil Engineering,3.88,22
6386,Margaret Lee,Mechanical Engineering,3.05,22
8722,David Thompson,Biology,3.01,18
0170,Barbara Lewis,Physics,3.41,25
0806,William Williams,Mechanical Engineering,3.82,21
9919,Elizabeth White,Biology,2.42,23
3197,Lisa Clark,History,2.28,21
6635,Daniel Anderson,Business Administration,3.53,19
7824,James Thomas,Literature,2.07,22
0896,Charles Gonzalez,Civil Engineering,3.65,19
6160,Mary Rodriguez,Literature,3.22,25
1738,James Ramirez,Physics,2.77,18
7849,Linda Miller,Physics,2.37,24
3418,Sarah Johnson,Business Administration,2.61,23
9313,Sandra Smith,Economics,3.51,23
4034,Sandra Clark,Civil Engineering,3.62,21
3877,Matthew Smith,Mathematics,3.45,24
2081,Margaret Wilson,History,3.46,18
0148,Betty Brown,Biology,2.78,22
4512,Margaret Moore,Chemistry,2.85,22
1447,Jennifer Gonzalez,Chemistry,3.49,21
2321,Robert Robinson,Computer Science,2.56,22
9555,John Davis,History,3.09,23
0192,Charles Gonzalez,Computer Science,3.23,23
2309,William Perez,Civil Engineering,3.56,18
3783,Patricia Martinez,Economics,3.32,22
2775,Margaret Garcia,Chemistry,2.93,25
1537,James Anderson,Computer Science,3.93,25
5201,Christopher Ramirez,Biology,2.44,18
4900,Charles Williams,Civil Engineering,3.79,23
4556,John Anderson,Electrical Engineering,2.52,22
0089,William Ramirez,Chemistry,2.25,20
2674,Robert Ramirez,Economics,3.31,21
8243,Patricia Lee,Computer Science,2.37,25
5816,Charles Hernandez,Computer Science,3.11,21
3797,Mary Thompson,Civil Engineering,3.95,18
0813,Nancy Ramirez,Literature,3.7,18
8162,Karen Davis,Mathematics,2.22,25
6899,Patricia Taylor,Data Science,2.47,23
5118,Charles Lopez,Literature,3.65,24
6456,John Lee,Physics,3.75,20
5389,James Hernandez,Economics,3.58,23
4314,Susan Lewis,Business Administration,2.75,22
8208,Karen Smith,Electrical Engineering,2.74,22
2581,Sandra Jones,Economics,2.05,21
5853,Betty Hernandez,Biology,3.43,23
9565,Michael Gonzalez,Literature,3.17,20
3965,Richard Harris,Business Administration,2.16,19
3829,Sandra Davis,Economics,3.01,24
4166,Sarah White,Data Science,3.7,18
4124,Karen Thomas,Business Administration,3.05,25
5156,David Rodriguez,Mechanical Engineering,3.67,22
6743,Sandra Davis,Mathematics,2.49,23
1967,Linda Anderson,Mathematics,3.5,19
2478,Daniel Davis,Chemistry,3.47,24
4024,Barbara Williams,Mathematics,3.12,19
0988,Sandra Lopez,Business Administration,2.97,21
2354,Joseph Sanchez,Physics,2.46,20
0547,Sandra Moore,Mechanical Engineering,3.55,24
2297,Nancy Jackson,Business Administration,2.28,22
1005,Betty Martinez,Mathematics,2.63,19
5282,Susan Wilson,Biology,3.97,25
8093,Christopher Lewis,History,2.4,20
8235,Mark Anderson,Computer Science,2.33,24
9660,William Harris,Biology,3.42,25
0080,Lisa Brown,Electrical Engineering,3.74,24
4301,James Thompson,Electrical Engineering,3.98,20
0983,Thomas Ramirez,Biology,3.84,24
2242,Barbara Jones,Physics,3.39,21
9205,Daniel Martinez,Data Science,2.67,23
5202,Charles Martin,Economics,2.22,18
4101,John White,Mathematics,3.9,24
4912,Christopher Anderson,Psychology,3.67,22
7468,Matthew Thomas,Psychology,2.27,20
9878,Lisa Harris,Economics,3.83,19
3014,Robert Lewis,Computer Science,3.19,23
4761,Nancy Lee,Chemistry,2.76,25
1733,Jennifer Taylor,Psychology,3.18,19
7479,Linda Martinez,Chemistry,2.68,24
4107,Elizabeth Hernandez,Physics,2.64,20
4281,Robert Johnson,Literature,3.89,21
5073,Susan Taylor,Civil Engineering,3.15,23
9665,Patricia Lopez,Civil Engineering,2.33,22
2643,William Thomas,Chemistry,2.45,20
3198,Elizabeth Robinson,Civil Engineering,3.98,19
2400,Sandra Davis,Business Administration,2.56,19
8468,Michael Moore,Literature,3.02,20
8648,James Martin,Computer Science,3.92,21
0473,James Thomas,Literature,3.64,23
6727,Michael Martinez,Economics,2.85,25
0758,Thomas Jones,Literature,2.91,19
0116,Daniel Thompson,Literature,2.24,24
7476,Jessica Rodriguez,Data Science,3.73,22
5402,Lisa Perez,Data Science,3.94,19
4202,Lisa Sanchez,Mechanical Engineering,3.45,23
8210,Jennifer Taylor,Mathematics,2.55,19
4838,Daniel Thompson,Mathematics,3.78,18
0260,Susan Brown,Psychology,3.59,23
0363,Michael Clark,Biology,3.32,18
2169,Christopher Lee,Computer Science,2.49,24
5307,Margaret Davis,Business Administration,2.39,25
6151,Robert Thomas,Literature,2.37,25
2743,Elizabeth Jones,Mechanical Engineering,3.27,19
0676,Thomas Ramirez,Psychology,3.5,18
7130,Susan Williams,Chemistry,3.12,21
5501,Daniel Garcia,Computer Science,2.84,22
3028,Karen Gonzalez,Business Administration,3.17,23
8209,Jessica Taylor,Business Administration,3.91,22
3477,Anthony Davis,Civil Engineering,3.34,25
0110,Betty Lee,Physics,3.2,25
4143,Elizabeth Brown,Mechanical Engineering,2.22,22
9328,Susan Anderson,Mathematics,2.49,24
2429,Patricia Garcia,Chemistry,3.91,19
8489,Barbara Thompson,Physics,3.41,25
4592,Anthony Sanchez,Literature,2.98,24
7447,Nancy Davis,Computer Science,2.58,21
7623,Mark Ramirez,History,2.82,23
4887,William Perez,Mathematics,2.82,25
5398,Susan Gonzalez,Civil Engineering,3.82,22
9085,Jessica White,Mechanical Engineering,2.68,18
4001,Elizabeth Anderson,Physics,2.44,20
0877,Sarah Miller,History,3.25,23
1781,Robert Martin,Biology,2.04,18
9653,Betty Gonzalez,Data Science,3.56,23
5455,Sandra Lopez,History,3.53,19
7885,Christopher Johnson,Biology,2.42,21
4120,Jennifer Clark,Biology,2.79,21
1648,Elizabeth Sanchez,Electrical Engineering,3.82,23
0081,Susan Miller,Biology,3.47,18
8232,Mary Ramirez,Computer Science,3.51,19
6025,Thomas Gonzalez,History,2.97,20
7818,Elizabeth Martinez,Computer Science,2.46,21
0085,Mary Rodriguez,Psychology,2.25,24
8652,Christopher Gonzalez,Electrical Engineering,3.64,22
3905,Margaret Williams,Data Science,2.15,24
4615,James Smith,Psychology,3.66,20
7557,Patricia White,Economics,3.59,21
4574,Anthony Martin,Literature,2.62,23
4203,Susan Taylor,Psychology,2.05,22
3153,Joseph Miller,Data Science,2.53,25
4662,Richard Martinez,Physics,2.19,24
8700,Sarah Rodriguez,Chemistry,2.57,21
5251,Richard Smith,Chemistry,3.46,23
4819,Matthew Moore,Psychology,2.22,21
3038,Charles Smith,Physics,3.54,25
3340,Barbara Thomas,Economics,2.22,22
1333,David Jones,History,3.26,19
4884,Patricia Moore,Electrical Engineering,2.42,25
5218,Charles Davis,Data Science,2.28,25
5945,Thomas White,Literature,3.13,21
3840,Mary Harris,Chemistry,2.5,22
1699,Lisa Hernandez,Literature,2.3,23
0190,Daniel Jackson,Economics,2.81,18
7148,William Thompson,Mechanical Engineering,3.51,25
0377,Sarah Thomas,Mathematics,3.92,21
7092,David Anderson,Psychology,2.97,19
5544,Sandra Brown,Physics,3.4,24
2720,Robert Harris,Computer Science,2.32,19
7211,Jennifer Miller,Chemistry,3.74,19
9627,Mary Lewis,Physics,2.99,25
1345,Robert White,Literature,3.09,24
7387,James Martinez,Data Science,2.87,22
9004,Lisa Robinson,Business Administration,2.54,23
1282,Karen Lewis,Mathematics,3.13,20
2179,Robert Martinez,Biology,3.37,23
9236,Thomas Martin,Civil Engineering,2.94,21
7002,Sandra Hernandez,Psychology,3.44,20
6168,Jennifer Taylor,Psychology,3.66,18
1428,David Wilson,Electrical Engineering,2.3,19
8605,James Martinez,Psychology,2.38,19
4841,Sarah Anderson,Mathematics,2.19,25
2270,Karen Garcia,Data Science,2.7,21
5109,Barbara Lee,Computer Science,3.86,22
6023,Elizabeth Clark,Literature,2.85,22
6309,Barbara Martin,History,2.81,22
1457,Sarah Moore,Business Administration,3.32,19
1736,Charles Jones,Data Science,3.46,22
2269,Jennifer Rodriguez,Economics,2.2,24
5177,David Jackson,History,3.71,22
5677,Betty White,Literature,3.23,25
4976,Michael Garcia,Computer Science,3.57,21
5910,John Robinson,History,3.23,20
8545,Jennifer Thomas,Literature,2.0,19
9121,Mark Johnson,Electrical Engineering,3.02,25
3348,Susan Perez,Chemistry,2.65,19
8183,Linda Moore,Physics,2.75,24
2924,Daniel Thomas,Mathematics,2.62,23
5951,Thomas Williams,Economics,3.68,20
1803,Christopher Clark,Civil Engineering,3.42,24
6673,Sarah Anderson,Chemistry,3.39,22
1114,Nancy Brown,Biology,3.8,23
9588,Jennifer Smith,Literature,2.73,25
6761,Matthew Perez,Mathematics,3.46,21
5963,Karen Moore,Mechanical Engineering,2.76,20
7052,Sandra White,Computer Science,2.39,23
8990,Thomas Miller,Computer Science,3.17,23
6031,Patricia Robinson,Mathematics,3.83,18
4492,Karen Rodriguez,Computer Science,3.29,25
8632,Richard Johnson,Psychology,3.41,22
9403,Christopher Johnson,Economics,3.65,25
2216,Karen Lee,Chemistry,2.98,25
6551,Lisa Ramirez,Business Administration,3.5,19
7263,Mary Lopez,Computer Science,3.23,20
0245,Daniel White,Electrical Engineering,3.74,20
7026,John Wilson,Literature,3.69,18
8964,Joseph Lee,Psychology,2.12,19
1953,Margaret Moore,Civil Engineering,3.97,21
0094,Christopher Martin,Psychology,2.03,23
6848,Mark Thompson,Electrical Engineering,3.81,23
9257,Thomas Smith,Business Administration,2.81,18
6642,John Miller,Literature,3.52,20
7697,Lisa Rodriguez,Data Science,2.35,18
9911,William Martin,Mechanical Engineering,3.38,24
2294,Jennifer Lee,Psychology,3.68,18
4904,Elizabeth Rodriguez,Biology,2.7,23
8192,Joseph Jackson,Literature,3.39,25
8061,John Brown,Data Science,2.37,19
9148,Jennifer Hernandez,Economics,3.25,18
6695,Matthew Garcia,History,2.02,23
0049,Joseph Williams,Psychology,3.89,22
6250,Anthony Perez,Business Administration,3.89,21
2794,Lisa Harris,Psychology,2.27,18
4194,Richard Thompson,Civil Engineering,2.36,20
4171,Charles Hernandez,Physics,2.45,21
0816,William Lewis,Mechanical Engineering,2.35,22
1727,William Thompson,Chemistry,2.53,25
2931,Barbara Jackson,Mathematics,2.7,25
7108,Anthony Lee,Business Administration,3.66,18
0970,Anthony Jackson,Physics,2.31,21
5010,Daniel Wilson,Mathematics,3.29,22
2736,Michael Hernandez,Psychology,3.94,22
6380,John Taylor,History,2.42,21
6010,Joseph Rodriguez,Computer Science,3.84,20
1653,Jessica Jones,Chemistry,3.17,23
9584,Charles Gonzalez,Business Administration,3.18,18
3815,David Thompson,Data Science,3.26,18
6820,Jennifer Wilson,Chemistry,2.67,19
0673,Jennifer Robinson,Mathematics,2.61,25
1405,Sarah Garcia,History,2.04,25
6005,Charles Jackson,Psychology,2.87,24
4062,Jessica Clark,Mechanical Engineering,2.51,23
8896,Karen Hernandez,Chemistry,3.36,22
6399,Mary Robinson,Mechanical Engineering,3.53,19
6933,Susan Wilson,History,2.54,24
6178,Charles Smith,Electrical Engineering,3.02,22
0724,Mark Martin,Psychology,3.89,21
6923,Charles Harris,Electrical Engineering,2.26,23
0471,Betty Johnson,Data Science,2.62,20
1044,Betty Lopez,Chemistry,2.79,25
2735,James Perez,Electrical Engineering,2.4,20
9460,Elizabeth Martinez,Data Science,2.37,21
6969,Susan Williams,Psychology,2.49,23
5861,James Thomas,Electrical Engineering,2.69,25
9410,Sarah Perez,Physics,3.4,25
2860,Nancy Gonzalez,Literature,2.93,21
8264,Matthew Robinson,Data Science,2.78,23
3831,Matthew Robinson,Electrical Engineering,2.8,23
1770,Mark Martinez,Literature,3.35,24
5672,Karen Gonzalez,Biology,2.14,25
0124,Nancy White,Economics,2.05,20
1822,Matthew Davis,Mathematics,2.72,18
9685,Karen Martin,History,2.8,19
9710,Christopher Davis,Electrical Engineering,3.0,18
3767,Michael Martinez,Physics,2.19,24
4160,Christopher Garcia,Physics,2.3,22
1613,Richard Perez,Literature,2.96,22
4410,Susan Garcia,Electrical Engineering,2.8,19
8101,Joseph Sanchez,Data Science,2.69,19
7982,Christopher Ramirez,Physics,3.61,18
6183,Jennifer Hernandez,Electrical Engineering,3.15,24
2874,Nancy Anderson,Computer Science,2.97,24
5351,Susan Harris,Computer Science,2.61,22
5565,Lisa Lee,Data Science,3.21,25
3424,Thomas Lopez,History,2.95,23
3091,Margaret Moore,Mathematics,2.22,20
1944,Susan Moore,History,2.77,19
7001,Robert Smith,Mathematics,3.9,22
3019,Michael Taylor,Literature,3.23,25
4638,Susan Johnson,Chemistry,2.56,19
3579,Margaret Thomas,Chemistry,2.73,23
4355,William Wilson,Mathematics,3.35,18
0417,Sarah Rodriguez,Electrical Engineering,2.59,24
0191,James Anderson,Mathematics,2.6,18
2667,Karen Brown,Mathematics,3.46,24
1667,Linda Garcia,Data Science,3.07,20
5639,Lisa Jones,Business Administration,2.99,22
0230,Barbara Anderson,Psychology,3.23,25
5743,Mary Williams,Mathematics,2.75,20
0937,Karen White,Business Administration,3.62,19
5204,Richard Taylor,Psychology,2.16,22
9610,Susan Gonzalez,Computer Science,2.37,22
3780,Lisa Lee,Psychology,3.77,24
7446,Patricia Sanchez,Mechanical Engineering,3.14,22
1493,Karen Taylor,Biology,3.71,21
6908,Daniel Sanchez,Computer Science,2.75,25
7103,Michael Harris,Physics,2.55,20
9838,William Taylor,Business Administration,2.09,24
9021,Sandra Garcia,Business Administration,2.57,18
5098,Susan Miller,Computer Science,3.56,20
6254,William Rodriguez,Chemistry,3.2,23
7775,Patricia Davis,Mechanical Engineering,2.04,23
8715,Linda Williams,Economics,2.58,25
4536,Charles Wilson,Business Administration,3.19,24
3972,Jessica Robinson,Biology,2.03,23
0304,David Lopez,Literature,2.89,25
5215,Margaret White,Chemistry,2.42,20
7337,Nancy Gonzalez,Civil Engineering,2.81,19
0901,Christopher Thomas,Biology,3.97,19
4541,Michael White,Biology,2.74,22
6102,Matthew Hernandez,Chemistry,3.35,18
8952,Robert Martin,Economics,2.33,23
3633,Charles Wilson,Physics,3.99,18
8067,Matthew Martinez,Biology,3.49,21
9170,Richard Robinson,Biology,2.26,19
1058,Patricia Gonzalez,Mechanical Engineering,2.42,19
8073,Charles Martinez,Electrical Engineering,3.73,24
4945,Sarah Wilson,Mathematics,3.5,24
4156,Mark Martin,Civil Engineering,2.64,23
8127,Christopher Brown,Business Administration,3.77,23
3932,Thomas Moore,Biology,2.78,24
0575,Jessica Harris,Chemistry,2.57,25
1364,Jennifer Robinson,Literature,2.36,22
6619,James Moore,Literature,2.67,25
3967,Christopher Garcia,Business Administration,3.81,24
2398,Charles Lee,Physics,3.95,24
6835,Michael Lee,Computer Science,3.24,20
5025,Karen Martin,Biology,4.0,24
8303,James Hernandez,Economics,2.5,25
3716,Nancy Williams,Mathematics,2.05,24
9739,Sarah Taylor,Literature,2.39,20
3698,Joseph Lopez,Psychology,3.75,20
5029,Jessica Robinson,Psychology,3.84,23
5089,Robert Martinez,Data Science,3.79,21
7240,Charles Anderson,Chemistry,2.49,25
9014,Linda Sanchez,Electrical Engineering,3.95,19
4875,Betty Martin,Literature,2.66,20
3749,Linda Anderson,Psychology,3.92,18
2110,Lisa Johnson,Business Administration,3.35,25
3751,Margaret Gonzalez,Data Science,3.57,22
0084,Mark Thompson,Biology,2.24,18
4709,Joseph Thomas,Literature,3.45,22
4070,Betty Gonzalez,Literature,3.64,18
1618,Barbara Gonzalez,Psychology,3.85,25
6814,Susan Sanchez,Data Science,2.21,22
3715,Matthew Clark,Economics,3.51,19
3132,Lisa Garcia,Mathematics,2.83,23
6645,Robert Robinson,Mechanical Engineering,3.59,21
5887,William Brown,Mathematics,3.28,19
3669,Joseph Lewis,Psychology,2.98,21
3445,Matthew Rodriguez,Mathematics,2.59,25
1216,David Sanchez,Chemistry,3.4,22
5006,Karen Johnson,History,2.28,22
7143,James Davis,Mathematics,3.13,22
1201,Elizabeth Thompson,Electrical Engineering,3.14,22
3511,Jessica Thompson,Chemistry,3.35,20
9938,Lisa Sanchez,Psychology,2.26,22
3043,Margaret Gonzalez,Civil Engineering,3.27,18
4546,Margaret Miller,Economics,2.61,18
1274,William Lopez,Psychology,3.02,24
9395,Jessica Martin,Electrical Engineering,3.94,20
5535,Charles Ramirez,Biology,2.63,23
2022,Richard Ramirez,Chemistry,3.3,25
2219,Jennifer Thomas,Physics,2.03,19
3631,David Davis,Civil Engineering,2.41,20
1741,William Martin,History,3.46,19
3718,Christopher Miller,Mathematics,3.0,18
2443,Anthony White,Literature,3.64,21
4845,Lisa Miller,Mathematics,3.33,24
9113,Christopher Brown,Mathematics,3.01,22
5052,Sarah Moore,Literature,3.48,19
9030,Betty Johnson,Chemistry,3.13,21
2830,Linda Rodriguez,History,3.48,21
5225,Linda Thompson,Psychology,2.91,18
8894,Karen Rodriguez,Biology,2.55,21
7413,Lisa Clark,Data Science,3.81,20
2133,Thomas Martinez,Computer Science,2.42,21
1266,Charles Harris,Economics,2.95,19
4303,Sarah Lewis,History,2.1,19
3213,Michael Thomas,Data Science,2.88,25
9587,Michael Brown,Biology,3.18,25
2431,Elizabeth Jackson,Computer Science,3.16,19
9955,Lisa Lewis,Chemistry,3.55,21
9962,Charles Sanchez,Business Administration,3.23,25
5709,James Rodriguez,History,2.81,22
3766,Jessica Lee,Electrical Engineering,2.66,25
4576,Thomas Martinez,Business Administration,2.6,21
2691,David Rodriguez,Business Administration,3.12,22
2709,Christopher Anderson,Data Science,3.95,20
0545,Jessica Smith,Mathematics,3.79,25
3825,Jessica Garcia,Electrical Engineering,2.13,24
5078,Nancy Martinez,Data Science,3.85,25
4125,David Lee,Business Administration,3.08,20
4661,Michael Harris,Data Science,3.53,21
8967,Elizabeth Taylor,Civil Engineering,2.64,25
0929,Patricia Perez,Civil Engineering,3.86,21
5148,Charles Perez,Electrical Engineering,2.65,21
8281,Matthew Gonzalez,History,2.34,20
5317,Karen Perez,Electrical Engineering,2.65,25
7976,Christopher Martin,History,2.83,22
9917,Linda Robinson,Civil Engineering,2.94,22
3672,Barbara Jones,Civil Engineering,2.67,23
8442,Anthony White,Mathematics,2.9,24
7828,Charles Gonzalez,History,2.83,24
9980,Mary Wilson,Mathematics,3.29,20
9684,Joseph Harris,Civil Engineering,2.04,21
8738,Michael Perez,Psychology,2.51,23
3473,James Hernandez,Physics,3.58,23
9003,Sarah Moore,Psychology,2.4,21
9531,Karen Taylor,Chemistry,3.71,19
3199,John Davis,Electrical Engineering,2.65,25
1349,Lisa Jackson,Chemistry,3.9,18
0182,Matthew Perez,Physics,3.38,25
4100,Linda Rodriguez,Economics,3.17,18
6516,Patricia Johnson,Business Administration,2.69,23
9515,Joseph Robinson,Civil Engineering,2.22,20
7952,Mark White,Data Science,2.65,24
2722,Anthony Jones,Literature,2.3,22
4389,Charles Miller,Biology,2.18,21
0772,David Jackson,Biology,3.53,22
0805,Sarah Taylor,Literature,2.58,18
4893,Robert Harris,History,2.14,23
2633,Margaret Lopez,History,2.89,21
6715,Jennifer Hernandez,Chemistry,2.46,23
0172,David Miller,Business Administration,3.94,22
4201,William Martin,Psychology,3.87,20
1696,Patricia Lee,Physics,2.85,25
3461,Betty Johnson,Literature,3.06,23
7964,James Jackson,Physics,3.99,23
0533,Betty Moore,Chemistry,2.57,23
4036,Christopher Williams,Psychology,2.15,19
2224,Sarah Harris,Data Science,3.06,19
8052,Charles Robinson,Chemistry,3.22,21
9179,Matthew Williams,History,3.37,22
9703,Joseph Anderson,Psychology,2.3,23
9040,John Garcia,Business Administration,3.15,25
9326,Thomas Harris,Psychology,3.48,24
0511,Mark Smith,Physics,3.15,18
6391,Karen Clark,Physics,2.04,21
2484,David Wilson,Electrical Engineering,2.52,21
9000,Charles Perez,History,2.65,25
1179,Christopher Perez,Mechanical Engineering,3.54,23
5641,Mark Lewis,Psychology,3.73,20
3551,Michael Harris,Electrical Engineering,2.41,20
7329,Patricia Smith,Biology,3.2,18
4833,Matthew Jones,Biology,2.7,19
3175,David Ramirez,Mathematics,3.86,21
2799,Michael Martinez,Electrical Engineering,2.85,22
3953,Linda Robinson,Mechanical Engineering,3.54,18
7014,Robert Lewis,Chemistry,2.25,24
3480,James Anderson,Literature,3.49,21
7095,Richard Johnson,Chemistry,2.88,21
5917,Michael Harris,Physics,3.18,19
3329,John Garcia,Biology,3.83,19
7920,Jennifer Harris,Mechanical Engineering,2.24,25
9718,Lisa Martin,Mathematics,3.5,23
5575,Susan Miller,Mechanical Engineering,3.97,23
2760,Jessica Rodriguez,Biology,2.22,25
6607,James Smith,Physics,3.61,24
6927,Margaret Brown,Mathematics,2.72,22
4472,Anthony Williams,Physics,3.89,22
0205,Linda Thompson,Data Science,3.3,24
9963,Mark Thomas,Computer Science,3.9,22
2104,Lisa Lee,Mathematics,2.09,21
4726,Jennifer Jackson,Computer Science,2.26,20
5335,Robert Thompson,Chemistry,3.52,18
3786,Karen Sanchez,Mechanical Engineering,3.73,22
4298,Barbara Martin,Physics,3.65,24
0561,Jennifer Garcia,Biology,3.93,20
7950,Barbara Lewis,Data Science,3.57,18
9647,Jessica Miller,Civil Engineering,2.81,23
0649,Sandra Clark,Civil Engineering,3.24,18
3933,Betty Smith,Mathematics,2.06,25
9974,Mary White,Literature,2.29,24
7868,Mary Moore,Physics,3.53,20
8088,Jennifer Brown,Computer Science,2.7,21
0482,John Wilson,Data Science,2.22,25
7582,Joseph Wilson,Literature,3.8,25
7937,Robert Ramirez,Economics,3.62,18
6316,Elizabeth Thomas,Chemistry,3.8,22
6784,Robert Hernandez,Business Administration,3.08,19
9463,Jessica Thomas,Psychology,3.66,21
3274,Robert Davis,Biology,2.26,20
5417,Linda Perez,Data Science,3.49,24
9147,Elizabeth Lewis,Economics,2.21,21
9094,William Garcia,Psychology,3.32,23
0249,Daniel Anderson,Business Administration,3.18,22
8624,Matthew Lewis,Electrical Engineering,2.66,23
8458,Nancy Jones,Economics,3.47,18
0787,Lisa Lewis,History,2.77,18
8304,Betty Miller,Electrical Engineering,2.03,18
3296,Anthony Sanchez,Mechanical Engineering,2.32,23
6206,James Jackson,Chemistry,2.97,23
8521,Michael Lee,Literature,3.63,24
0071,Joseph Miller,Chemistry,3.24,25
6911,Patricia White,Civil Engineering,3.31,23
2590,David Lewis,Electrical Engineering,2.51,25
8079,Matthew Moore,Chemistry,3.33,23
9149,Matthew Taylor,Civil Engineering,2.13,23
9352,Susan Lee,Computer Science,3.93,20
0743,Patricia Davis,Chemistry,3.66,19
0296,Sarah Thompson,Civil Engineering,2.25,23
1310,Elizabeth Anderson,Physics,3.11,19
7929,Margaret Taylor,Electrical Engineering,2.8,21
3894,Robert Clark,Business Administration,2.44,18
3888,Michael White,Psychology,2.71,20
4876,Charles Ramirez,Biology,3.05,23
7809,Sarah Davis,Psychology,3.89,20
7985,Barbara Garcia,Data Science,3.36,21
5854,Anthony Robinson,History,3.43,24
5095,Margaret Miller,Civil Engineering,2.1,24
5479,Elizabeth Gonzalez,Biology,3.94,25
7977,Joseph Hernandez,Electrical Engineering,3.44,22
5350,James Williams,Civil Engineering,3.42,22
9988,Michael Robinson,Psychology,3.23,19
2141,Mary Harris,Physics,2.28,25
1681,Anthony Garcia,History,3.94,21
2403,Richard Sanchez,Electrical Engineering,3.29,24
4913,Charles Miller,Mechanical Engineering,3.67,19
9893,Linda Rodriguez,Electrical Engineering,3.79,19
8026,Lisa White,Economics,3.89,20
5702,Michael Anderson,Electrical Engineering,3.34,23
4419,James Lee,Data Science,3.04,19
0866,Matthew Lee,Economics,2.94,25
3021,Elizabeth Clark,Data Science,3.08,25
9357,Robert Williams,History,3.82,23
4177,Mark Rodriguez,Computer Science,2.76,22
3732,Patricia Lee,Chemistry,2.85,20
9391,Mark Thompson,Psychology,3.73,25
7424,Matthew Martinez,Mechanical Engineering,3.05,19
5532,Lisa Martin,Economics,3.73,21
9551,Margaret Ramirez,Business Administration,2.99,24
9077,Susan Johnson,Business Administration,2.21,22
1016,Anthony White,Psychology,2.55,22
0515,Christopher Taylor,Mathematics,2.84,22
8403,Barbara Williams,Computer Science,2.2,25
9687,Linda Jackson,Chemistry,2.44,24
5972,Nancy Rodriguez,Data Science,3.99,25
0247,Sarah Martin,Literature,3.13,24
4416,Mary Martin,Data Science,3.18,19
4654,Charles Brown,Data Science,3.93,21
3607,Barbara Jackson,Business Administration,3.42,24
7781,Anthony Gonzalez,Psychology,3.49,23
2497,Christopher Sanchez,Chemistry,3.7,18
0812,Richard Clark,History,3.26,24
0184,Nancy Robinson,Computer Science,2.43,20
5739,James Lee,Mathematics,2.2,24
6816,Betty Smith,Psychology,2.91,22
4023,Barbara Clark,Business Administration,2.69,21
9761,William Anderson,History,2.1,25
9337,Daniel Lee,Civil Engineering,3.54,20
5548,Michael Moore,History,3.73,23
5893,Lisa Gonzalez,History,2.7,20
0113,Margaret Thomas,Literature,2.18,23
1452,Karen Moore,Psychology,3.61,21
7511,David Clark,Civil Engineering,2.2,19
2922,Christopher Gonzalez,Mathematics,3.24,20
2358,Matthew Gonzalez,Mechanical Engineering,2.53,25
3542,Barbara Hernandez,History,2.88,23
4320,Matthew Garcia,Electrical Engineering,2.65,19
0529,Michael Jackson,Civil Engineering,3.82,22
1722,Matthew Moore,Biology,2.36,19
0279,Michael Williams,Data Science,3.42,24
9708,Margaret Rodriguez,Electrical Engineering,3.43,23
9169,Richard Jones,Physics,2.21,22
2915,Karen Jackson,Data Science,2.65,21
8942,Joseph Clark,Computer Science,2.49,20
0864,Nancy Rodriguez,Computer Science,2.99,21
6035,Linda Lewis,Mechanical Engineering,2.88,21
6465,Robert Smith,Civil Engineering,2.49,18
9624,Margaret Martin,Chemistry,3.68,24
6676,Sarah Moore,Economics,2.38,20
0635,Margaret Taylor,Economics,2.8,24
2162,Lisa Rodriguez,Psychology,3.59,23
3677,Betty Sanchez,Civil Engineering,2.86,23
0393,Mark Robinson,Mechanical Engineering,2.64,23
8653,John Thompson,Electrical Engineering,2.64,21
6157,Betty Moore,Economics,2.26,25
9987,Sarah Hernandez,Data Science,3.61,21
3308,Lisa Lopez,Psychology,3.4,21
3170,Joseph Rodriguez,Economics,3.67,25
1231,Karen Anderson,Chemistry,3.18,19
9916,Jennifer Smith,Biology,2.9,18
1714,Mark Lopez,Chemistry,3.74,20
9051,John Perez,Mathematics,2.13,22
0587,Charles Rodriguez,Psychology,2.06,25
6006,Susan Thompson,History,3.89,24
7593,Michael Perez,Chemistry,2.62,22
4993,David Davis,Economics,3.6,24
7772,Robert Harris,Biology,3.96,23
7991,Margaret Smith,Economics,2.11,23
0652,Charles Brown,History,3.95,19
7442,Thomas Wilson,Psychology,2.32,21
2849,Linda Martin,History,3.52,20
5463,Anthony Garcia,Computer Science,3.3,25
0308,Lisa Brown,Mathematics,2.18,24
0492,Charles Thompson,Business Administration,2.77,24
8272,Richard Thompson,Chemistry,2.28,23
0947,Jennifer Brown,Civil Engineering,2.71,24
9816,Mark Rodriguez,Chemistry,2.18,22
9765,Richard Miller,Mechanical Engineering,2.7,19
6573,David Anderson,History,2.19,22
0122,James Lewis,Economics,2.12,18
6417,Nancy Lopez,Data Science,2.34,18
4045,James Hernandez,Physics,2.61,23
8019,Margaret Williams,Electrical Engineering,2.38,25
5520,Jennifer Moore,Mechanical Engineering,3.95,19
3486,Margaret Perez,Electrical Engineering,3.2,20
1306,Mark Anderson,Psychology,3.69,20
6361,Thomas Jones,Literature,3.64,18
5821,Karen Johnson,Biology,3.78,19
7891,Betty Robinson,Civil Engineering,3.87,19
9301,Barbara Perez,Electrical Engineering,3.18,20
3476,Mark Brown,Chemistry,2.39,20
4946,Karen Robinson,Mathematics,3.88,24
0382,Betty Anderson,Data Science,3.34,19
2541,David Davis,Mathematics,2.28,25
5217,Michael Sanchez,Physics,2.08,18
5593,Sandra Robinson,Chemistry,3.62,19
3357,Margaret Taylor,Data Science,3.33,23
2395,Sandra Taylor,Economics,3.15,24
2113,Matthew Moore,Business Administration,2.4,23
3575,Robert Anderson,History,2.4,24
2882,Richard Wilson,Physics,2.16,18
4478,Jessica Brown,Mathematics,3.12,24
1504,Elizabeth Thomas,History,3.54,18
6506,Thomas Clark,Computer Science,2.38,19
7578,Elizabeth Lewis,Economics,3.5,20
5732,Christopher Hernandez,Psychology,2.1,18
4605,Mary Martinez,Physics,2.38,18
3448,Anthony Clark,Business Administration,3.75,20
4048,Thomas Lopez,Business Administration,3.4,21
9251,Patricia Anderson,Electrical Engineering,3.78,23
7236,John Thompson,Mechanical Engineering,2.99,18
3845,Mary Robinson,Physics,2.41,19
2307,Sandra Martinez,Computer Science,3.81,23
8415,Jennifer Gonzalez,Literature,2.46,24
4517,Mary Jones,Electrical Engineering,3.2,22
1764,Mark Robinson,Physics,3.36,22
0874,Michael Lewis,Business Administration,3.47,22
3076,Susan Thompson,Computer Science,2.83,24
6819,Richard Rodriguez,Literature,3.8,25
8699,William Martin,Computer Science,3.25,24
4724,Mary Thompson,History,2.9,21
8596,John Lee,Data Science,2.23,25
0689,John Garcia,Biology,2.65,22
1212,Nancy Thompson,Psychology,2.8,22
9545,Elizabeth Ramirez,Economics,2.52,19
1815,Richard Clark,Mechanical Engineering,3.9,25
3686,Michael Jones,Biology,3.99,25
4482,Jessica Brown,Data Science,2.46,24
1642,Jennifer Williams,History,3.39,19
6467,Linda Wilson,Economics,2.74,20
9362,Joseph Martin,History,2.08,21
8294,Matthew Miller,Psychology,2.64,18
2575,Robert Hernandez,Literature,3.9,20
4219,Barbara Anderson,Mechanical Engineering,3.8,18
7889,Richard Gonzalez,Electrical Engineering,3.89,19
9964,Linda Garcia,Business Administration,2.39,25
6781,James Ramirez,Chemistry,2.14,21
3943,Karen Taylor,Civil Engineering,3.11,20
1301,Sarah Hernandez,Computer Science,2.22,19
6832,Susan Taylor,Biology,2.03,20
4832,Lisa Robinson,Mathematics,2.74,20
6318,Mark Brown,Business Administration,2.47,24
8616,James Jackson,Computer Science,3.63,19
5212,Margaret Davis,History,3.26,19
4921,James Lee,Literature,3.82,24
8643,Elizabeth Perez,Economics,2.77,21
6193,Nancy Thomas,Economics,2.5,25
4704,Jessica Robinson,Electrical Engineering,2.91,23
2326,Linda Jones,Civil Engineering,3.27,20
6559,Richard Rodriguez,Electrical Engineering,2.74,18
2601,Susan Sanchez,Civil Engineering,2.29,25
7874,Susan Thompson,Biology,3.7,24
1508,Robert Clark,Business Administration,2.71,24
1760,Susan Lewis,Physics,2.92,25
2422,Joseph Gonzalez,Chemistry,2.73,23
6714,Nancy Gonzalez,Electrical Engineering,3.45,21
9979,Linda Miller,Psychology,2.38,21
1172,Margaret White,Business Administration,3.57,23
5358,Mark Anderson,Biology,3.72,24
6545,Barbara Lee,Civil Engineering,2.43,20
6694,Jessica Brown,Biology,3.3,22
4258,Mark Clark,History,3.74,24
4222,Mary Miller,Mechanical Engineering,2.68,20
0045,Nancy Gonzalez,Biology,2.86,25
9616,James Thompson,Mechanical Engineering,2.77,20
6677,William White,Business Administration,3.13,20
5611,Christopher Gonzalez,Economics,3.56,21
7184,Robert Wilson,Mathematics,2.94,20
3852,Matthew Robinson,Chemistry,2.63,18
0862,Nancy Brown,History,2.13,18
8380,James Robinson,Literature,3.74,23
1957,Margaret Williams,Mathematics,3.86,23
2795,Michael White,Electrical Engineering,3.92,22
7658,Anthony Williams,Mathematics,3.25,23
2474,Charles Lewis,Literature,2.89,23
6150,Daniel Garcia,Civil Engineering,2.61,20
0667,Mark Lewis,Electrical Engineering,2.33,19
7223,Sarah Robinson,Economics,2.82,25
0040,Daniel Rodriguez,Psychology,3.7,21
2465,Patricia Perez,Electrical Engineering,3.82,19
0691,Matthew Johnson,Electrical Engineering,3.76,25
9697,Richard Thomas,Electrical Engineering,3.53,23
0624,Sandra Anderson,Economics,3.14,25
0134,Mark Smith,Chemistry,3.89,23
8060,Mark Hernandez,Data Science,3.77,19
3411,Jennifer Jones,Economics,2.6,24
8287,Sandra Jones,Data Science,3.99,21
3202,Christopher Hernandez,Civil Engineering,3.42,19
3355,Barbara Martin,History,2.99,24
5261,Jennifer Lopez,Literature,2.51,22
0507,Thomas Lewis,Computer Science,2.98,20
0500,Mary Lee,Mechanical Engineering,3.4,22
9041,Joseph Wilson,Mathematics,2.08,25
9276,Nancy Williams,Mathematics,3.1,20
1723,Margaret Robinson,Economics,2.02,18
8929,Elizabeth Gonzalez,Mechanical Engineering,3.81,24
6915,Richard Johnson,Psychology,3.34,24
3464,David Lopez,History,3.03,24
2758,Susan Thompson,Mathematics,2.26,23
0199,Lisa Rodriguez,Biology,2.39,22
7293,William Williams,Chemistry,3.84,19
0698,Betty Perez,Mathematics,3.72,19
9564,James Sanchez,Electrical Engineering,3.61,19
7036,Linda Williams,Electrical Engineering,2.75,20
8373,Charles Sanchez,Mechanical Engineering,3.56,19
2362,James White,Computer Science,3.47,23
5172,Margaret Robinson,Economics,2.14,25
0262,Christopher Ramirez,Mathematics,3.57,19
5788,Karen Brown,Computer Science,3.41,21
8541,Sandra White,Data Science,2.37,19
0057,James Wilson,History,3.37,21
5203,Mary Thompson,Data Science,2.77,21
4446,Jessica Clark,Mechanical Engineering,3.42,25
6064,Karen Thompson,Electrical Engineering,2.94,18
3955,Joseph Garcia,Biology,2.01,20
9576,Michael Rodriguez,Electrical Engineering,3.76,21
7114,Daniel Brown,Psychology,3.52,21
0773,Jennifer Ramirez,Mathematics,3.51,21
6964,Jennifer Gonzalez,Business Administration,3.67,22
6451,Karen Wilson,Biology,3.28,21
5290,Susan Rodriguez,Literature,2.69,21
4960,Thomas Smith,Business Administration,3.78,22
4278,Elizabeth Harris,Electrical Engineering,2.13,19
2558,Jessica Lopez,Psychology,2.12,24
7409,John Perez,History,3.8,25
7750,James White,Business Administration,2.18,23
9781,Daniel Perez,Economics,3.36,19
4629,Charles Rodriguez,Psychology,3.68,25
4985,Barbara White,History,2.96,25
2281,Elizabeth Harris,Chemistry,2.63,21
8436,Linda Jackson,Electrical Engineering,2.09,23
9607,Susan Anderson,Chemistry,2.65,24
4489,Joseph Ramirez,Chemistry,2.9,20
7644,Lisa Harris,Physics,2.84,18
4758,Margaret Jones,History,2.63,20
5756,Richard Lopez,Computer Science,2.87,20
7175,Robert Jackson,Electrical Engineering,2.43,18
6370,Richard Thomas,Electrical Engineering,2.54,21
0796,James Thomas,Physics,2.32,22
5597,Linda Miller,Chemistry,3.21,25
8252,Susan Wilson,Literature,2.32,18
9145,Barbara Brown,Data Science,3.91,25
9798,Karen Martinez,Electrical Engineering,2.47,25
8501,Betty Miller,Physics,2.98,22
0336,Christopher Garcia,Mathematics,3.26,24
9467,Karen Brown,Economics,2.26,22
5836,David White,Mathematics,3.61,20
3212,Barbara Jackson,Chemistry,2.13,25
7270,Barbara Wilson,Mechanical Engineering,2.42,23
2929,Daniel Davis,Literature,3.81,25
6438,Betty Rodriguez,Biology,2.68,23
4132,Daniel Miller,Electrical Engineering,3.93,21
0941,Daniel Jackson,Economics,2.47,21
9166,Jessica Jackson,Chemistry,3.78,23
7153,Thomas Lewis,Data Science,2.77,20
0644,Karen Hernandez,Data Science,3.06,25
8992,Karen Lewis,Psychology,2.53,25
5826,Richard Harris,Mechanical Engineering,3.58,22
1740,Daniel Jones,Mathematics,3.7,18
0881,Jessica Davis,Mechanical Engineering,3.27,23
8629,Barbara Clark,Economics,2.97,20
6827,Betty Rodriguez,Mathematics,2.97,23
4212,Karen Lewis,Biology,2.4,21
6707,Sandra Martin,Economics,2.24,18
9672,Lisa Lewis,Mechanical Engineering,3.05,22
2994,Linda Sanchez,Physics,2.85,18
0535,Elizabeth Rodriguez,Mechanical Engineering,2.29,18
5735,James Lee,Business Administration,3.52,19
1947,Barbara Anderson,History,3.82,20
1019,Joseph Lee,Physics,3.11,25
6538,Matthew Hernandez,Data Science,3.87,25
9921,William Miller,Psychology,3.21,22
0413,Jennifer Jackson,Electrical Engineering,2.65,18
1666,Patricia Johnson,Literature,2.65,25
3731,Barbara Jones,Mathematics,3.66,24
6374,Sarah Smith,Business Administration,2.87,23
3576,Richard Garcia,Mathematics,3.23,18
7815,Christopher Martinez,Mathematics,3.13,18
6414,Mark Taylor,Computer Science,3.45,20
4224,Jessica Williams,Data Science,2.28,19
1276,Thomas Garcia,Psychology,2.47,23
8578,Barbara Hernandez,Data Science,2.83,19
7854,Jessica Gonzalez,Biology,2.12,24
0312,Christopher Sanchez,Physics,3.39,19
0669,Anthony Miller,Chemistry,2.32,22
8988,Linda Davis,Computer Science,3.29,18
3070,Mary Lee,Literature,3.39,25
8367,Mary Johnson,Mechanical Engineering,3.52,20
9915,Margaret Jones,Biology,2.64,24
1934,Matthew Lee,Business Administration,2.79,22
5032,Jessica Smith,Business Administration,3.43,24
9436,Sarah Williams,Computer Science,2.4,18
5605,Michael Davis,Economics,2.98,23
1955,Daniel Williams,Economics,3.76,20
3984,Richard Miller,Electrical Engineering,3.07,22
0203,William Moore,Mathematics,3.02,20
4931,Anthony Miller,History,3.22,23
8136,Michael Hernandez,Civil Engineering,2.79,22
1916,Joseph Smith,Chemistry,3.21,24
5871,Michael Garcia,Data Science,2.08,19
5116,Lisa Robinson,Literature,2.41,22
9120,Anthony Thompson,Business Administration,2.43,22
0513,Barbara Anderson,Computer Science,3.3,21
7067,Charles Lewis,Literature,2.5,18
9182,Elizabeth Smith,Mechanical Engineering,3.66,23
3555,Michael Thomas,Psychology,2.78,23
2891,Joseph Gonzalez,Economics,3.51,25
3600,Jessica Moore,Economics,2.57,21
4714,John Martin,Data Science,3.77,18
2233,Karen Johnson,Literature,2.02,22
8812,Sandra Smith,Civil Engineering,2.89,20
6823,Patricia Johnson,Mathematics,2.43,21
6017,Susan White,Mathematics,2.15,24
8820,Christopher Smith,Civil Engineering,3.54,19
3754,Elizabeth Jones,Civil Engineering,2.91,21
5322,Patricia Robinson,Business Administration,3.49,18
2299,Mark Robinson,Chemistry,2.35,19
4850,John White,Mechanical Engineering,2.91,22
9793,William Smith,Psychology,3.13,19
9069,Lisa Thompson,Electrical Engineering,2.43,24
6136,Nancy Gonzalez,Computer Science,2.07,24
4468,Anthony Anderson,Physics,2.35,18
6243,Charles Lewis,Computer Science,3.31,22
1461,Daniel Martinez,Psychology,2.96,22
3675,James Perez,Civil Engineering,3.93,21
8322,Linda Thompson,Chemistry,3.62,18
1022,Margaret Jackson,Literature,3.71,25
2649,Betty Davis,Psychology,3.7,18
8576,Elizabeth Lopez,Data Science,3.2,25
0476,Anthony Thomas,Biology,2.33,23
5874,Lisa Moore,Biology,2.29,23
5552,Susan Garcia,Economics,2.8,25
1218,Barbara Harris,Civil Engineering,2.3,25
8604,Nancy Moore,Physics,2.72,24
6445,John Martin,Civil Engineering,3.77,23
9976,Sandra Lopez,Business Administration,2.93,20
6618,Mark Johnson,Mathematics,3.01,20
3264,Karen Hernandez,Biology,3.27,20
4727,Margaret Sanchez,Economics,2.28,21
2000,Anthony Thompson,Physics,2.16,24
5523,Mark Brown,Biology,3.09,19
7539,Charles Smith,Civil Engineering,3.87,20
5014,Lisa Davis,Business Administration,3.42,23
5701,Jessica Brown,Mathematics,3.46,23
0808,Sarah Robinson,Physics,3.05,24
2779,Linda Jackson,Mathematics,3.5,19
1892,Linda Lee,Business Administration,2.91,21
4109,Daniel Smith,History,3.94,19
1385,Jessica Jones,Data Science,3.39,22
6175,Linda Harris,Physics,2.61,21
2661,Sarah Lee,Data Science,3.9,21
8037,James Smith,Computer Science,2.59,21
8197,Jennifer Clark,History,3.36,19
5106,William Anderson,Data Science,2.84,23
9882,Nancy Gonzalez,Computer Science,3.4,22
7469,David Gonzalez,Mathematics,2.42,24
1380,Karen Jackson,Chemistry,3.27,18
1830,Nancy Thomas,Computer Science,3.0,23
2947,James Rodriguez,Psychology,2.95,24
0752,Matthew Moore,History,2.2,23
1390,Nancy Thomas,Computer Science,2.76,25
5684,Matthew Lewis,Data Science,2.95,19
2087,John Davis,Psychology,3.66,19
4584,Joseph Gonzalez,Psychology,2.67,25
9570,Mary Hernandez,Civil Engineering,3.11,25
3149,Michael Martin,Physics,2.19,20
7288,Charles Ramirez,Business Administration,3.56,25
3287,John Taylor,Electrical Engineering,2.93,24
2921,Betty Robinson,Biology,3.31,18
6777,William Jackson,Data Science,3.4,25
5538,Jennifer Lewis,Chemistry,2.59,20
2007,Mary Martinez,Economics,2.66,19
9591,Nancy Jones,Literature,2.15,25
8143,Jessica Davis,Computer Science,2.77,20
6703,Matthew Gonzalez,Computer Science,2.6,21
8656,David Ramirez,Business Administration,3.17,25
5621,Linda Thompson,Chemistry,3.62,19
5248,Patricia Garcia,Electrical Engineering,2.26,18
9305,Joseph Thomas,Mathematics,3.59,24
3350,James Thompson,Biology,3.8,23
3334,Christopher Moore,Data Science,2.84,18
0083,William Wilson,Biology,3.4,19
6821,John Williams,Civil Engineering,3.76,23
1141,Jessica Gonzalez,Biology,3.84,20
4922,Patricia Smith,Electrical Engineering,2.17,20
3921,Nancy Miller,Chemistry,3.32,23
3413,Sarah Rodriguez,Chemistry,2.13,20
5135,Charles Wilson,Data Science,3.12,21
6719,Michael Jones,Civil Engineering,2.27,24
3794,James Lopez,Computer Science,3.02,18
8300,Patricia Taylor,Business Administration,2.53,18
5339,Elizabeth Lewis,History,2.27,21
9264,Margaret Thomas,History,2.43,25
1845,Jessica Thomas,Mechanical Engineering,2.2,24
5254,Sarah Lee,Business Administration,3.08,19
3614,Robert Perez,Electrical Engineering,3.72,20
5999,Margaret Harris,Data Science,2.96,19
3663,Charles Garcia,Mechanical Engineering,3.25,24
8506,Anthony Lee,Mathematics,3.88,22
1053,Susan Johnson,History,2.86,23
8958,Matthew Gonzalez,Computer Science,2.39,23
1990,Richard Anderson,Economics,3.67,21
3398,Lisa Robinson,Electrical Engineering,2.96,24
4134,Christopher Ramirez,History,3.27,21
6998,Karen Taylor,Civil Engineering,2.99,19
6443,Susan Martin,Computer Science,2.83,19
6649,Daniel Lewis,History,2.29,18
5469,Barbara Rodriguez,Physics,2.56,23
8135,Elizabeth Clark,Biology,3.21,22
5742,Margaret Thomas,Biology,2.98,20
3546,Jessica Hernandez,Data Science,3.38,23
9944,Sarah Taylor,Economics,3.26,22
7819,Christopher Rodriguez,Civil Engineering,3.75,21
2645,David Robinson,Mathematics,3.81,21
9415,Barbara Martinez,Mechanical Engineering,3.65,24
9825,William Rodriguez,Economics,2.85,21
1705,Matthew Martin,History,2.28,22
9539,Michael Perez,Business Administration,2.72,23
8374,Michael Sanchez,Chemistry,3.16,20
4802,Patricia White,Psychology,3.75,21
7346,Michael Martin,History,3.27,23
4305,Jennifer Lewis,Business Administration,3.62,23
4910,Linda Gonzalez,Chemistry,3.43,25
6603,Sarah Hernandez,Electrical Engineering,2.51,19
1465,William Brown,Physics,3.63,24
2530,James Williams,Mechanical Engineering,3.62,22
4814,Sandra Thomas,Chemistry,3.87,22
7571,Thomas Jackson,Physics,2.4,18
2797,Susan Lee,Chemistry,3.19,25
7738,Susan Gonzalez,Mathematics,2.24,20
6375,Patricia Lopez,History,3.6,18
4948,Mary Ramirez,Data Science,2.55,22
8275,Robert Sanchez,Data Science,3.85,24
2329,Michael Johnson,Business Administration,3.13,18
1034,Patricia Hernandez,Economics,3.44,22
8406,Susan Davis,Mechanical Engineering,2.44,22
8662,Sandra Moore,Mathematics,3.68,20
7443,James Moore,Economics,2.63,21
2509,Jennifer Sanchez,Literature,2.77,18
1025,Jennifer Williams,Economics,3.48,22
4016,Betty Thomas,Data Science,2.19,24
3838,Linda Davis,Chemistry,3.22,20
5722,Sandra Davis,Civil Engineering,2.21,21
5233,Nancy Martinez,Physics,3.16,24
0568,Joseph Miller,Mechanical Engineering,2.2,19
4098,Susan Thompson,Chemistry,2.89,24
6213,Margaret Martin,History,2.76,22
6862,Michael Lewis,Business Administration,2.98,23
3227,David Smith,Chemistry,3.02,24
2011,Anthony Anderson,Economics,2.41,20
5995,Daniel Williams,Economics,3.67,24
9933,Jennifer Sanchez,Physics,2.41,23
2823,Barbara Gonzalez,Civil Engineering,2.5,22
4672,Mark Davis,Physics,3.2,25
8013,James Perez,Economics,2.49,19
9631,Joseph Thompson,History,2.04,23
6130,Barbara Gonzalez,Computer Science,2.98,25
2505,Sandra Wilson,Data Science,2.87,23
0197,Linda Rodriguez,Mathematics,3.82,22
9425,Jessica Garcia,Electrical Engineering,2.44,21
9495,Margaret Johnson,Physics,2.73,21
3163,John Thompson,Electrical Engineering,2.18,18
9207,William Williams,Biology,3.86,25
3907,Robert Martinez,Electrical Engineering,3.72,22
9920,Margaret Robinson,Electrical Engineering,2.46,22
8534,Jennifer Taylor,Data Science,2.46,19
8825,Karen Johnson,Economics,3.31,20
9743,Elizabeth Moore,Chemistry,3.88,20
0121,Linda Smith,History,3.92,19
9492,John Harris,Data Science,2.54,20
9358,Sarah Brown,History,2.93,23
5844,Lisa Garcia,Electrical Engineering,3.07,20
8778,Linda Sanchez,Computer Science,2.65,20
5090,Matthew Rodriguez,Biology,3.63,18
3909,Richard Jones,Electrical Engineering,2.1,20
5404,Margaret Jones,Mechanical Engineering,3.72,23
7570,Charles Sanchez,Civil Engineering,2.92,25
0883,Jennifer Thompson,Data Science,3.43,20
3331,Christopher Martin,History,2.08,24
0991,Robert Smith,Civil Engineering,2.92,25
3951,Nancy Harris,Physics,3.1,24
8949,Mark Taylor,Chemistry,3.92,23
6045,Betty Martin,Economics,3.44,24
8905,Matthew Rodriguez,Biology,3.87,20
9906,Thomas Ramirez,Chemistry,2.25,18
9377,Michael Williams,Economics,3.99,22
9790,Patricia Martin,Physics,2.77,22
8305,Barbara Smith,Mathematics,2.97,18
4363,Michael Wilson,History,3.28,20
6675,Joseph Ramirez,Economics,3.58,20
0429,Christopher Sanchez,Civil Engineering,2.79,20
0256,James Lewis,Mechanical Engineering,3.81,22
0629,Jessica Gonzalez,Chemistry,3.43,23
8222,Mark Miller,Chemistry,2.26,18
2121,Linda Jones,Business Administration,3.85,22
2987,Barbara Johnson,Mathematics,2.93,24
9783,Mark Lee,Literature,2.87,22
1754,Barbara Clark,Biology,3.1,18
7826,Sandra Ramirez,Literature,2.96,23
2867,David Miller,Civil Engineering,3.84,20
8975,James Brown,Electrical Engineering,3.49,22
8450,Mary Smith,Biology,2.44,23
9289,James Anderson,Physics,2.67,25
4782,Barbara Martin,Mathematics,2.57,18
0623,Betty Taylor,Economics,2.25,25
8558,Matthew Thomas,Physics,3.53,18
8719,Nancy Harris,Biology,3.46,19
0700,Robert Robinson,Literature,2.76,25
1563,Lisa White,Business Administration,2.53,20
1071,Matthew Robinson,Mechanical Engineering,2.19,24
1223,William Gonzalez,Mechanical Engineering,2.08,22
0905,James Jones,Mechanical Engineering,2.84,21
9203,Susan Sanchez,Literature,3.77,24
3275,Sarah Jackson,Civil Engineering,3.98,21
7880,James Williams,Electrical Engineering,3.72,22
6076,Lisa Thomas,History,2.13,25
7503,Sandra Garcia,Business Administration,2.99,19
8404,Nancy Anderson,History,3.8,23
4434,Margaret Thomas,Civil Engineering,3.15,23
9826,Christopher Perez,Mathematics,3.05,22
7439,Betty Martin,History,3.79,21
1676,Anthony Smith,Physics,2.97,23
3211,Thomas Martinez,Chemistry,3.95,24
6218,Mary Jackson,Civil Engineering,3.6,22
0943,Patricia Clark,Electrical Engineering,3.11,21
7522,Mark Davis,Chemistry,3.81,19
0233,Daniel Moore,Biology,2.73,24
9039,Susan Jackson,Mathematics,2.6,21
1970,Jennifer Martin,Chemistry,3.9,19
6593,Matthew Hernandez,Computer Science,2.87,24
1128,Robert Wilson,Chemistry,3.96,23
1459,Barbara Brown,Civil Engineering,2.47,25
7584,Sandra Gonzalez,Economics,2.43,24
2622,Margaret Davis,Civil Engineering,2.49,20
8788,David Garcia,Economics,2.65,24
1702,Margaret Williams,Data Science,2.16,18
8263,Robert Moore,Physics,2.99,19
1256,Sandra Sanchez,History,3.39,20
8338,Mary Smith,Chemistry,2.36,20
1628,Elizabeth Clark,Mathematics,3.36,23
0385,Nancy Jackson,Data Science,2.08,22
5134,David Brown,Computer Science,3.99,19
9901,Mary Martin,Computer Science,3.64,21
5557,Betty Garcia,Physics,3.65,25
3839,Patricia Rodriguez,Economics,2.58,19
5798,Anthony Martin,Civil Engineering,2.28,25
0209,Karen Ramirez,Civil Engineering,2.31,19
8446,Jessica Martin,Mechanical Engineering,3.38,18
5541,Richard Ramirez,Mathematics,3.33,25
5394,Betty Anderson,Mathematics,3.9,22
4338,Elizabeth Lee,Psychology,3.63,24
8112,Betty Robinson,Mechanical Engineering,3.59,22
8467,Nancy Hernandez,Mechanical Engineering,2.48,20
0576,Daniel Jones,Computer Science,2.16,19
1061,Robert Brown,Chemistry,2.25,19
8018,Elizabeth Harris,Mathematics,3.38,21
8180,Daniel Thomas,Physics,2.82,22
6903,Sandra Thompson,Mechanical Engineering,3.79,18
9507,Barbara Garcia,Physics,2.38,19
2319,Mary Johnson,Literature,3.71,22
8660,Richard Garcia,Literature,3.0,24
8405,Betty Thompson,Literature,2.65,20
0196,Anthony Hernandez,Psychology,3.93,24
8884,Nancy Hernandez,History,3.13,20
1409,James Ramirez,History,2.33,22
3267,Susan Williams,Chemistry,3.75,23
9992,Robert Johnson,Electrical Engineering,2.48,25
5891,William Robinson,Mechanical Engineering,3.44,24
4995,Mary Harris,Computer Science,3.26,23
9683,Betty Martin,Mathematics,2.67,19
8412,Jessica Harris,Literature,3.94,21
9435,Michael Jones,Mathematics,3.36,22
2898,Thomas Gonzalez,Biology,3.99,21
3557,Susan Harris,Psychology,3.6,25
4963,Lisa Jackson,Biology,2.58,25
2098,Mary Martinez,Mathematics,2.04,19
9711,Jessica Clark,Physics,3.86,21
6925,Sandra Hernandez,Literature,3.18,25
7420,William Martinez,Business Administration,3.7,21
6643,Nancy Lewis,Economics,2.51,22
5334,James Taylor,Mechanical Engineering,2.08,25
1910,Linda Gonzalez,Computer Science,2.86,19
6393,Betty Sanchez,Civil Engineering,3.07,24
4524,James Taylor,Literature,3.91,22
2648,Matthew Martin,Business Administration,2.1,21
8717,Sarah Perez,Biology,2.58,19
3738,Margaret Davis,Physics,3.12,23
3973,Jennifer Moore,Business Administration,2.4,24
7887,John Hernandez,Business Administration,2.49,25
4063,James Brown,Electrical Engineering,3.86,22
3700,Jennifer Perez,Civil Engineering,3.34,24
6055,Jennifer Lewis,Physics,2.41,20
3539,Barbara Brown,History,3.86,22
2288,Sarah Thompson,Biology,3.28,19
3001,Robert Ramirez,Data Science,3.71,18
1926,Linda Williams,History,3.54,22
2178,Jennifer Brown,History,2.9,19
2023,Thomas Harris,Literature,3.56,25
8843,Thomas Brown,Chemistry,3.34,22
0108,Betty Williams,Mathematics,3.58,23
0334,Jennifer Gonzalez,History,2.38,22
4031,Lisa Smith,Economics,3.61,19
4208,John Garcia,Electrical Engineering,2.68,21
6757,Jessica Robinson,History,3.26,18
1798,David Ramirez,Physics,3.59,24
6295,Patricia Sanchez,Biology,3.55,24
2333,Michael Garcia,Mechanical Engineering,3.24,25
0299,Matthew Jackson,Psychology,3.39,21
8803,Anthony Perez,History,2.99,25
1191,Richard Hernandez,Business Administration,2.74,18
8407,Mary Anderson,Mechanical Engineering,2.01,23
7084,James Perez,Mathematics,3.3,24
5648,Lisa Clark,Computer Science,3.94,25
5122,John Jones,Literature,2.19,19
9721,Charles Jones,Chemistry,2.99,23
8848,Patricia Martin,History,2.06,23
3849,Linda Martinez,Biology,3.64,22
6546,Mary Ramirez,Data Science,2.11,22
6223,Nancy Jones,Psychology,2.52,24
7395,Robert Rodriguez,Mathematics,3.7,19
1421,Thomas Lopez,Data Science,3.0,22
2097,Susan Smith,Computer Science,3.96,23
6330,Jennifer Thompson,Data Science,3.74,19
7594,Barbara Brown,Data Science,3.95,23
6097,David Lewis,Data Science,2.37,21
2249,Charles Sanchez,Data Science,2.46,22
9245,Elizabeth Clark,History,3.1,19
5662,Betty Thompson,Biology,3.87,22
4093,Sandra Moore,Business Administration,2.6,24
4550,Matthew Robinson,Computer Science,2.62,24
4139,John Perez,Mathematics,2.54,18
6840,Robert Williams,Data Science,3.9,18
8003,Patricia Lewis,Chemistry,2.09,23
6404,Richard Moore,Data Science,2.53,21
5365,John Hernandez,Electrical Engineering,2.37,19
2453,Christopher Sanchez,Computer Science,2.94,20
6173,Jennifer White,Literature,3.73,21
2276,Susan Smith,Business Administration,3.05,22
2424,Charles Sanchez,Psychology,3.55,21
0501,Jessica Moore,Mechanical Engineering,2.12,21
8982,Karen Perez,Physics,2.38,22
5699,Barbara Jones,Physics,3.95,24
2554,Sandra Jackson,Civil Engineering,2.54,19
1007,Daniel Wilson,Civil Engineering,3.3,25
0367,James Brown,Physics,3.18,22
7335,Daniel Jones,Economics,2.37,19
9023,Nancy Davis,Electrical Engineering,3.42,21
8708,Linda White,Computer Science,3.46,24
4392,Robert Miller,Civil Engineering,3.92,18
5602,Christopher Miller,Psychology,2.22,18
6124,Susan Brown,Mathematics,2.41,20
2905,Robert White,Business Administration,3.57,23
8838,David Wilson,Physics,3.32,22
2786,Joseph Perez,Mechanical Engineering,3.72,20
9248,Michael Gonzalez,Mathematics,2.38,21
9509,Jessica Thomas,Civil Engineering,2.87,22
5929,James Wilson,Chemistry,2.32,18
9978,Lisa Anderson,Biology,2.58,24
9336,Patricia Lewis,Civil Engineering,2.28,22
9220,Jennifer Wilson,History,2.03,19
4431,Charles Anderson,Mathematics,2.61,21
4429,Joseph Miller,Psychology,3.73,25
8137,Richard Rodriguez,Electrical Engineering,2.96,25
8036,Mark Jones,Computer Science,3.56,25
6115,Richard Davis,Biology,3.02,20
1011,Patricia Rodriguez,Psychology,2.74,22
9230,Daniel Brown,Civil Engineering,3.72,22
3620,Lisa Gonzalez,Computer Science,2.13,19
3805,Linda Lewis,Civil Engineering,2.5,21
6612,Matthew Perez,Biology,3.71,20
6659,Christopher Thomas,Biology,2.01,18
6824,David Harris,Psychology,3.54,24
4248,Charles Hernandez,Computer Science,2.96,20
2726,Patricia White,Civil Engineering,3.44,24
1134,William Thompson,History,2.54,21
7379,Christopher Gonzalez,Business Administration,3.68,23
7212,Patricia Gonzalez,Chemistry,3.25,21
4754,David Johnson,Literature,2.67,25
5103,Matthew Davis,Biology,2.67,21
0408,Susan Moore,Computer Science,3.38,19
0280,Charles Lewis,Electrical Engineering,2.46,18
1873,Michael Anderson,Physics,3.07,19
1546,Patricia Perez,Biology,2.88,20
3641,Linda White,Mechanical Engineering,2.44,19
5608,Mary Rodriguez,Computer Science,3.84,24
6557,Patricia Rodriguez,Business Administration,3.18,25
2405,Mark Miller,Data Science,2.68,21
0358,Karen Brown,Data Science,3.61,21
5347,Mary Thomas,Psychology,2.55,20
8851,Nancy Harris,Psychology,3.46,25
4376,Anthony Miller,History,2.82,23
7722,Patricia Williams,Biology,3.17,22
9478,James Wilson,Psychology,2.7,23
2494,Matthew Anderson,Biology,3.39,18
2894,Lisa Brown,Business Administration,3.14,22
3497,Michael Garcia,Literature,2.31,18
4601,Lisa Garcia,Mechanical Engineering,3.65,21
1209,Robert Martinez,Chemistry,2.12,25
1966,Linda Martin,Electrical Engineering,2.06,21
8886,Barbara Lee,History,3.76,22
3353,Anthony Perez,Physics,2.31,19
2635,Anthony Lewis,Electrical Engineering,2.95,18
8673,Jennifer Lopez,Computer Science,3.07,24
9568,Patricia Williams,History,2.32,19
6611,Robert Wilson,Data Science,2.87,20
3568,William Thompson,Biology,3.43,23
7034,Mark Anderson,Electrical Engineering,3.66,21
0294,Joseph Wilson,Electrical Engineering,3.22,25
4218,William Hernandez,Civil Engineering,3.21,18
2470,Michael Gonzalez,Civil Engineering,2.75,25
1202,Sandra Williams,Literature,3.16,20
6195,Mark Johnson,Mechanical Engineering,3.47,19
7104,Sarah Thomas,Physics,3.82,20
5670,Mary Taylor,Electrical Engineering,3.08,21
1835,Betty Jones,Mechanical Engineering,3.82,19
1492,Linda Moore,Biology,2.17,19
0868,William Rodriguez,Mathematics,3.1,20
5525,Mary Wilson,Chemistry,3.7,21
8784,Robert Sanchez,History,2.44,19
2259,Thomas Jones,Economics,2.88,24
5973,Lisa Lee,Biology,2.16,23
0335,Joseph Garcia,Business Administration,2.55,23
0591,James Johnson,History,2.02,18
0906,Matthew Perez,Psychology,2.05,18
2056,John Hernandez,Electrical Engineering,3.52,19
5230,John Thompson,Mechanical Engineering,2.96,19
1518,Joseph Sanchez,Biology,3.3,18
3059,Betty Lee,Psychology,3.94,18
4585,Lisa Jones,Mathematics,2.63,19
7120,Betty Robinson,Biology,3.29,22
3622,William Garcia,Data Science,3.09,20
3328,Karen Perez,Economics,3.08,22
4525,Jessica Taylor,History,2.15,20
7795,Anthony Harris,Civil Engineering,3.0,18
6048,David Gonzalez,Chemistry,2.08,24
8872,Joseph Smith,Computer Science,3.2,18
7050,Nancy Rodriguez,Mechanical Engineering,2.76,23
5683,John Lopez,Psychology,3.03,20
6355,Richard Gonzalez,Economics,2.25,24
3832,Robert Sanchez,Civil Engineering,3.02,23
7624,Barbara Perez,Computer Science,2.73,20
3604,Betty Jackson,Physics,3.46,18
2460,Christopher Thomas,Computer Science,2.81,21
5516,Susan Martin,Literature,3.23,25
0875,Karen Lopez,History,4.0,20
2764,Robert Williams,Computer Science,2.54,18
4148,Sandra Brown,Literature,2.78,19
0302,Mark Moore,Biology,3.48,22
8919,Christopher White,Civil Engineering,3.92,20
5984,Sarah Thomas,Chemistry,3.76,21
2487,Thomas Miller,Physics,3.44,21
4596,Thomas Lee,Data Science,2.8,21
0114,Robert Perez,Data Science,2.28,24
1932,Karen Perez,Civil Engineering,3.45,22
4677,Susan Martinez,Electrical Engineering,2.04,24
3660,Matthew Thompson,Electrical Engineering,2.74,24
2911,Michael Brown,Civil Engineering,3.92,22
0650,John Anderson,Literature,2.08,24
2723,Elizabeth Lee,Physics,2.31,23
2968,Matthew Martinez,Literature,3.75,20
9883,Richard Sanchez,Mechanical Engineering,3.44,23
8291,David Moore,Business Administration,2.37,21
9541,Margaret Robinson,Psychology,2.05,19
9327,Jessica Gonzalez,Civil Engineering,2.82,22
5831,Margaret Martinez,Biology,3.15,18
8038,Matthew Davis,Psychology,2.22,21
8388,Sarah Thompson,Biology,3.04,22
0912,David White,Electrical Engineering,2.93,18
2753,Nancy Thompson,Mathematics,2.08,18
2746,Margaret Martinez,Mechanical Engineering,2.41,21
6052,Michael Harris,Literature,2.71,22
3158,Charles Hernandez,Psychology,2.24,21
7081,Betty Jones,History,2.2,19
9925,Daniel Martin,Chemistry,3.05,19
7947,Sarah Johnson,Economics,3.95,21
5497,Charles Williams,Business Administration,3.36,25
9593,Michael Jones,Physics,3.29,21
2122,Mary Lewis,Physics,3.71,19
0378,John Robinson,History,3.22,25
1463,Matthew Hernandez,Physics,2.19,24
5485,Matthew Moore,Psychology,3.73,18
0902,James Robinson,Electrical Engineering,2.42,18
8591,Betty Smith,Economics,2.21,24
5237,Patricia Moore,Electrical Engineering,3.68,18
2863,Linda Thompson,Physics,2.67,25
6063,William White,Civil Engineering,3.65,19
7416,Lisa Robinson,Physics,3.83,21
4812,Richard Lopez,Economics,3.58,20
1961,Mark Johnson,Data Science,2.62,19
3687,Betty Brown,Literature,3.05,22
2984,Patricia Moore,Civil Engineering,2.45,24
9389,Thomas Thomas,Mathematics,3.68,20
7410,Matthew Wilson,Mechanical Engineering,2.34,20
3201,Michael Martin,Economics,3.01,19
2135,Linda Anderson,Civil Engineering,2.67,24
5965,John Williams,Civil Engineering,3.87,22
4420,Robert Taylor,Biology,2.81,18
5157,Anthony Lopez,Business Administration,2.04,23
5797,Linda Thomas,Physics,2.86,18
7817,Thomas Thompson,Data Science,2.23,20
9363,Susan Harris,Literature,2.04,18
3265,Michael Ramirez,Computer Science,3.04,21
9273,Barbara Gonzalez,Physics,3.77,19
8683,Anthony Ramirez,History,2.05,20
3061,Nancy Anderson,Data Science,2.64,21
0497,Patricia Garcia,History,2.44,23
9135,Barbara Johnson,Literature,2.86,20
0665,Susan Jackson,Data Science,2.97,25
1836,Susan Harris,Biology,3.29,20
7523,Karen Miller,Biology,3.66,22
7459,Lisa Johnson,Data Science,2.48,18
1408,Betty Taylor,Chemistry,3.56,23
8440,Elizabeth Davis,Chemistry,3.73,20
3167,Susan Johnson,Mechanical Engineering,2.47,23
4795,Karen White,Data Science,2.11,23
0755,Joseph Thompson,Psychology,2.04,18
7576,Thomas Lopez,Economics,3.16,19
2774,Betty Martinez,Civil Engineering,3.15,18
9471,Daniel Anderson,Civil Engineering,3.17,20
4895,Richard Harris,Economics,3.41,24
2831,Matthew Martin,Economics,3.62,22
7011,Anthony Moore,Business Administration,3.21,25
3087,John Lewis,Biology,2.59,23
9809,Charles Gonzalez,Business Administration,3.9,21
3983,Robert Hernandez,Economics,2.21,18
0628,Matthew Taylor,Civil Engineering,3.14,21
7968,Jennifer Lewis,Mechanical Engineering,2.22,21
4551,Elizabeth Harris,Electrical Engineering,3.55,24
1168,Richard Jackson,Biology,3.92,18
0658,Susan Martin,Psychology,2.05,25
3392,Robert Gonzalez,Business Administration,2.24,24
6442,Mark Smith,Business Administration,2.88,21
5618,Elizabeth Moore,Psychology,2.46,21
4365,David Perez,Business Administration,3.2,23
3270,Christopher Davis,Biology,2.28,18
0193,Anthony Clark,Civil Engineering,3.66,23
4872,Susan Lewis,Business Administration,2.24,20
5178,Mark Thompson,Economics,3.22,23
9350,James Moore,History,3.7,20
3801,Richard Jackson,History,2.72,20
1064,Susan Perez,Civil Engineering,2.19,24
6889,Charles Gonzalez,Mathematics,2.81,19
1255,Sandra Clark,Mechanical Engineering,2.03,25
7358,Betty Wilson,Data Science,3.34,20
9430,Matthew Miller,History,3.06,23
7287,Sandra Harris,Data Science,2.5,21
7656,Matthew Rodriguez,Physics,3.08,21
5113,Charles Sanchez,History,2.62,22
9178,Christopher Lewis,Computer Science,3.71,20
2778,Jessica Harris,Mechanical Engineering,2.0,24
9270,Karen Gonzalez,Physics,2.13,18
7061,Patricia Clark,History,2.77,21
9908,John Williams,Business Administration,2.39,23
9490,Anthony Clark,Literature,2.05,19
0257,Richard Taylor,Computer Science,3.22,22
0774,John Martinez,Business Administration,3.21,23
8353,Mary Anderson,Physics,3.55,21
8743,Margaret Jackson,Chemistry,3.28,20
6914,Mary White,Mathematics,2.44,22
4856,William Smith,Chemistry,2.88,22
3587,Richard Garcia,Computer Science,3.43,25
6674,Mark Jones,Psychology,2.81,24
0540,Nancy Jones,Economics,2.27,18
4764,Sarah Sanchez,Data Science,3.49,25
9682,Lisa Lee,Literature,2.95,24
9518,Sandra Johnson,Electrical Engineering,3.13,19
3027,Matthew Harris,Civil Engineering,2.05,22
0836,John Miller,Mechanical Engineering,2.41,21
8588,John Robinson,Electrical Engineering,3.91,23
6452,Barbara Thompson,Electrical Engineering,2.41,24
3763,Patricia Anderson,Biology,3.85,25
8114,James Miller,Literature,3.99,20
3870,Nancy Brown,Data Science,3.21,18
4936,Richard Brown,Mechanical Engineering,3.5,21
3210,Anthony Taylor,Business Administration,2.64,25
0315,Jessica Moore,Economics,3.95,24
2784,Patricia Miller,Mechanical Engineering,2.89,22
3319,Elizabeth Rodriguez,Economics,2.1,20
6235,Margaret Jackson,Mathematics,2.1,24
0328,Elizabeth Taylor,Computer Science,3.95,19
0357,Susan Rodriguez,Civil Engineering,3.99,21
3601,Joseph Miller,Business Administration,2.5,19
9887,Richard Thomas,Biology,2.22,20
0268,Mark Anderson,Psychology,3.58,20
4849,Sandra Garcia,Data Science,2.03,20
7864,Christopher Williams,Chemistry,3.79,20
4747,Patricia Lee,Mechanical Engineering,2.52,24
7419,Jennifer Jackson,Biology,2.68,25
8714,Betty White,Business Administration,3.21,21
3884,Matthew Wilson,Literature,3.65,21
4711,Mark Brown,Literature,3.03,23
5377,Susan Smith,Mathematics,2.46,25
3904,Lisa Smith,Chemistry,3.57,24
1414,Richard Perez,Data Science,2.91,18
8756,Richard Ramirez,Chemistry,2.47,24
8564,Thomas Harris,History,2.29,18
7414,Barbara Harris,Computer Science,2.75,20
5665,John Perez,Literature,2.34,21
4696,Christopher Lopez,Mathematics,3.35,19
2062,Richard Perez,Literature,3.32,18
1095,Matthew Hernandez,Biology,3.98,19
1444,Nancy Rodriguez,Physics,3.14,19
9714,Thomas Lee,History,3.87,19
3569,Charles Jones,Mathematics,3.14,25
5454,Matthew Martin,Computer Science,3.12,22
8852,Linda Wilson,Economics,3.22,22
9392,Betty Moore,Literature,2.03,20
3338,Robert Lewis,Computer Science,3.7,18
5619,Karen Thompson,Psychology,2.46,24
5496,Lisa Martin,Psychology,3.38,22
5556,Christopher Jones,Civil Engineering,3.76,23
9470,Margaret White,Economics,3.02,19
5815,Christopher Williams,Civil Engineering,2.69,25
5435,Betty Harris,Computer Science,3.39,25
6849,John Lopez,Electrical Engineering,2.47,24
0167,Joseph Gonzalez,Chemistry,2.39,20
2272,James Robinson,Economics,2.9,24
6447,Matthew Williams,Economics,2.13,25
1568,Jessica Martin,Biology,2.98,20
3586,Margaret Martin,Economics,3.83,25
3525,Daniel Ramirez,Electrical Engineering,3.67,20
1490,David Taylor,Economics,2.39,18
8212,Betty Lee,Biology,2.64,18
7051,Richard Lee,Electrical Engineering,3.36,21
7266,Barbara Johnson,Psychology,2.54,18
8499,Nancy Lewis,Literature,2.72,24
5110,Richard White,Economics,2.66,25
5571,Charles Johnson,Computer Science,3.35,20
1744,William Lewis,Biology,2.35,23
7345,Margaret Lopez,Civil Engineering,2.5,24
8681,Joseph Jackson,Physics,2.39,23
4442,Anthony Clark,Economics,2.59,21
1363,Christopher Jones,Business Administration,3.07,22
1576,Betty Gonzalez,Literature,3.73,21
6263,Sarah Lewis,Economics,3.87,23
5976,Richard Garcia,Civil Engineering,2.16,23
5697,Jennifer Moore,History,2.68,25
1517,Jennifer Robinson,Mathematics,2.78,20
8485,Richard Jackson,Mechanical Engineering,3.74,21
7925,David Taylor,Economics,3.56,23
3541,Patricia Davis,Literature,3.98,19
6845,Sarah Thompson,Physics,2.74,18
2289,Christopher Thomas,Biology,2.53,24
3710,Margaret Moore,Mathematics,2.03,23
8547,Matthew Thomas,History,3.36,22
5450,Linda Smith,Mechanical Engineering,2.61,19
3594,Mark Perez,Biology,3.65,19
8667,Sandra Clark,Data Science,3.83,25
6408,Jennifer Johnson,Mechanical Engineering,3.04,23
7408,Charles Davis,Civil Engineering,3.59,19
2363,Anthony Lopez,Mechanical Engineering,2.79,19
6913,David Martinez,Chemistry,2.22,23
3520,Michael Brown,Mechanical Engineering,3.46,23
6710,Karen Lewis,Mechanical Engineering,3.64,25
6822,Lisa Ramirez,Biology,2.19,24
7441,Joseph Ramirez,Mathematics,2.09,22
3299,Margaret Jones,Psychology,3.73,19
6696,Elizabeth Harris,History,2.17,23
6920,Jennifer Anderson,Physics,3.23,19
2028,Daniel Jackson,Biology,2.95,18
8360,Karen White,Literature,2.26,25
7627,James Rodriguez,Mathematics,2.26,23
1963,Richard Garcia,Electrical Engineering,3.87,24
6039,Susan Johnson,Mathematics,3.73,24
5696,Betty Harris,Chemistry,3.08,22
7339,Elizabeth Ramirez,Electrical Engineering,2.28,23
4346,Thomas Hernandez,Psychology,3.79,22
2065,Sarah Lee,Mathematics,3.47,24
8574,Barbara Sanchez,Literature,2.63,22
5583,Jennifer Taylor,Electrical Engineering,2.61,19
7380,John Sanchez,Psychology,2.86,23
7411,James Jones,Literature,2.01,18
6597,Mary Jones,History,2.61,21
6131,Charles Lee,Mechanical Engineering,2.15,21
0910,Robert Lee,Literature,3.77,19
3807,Betty Hernandez,Literature,2.63,21
5612,James Hernandez,Mathematics,2.96,21
1015,Christopher Lee,Physics,3.11,20
4665,Nancy Brown,Civil Engineering,2.61,24
9659,Richard Jackson,Economics,3.99,25
4947,Robert Thomas,Literature,3.38,21
9281,Susan Anderson,Business Administration,3.58,22
7597,Christopher Wilson,Electrical Engineering,3.49,20
7401,Barbara Ramirez,Biology,3.97,20
0886,Sandra Lopez,Civil Engineering,2.42,19
7466,Thomas Miller,History,3.63,19
2137,Lisa Jones,Mechanical Engineering,3.67,20
1686,Michael Martin,Electrical Engineering,3.76,18
0354,Christopher Martinez,Economics,2.19,24
0940,Lisa Smith,Data Science,3.04,24
6938,William Thomas,Electrical Engineering,2.41,25
4328,Barbara Smith,Biology,2.33,25
8256,Richard Taylor,Psychology,2.17,25
9126,Jennifer Sanchez,Electrical Engineering,3.8,25
4969,Joseph Hernandez,Civil Engineering,3.49,23
3208,Sarah Lee,Civil Engineering,2.97,24
9133,Robert Ramirez,Economics,3.88,23
3298,Robert Martin,Data Science,3.02,25
4007,Richard Lewis,Business Administration,3.11,19
8274,Richard Johnson,Biology,3.74,25
0559,Patricia Lee,Chemistry,2.35,25
5472,Nancy Miller,Mechanical Engineering,2.89,21
0244,Sandra Jackson,Business Administration,3.17,20
0131,Anthony Robinson,Computer Science,2.65,20
6801,Robert Jackson,Economics,3.82,21
6331,Lisa Wilson,Electrical Engineering,3.91,24
3536,Betty Hernandez,Business Administration,3.71,19
9800,Christopher Martinez,Mechanical Engineering,3.11,20
7265,Linda Lewis,Electrical Engineering,2.65,23
0795,Daniel Davis,History,3.16,21
6208,David Moore,Civil Engineering,2.53,19
4981,Jessica White,Business Administration,2.93,25
1529,Linda Garcia,History,2.79,21
9426,James Jackson,Mathematics,2.52,22
5311,Charles Sanchez,History,3.0,19
6526,Jennifer Lewis,Chemistry,3.21,25
7969,James Garcia,Economics,2.35,19
0593,Jennifer Johnson,Mathematics,2.49,25
8972,Matthew Taylor,Chemistry,3.44,21
5165,Jessica Thompson,Literature,2.65,21
9421,Robert Jones,Computer Science,3.62,19
5195,Robert Sanchez,Mathematics,2.79,18
6946,Sarah Miller,Electrical Engineering,2.08,18
2413,William Harris,Biology,2.98,25
4205,Thomas Taylor,Biology,3.73,25
4826,Barbara Perez,Mechanical Engineering,3.39,23
1689,Nancy Taylor,Mathematics,2.37,24
7580,Sandra Johnson,History,3.68,18
7166,Michael Smith,Civil Engineering,3.96,21
9091,Sandra Gonzalez,Business Administration,2.16,23
2310,Patricia Anderson,Data Science,2.69,20
0451,Michael Ramirez,Psychology,3.14,19
6863,James Harris,Electrical Engineering,3.29,20
4713,Matthew Robinson,Psychology,3.88,23
8416,Nancy Smith,Data Science,2.61,25
1716,William Lee,Literature,3.47,21
8544,Mary Martin,Literature,2.39,18
5510,Charles Wilson,Chemistry,2.17,25
2806,John Martin,Data Science,2.29,18
2904,Christopher Jones,Psychology,2.3,21
2637,Jennifer Brown,Literature,3.37,25
2109,Susan Anderson,History,3.32,18
3617,Patricia Martin,History,3.49,19
9580,Patricia Brown,Physics,2.81,20
3523,Sandra Garcia,Computer Science,2.24,18
0720,Joseph Jones,Psychology,2.69,25
7128,Sandra Davis,Mechanical Engineering,3.85,21
0214,Mary Martinez,Economics,2.38,24
0427,David Miller,Biology,2.03,20
0177,Joseph Lee,Business Administration,3.62,19
2926,Robert Harris,History,2.56,19
9984,John Martinez,Computer Science,3.58,24
8425,Christopher Taylor,Electrical Engineering,3.84,18
8326,Charles Perez,Mathematics,3.96,20
9424,Karen Martinez,Physics,2.26,21
1167,Daniel Ramirez,Mathematics,3.99,23
9601,Lisa Gonzalez,Literature,3.58,18
7132,Betty Robinson,Mechanical Engineering,3.43,23
0176,Robert Harris,Psychology,3.17,18
3332,Matthew Brown,Mechanical Engineering,3.94,19
4867,Robert Rodriguez,Mechanical Engineering,2.85,23
9464,Sarah Hernandez,Biology,2.73,22
4042,Matthew Robinson,Electrical Engineering,2.42,18
2887,William Williams,Psychology,3.56,18
8453,Robert Thomas,Computer Science,2.84,23
8182,Karen Garcia,Chemistry,2.46,25
2813,William Johnson,Electrical Engineering,3.2,18
2553,Joseph White,Psychology,3.93,24
7133,Susan Ramirez,Economics,2.04,21
7422,Robert Jones,Literature,2.56,19
6176,David Hernandez,Civil Engineering,3.91,20
4570,Anthony Lewis,Business Administration,3.26,18
2210,Linda Thompson,Psychology,3.73,18
1482,Linda Johnson,Data Science,2.03,23
0391,Sandra Lewis,Physics,3.91,25
6970,Barbara Wilson,History,2.62,19
7706,Barbara Anderson,Economics,3.35,23
5092,Barbara Martinez,Physics,3.69,21
5042,William Thomas,Literature,2.21,22
6732,Joseph Wilson,Computer Science,2.22,18
9116,Matthew Brown,History,3.57,19
9032,Mary Miller,Computer Science,3.61,24
5437,Sarah Davis,Data Science,2.9,22
6230,Matthew Williams,Chemistry,2.32,18
6480,Sarah Smith,Biology,2.19,23
4228,Joseph Brown,Electrical Engineering,3.19,19
5306,David Thompson,Computer Science,2.93,21
2510,Thomas Johnson,Physics,2.91,21
0714,Mary Anderson,Psychology,2.46,19
0979,Mary Clark,Literature,2.58,22
1687,Jessica Martinez,Mechanical Engineering,3.6,20
9341,Patricia Thompson,Mechanical Engineering,2.05,24
2652,Jennifer Lopez,Biology,3.72,23
7038,Joseph Wilson,Psychology,2.86,22
3050,Jessica Smith,Mechanical Engineering,2.24,18
0844,David Miller,Business Administration,3.61,21
2680,Karen Gonzalez,Electrical Engineering,3.65,25
3842,Sandra Rodriguez,Literature,2.87,24
1704,Susan Clark,Electrical Engineering,2.16,19
1162,Thomas Davis,Literature,2.28,25
8895,James Johnson,Computer Science,3.96,24
7089,Susan Wilson,Data Science,2.62,23
0029,Christopher Jackson,Computer Science,3.51,19
4779,Mary Anderson,Economics,2.97,25
6139,Patricia Robinson,Civil Engineering,2.07,22
1994,Charles Davis,Biology,3.54,19
7347,Anthony Thompson,Economics,3.51,22
8721,Charles Smith,Mathematics,2.5,19
4698,David Sanchez,Electrical Engineering,2.08,18
9998,Betty Jackson,Civil Engineering,3.29,25
8934,Sandra Robinson,Physics,3.57,25
3976,Christopher Davis,Business Administration,2.13,25
5769,Charles Anderson,Business Administration,2.24,24
0997,Richard Martin,Biology,3.5,19
9886,Susan Robinson,Physics,3.91,20
6385,Michael Thomas,Civil Engineering,3.91,25
6369,Jessica Jackson,Civil Engineering,2.5,20
1515,Matthew Hernandez,Physics,2.37,22
6103,Charles Jackson,Data Science,3.99,25
4474,Betty Smith,Data Science,3.42,22
6734,Jennifer Lewis,Physics,3.7,20
3500,James Miller,Chemistry,2.1,25
5498,Anthony Lewis,Biology,3.69,19
5814,John Wilson,Computer Science,3.68,18
8475,Christopher Sanchez,Business Administration,3.26,19
2793,Margaret Robinson,Biology,3.89,19
8107,Linda Lopez,Business Administration,3.4,25
6647,Mark Jones,Data Science,2.17,25
9158,James White,Literature,3.08,22
2770,Sandra Perez,Biology,2.06,19
7786,Sarah Robinson,Physics,3.79,22
3723,Sarah Jones,Electrical Engineering,3.52,25
0494,Mark Lewis,Mathematics,3.04,21
1328,Charles Anderson,Biology,2.75,18
9002,Sarah Garcia,Computer Science,3.62,22
4810,Sarah Johnson,Physics,2.95,25
6974,Nancy Williams,Literature,3.69,21
9365,Richard Jackson,Data Science,2.6,24
4239,John Harris,Business Administration,3.34,20
0903,Thomas Lewis,Chemistry,3.35,22
7870,Betty Garcia,Economics,3.34,20
3345,Joseph White,History,2.78,25
2961,Nancy Lee,Computer Science,2.53,23
0261,Linda Thompson,Data Science,2.52,19
2917,Betty Jackson,Physics,2.22,24
7139,Mary Thomas,Biology,3.28,20
5430,Jessica Martinez,Business Administration,3.79,21
9932,David White,Physics,2.71,25
0204,Charles Sanchez,Literature,3.61,24
0705,Jennifer Martinez,Business Administration,2.09,24
6811,Daniel Lee,Civil Engineering,3.67,24
5127,Richard Moore,Mechanical Engineering,3.44,24
6114,James Rodriguez,Chemistry,3.02,20
0187,John Anderson,Computer Science,2.31,23
5754,Patricia Gonzalez,Electrical Engineering,2.32,23
3621,Charles Harris,Mechanical Engineering,3.65,24
6356,William Moore,Biology,2.25,21
6483,William Moore,Physics,3.07,21
8240,Karen Johnson,Physics,2.27,22
7634,Richard Thomas,Electrical Engineering,3.98,25
3850,Karen Jackson,Data Science,2.85,19
2373,John Martinez,Data Science,2.43,19
9284,Charles Lewis,History,3.99,21
8790,Barbara Perez,History,3.97,20
6698,Anthony Ramirez,Mechanical Engineering,3.43,19
7382,Linda Miller,Chemistry,3.44,18
3664,David Garcia,Mechanical Engineering,2.09,22
9146,David Moore,Biology,2.19,23
6166,Matthew Clark,Psychology,2.04,20
0175,Barbara Robinson,Civil Engineering,3.5,25
1383,Robert Rodriguez,Data Science,3.23,24
9767,David Lee,Computer Science,3.75,22
3097,William Smith,History,3.13,24
0151,Margaret Williams,Chemistry,3.51,25
8438,Mark Robinson,Psychology,2.13,20
3343,Daniel Rodriguez,Economics,3.08,18
6792,Sarah Moore,Psychology,2.01,24
6119,Joseph Clark,Biology,2.29,22
5367,John Anderson,Civil Engineering,2.83,19
2528,Betty Davis,Literature,2.65,20
7998,Sandra Gonzalez,Business Administration,2.75,22
8879,Sarah Wilson,Economics,3.33,21
6988,Daniel Jackson,Physics,3.39,25
0976,Elizabeth Robinson,Biology,2.76,22
4940,Daniel Lewis,Literature,2.18,23
4944,Charles Rodriguez,Mathematics,3.61,18
6104,Patricia Brown,Economics,2.27,20
4513,Mary Ramirez,Business Administration,3.56,23
0573,Linda Thompson,Physics,3.78,18
4746,Barbara Brown,Data Science,2.95,24
1793,Nancy White,Computer Science,2.45,24
0347,Michael Wilson,Mathematics,2.5,20
9080,Patricia Taylor,Economics,2.52,23
6154,Karen Johnson,Physics,2.97,18
3496,James Martin,Business Administration,3.3,22
9122,Betty Jones,Civil Engineering,3.06,22
1224,Jennifer Johnson,Civil Engineering,3.84,24
7315,Nancy Ramirez,Civil Engineering,3.57,24
3573,Susan Thomas,Physics,2.1,24
5490,William Garcia,Computer Science,3.64,22
9615,David Wilson,Literature,2.73,25
0723,David Moore,Computer Science,3.14,22
0831,Matthew Hernandez,Mechanical Engineering,2.38,18
1187,Susan Jones,Mechanical Engineering,3.71,23
6665,William Sanchez,Physics,3.75,20
8078,Margaret Lee,Electrical Engineering,3.54,23
9453,Daniel Martinez,Computer Science,2.22,23
9210,Karen Martin,Mathematics,2.46,18
9950,James Thompson,Business Administration,2.85,20
9367,Patricia Garcia,Electrical Engineering,2.59,25
0226,Susan Lewis,Chemistry,3.39,25
7113,Elizabeth Gonzalez,Electrical Engineering,3.53,19
6474,Richard Smith,Data Science,2.16,22
3666,Daniel Brown,Data Science,2.75,22
1470,Sarah Sanchez,Biology,3.28,18
2192,James Harris,Biology,2.03,25
7431,Charles Taylor,Physics,2.96,25
8216,Sarah Jones,Mechanical Engineering,3.75,20
9235,Charles Martin,Mathematics,2.89,18
8081,Sandra Sanchez,Civil Engineering,2.89,24
0013,Betty Rodriguez,Literature,2.33,24
7295,John Jones,Psychology,2.22,20
2212,Mary Miller,Biology,2.5,25
4725,David Davis,Physics,2.69,24
8194,Margaret Harris,Biology,2.1,23
9681,Anthony Lee,Electrical Engineering,2.74,22
9266,Thomas Garcia,Civil Engineering,2.26,21
9342,Thomas Hernandez,Civil Engineering,2.72,22
9020,Mary Johnson,Business Administration,3.89,22
0015,Elizabeth Lee,Mathematics,2.57,25
2913,David White,Electrical Engineering,3.74,19
9213,Patricia Jones,Mechanical Engineering,2.31,25
5386,Elizabeth Harris,Biology,3.23,25
0620,Nancy Martin,Psychology,3.63,19
1091,Joseph Anderson,History,2.8,21
1599,Linda Perez,Civil Engineering,3.29,20
3860,Jessica Garcia,Computer Science,2.38,24
2812,Nancy Garcia,Literature,2.15,25
8155,Barbara Thompson,Computer Science,3.31,18
6800,Betty Ramirez,Data Science,3.21,24
7561,Linda Clark,Computer Science,2.51,21
2582,Mary Gonzalez,Economics,3.99,21
1026,David White,Biology,3.01,20
6434,William Martin,Mechanical Engineering,2.66,21
3974,Mark Martinez,Computer Science,2.07,19
8529,Thomas Williams,Psychology,3.75,25
0142,Jessica Taylor,Civil Engineering,3.03,19
9153,Anthony Wilson,Mathematics,3.98,22
5433,William Rodriguez,Business Administration,3.91,22
6185,William Wilson,Computer Science,3.65,21
0435,Anthony Moore,Mathematics,3.38,25
2514,Karen Martin,Mechanical Engineering,2.9,19
7881,James Lee,Business Administration,3.3,23
5137,Linda Lee,Economics,2.25,25
9808,Thomas Taylor,Business Administration,2.51,24
2776,Betty Martin,Economics,3.16,20
5164,Mark Lewis,History,3.38,18
2015,Elizabeth Hernandez,Chemistry,3.16,20
3254,Anthony Thomas,Data Science,2.55,25
1608,Nancy Jones,Civil Engineering,2.75,18
2499,Betty Williams,Literature,3.46,24
3018,Daniel Rodriguez,Electrical Engineering,2.54,21
2014,Anthony Moore,Business Administration,2.45,25
6387,Jennifer Taylor,Mechanical Engineering,2.48,19
3699,Robert Brown,Business Administration,3.32,25
0728,James Gonzalez,Literature,2.31,21
9912,Jennifer Taylor,Literature,3.03,18
1057,Daniel Jackson,Biology,3.85,20
3642,Robert Brown,Computer Science,3.63,18
4721,Jennifer Davis,Electrical Engineering,3.78,18
8333,John Thompson,Biology,2.77,24
8670,Richard Brown,Computer Science,3.82,25
4855,Daniel Gonzalez,Data Science,2.02,19
1135,Anthony Martinez,Mechanical Engineering,2.75,19
0303,Elizabeth Johnson,Psychology,2.47,22
0663,Sandra Hernandez,Business Administration,2.49,19
8096,Charles Taylor,History,2.09,25
7958,William Wilson,History,3.5,20
8260,Michael Hernandez,Civil Engineering,2.82,23
1132,Anthony Perez,History,2.2,18
1857,Michael White,History,3.99,25
4917,Anthony Harris,Physics,3.83,18
3030,Barbara Clark,Literature,2.56,23
5441,Lisa Jackson,Physics,2.88,19
1037,David Smith,Psychology,2.09,24
6529,Mark Perez,Physics,2.84,19
7714,John Smith,Business Administration,2.79,23
3494,Elizabeth Ramirez,Data Science,3.42,21
7389,Elizabeth Smith,History,2.89,23
5650,Patricia Gonzalez,Economics,3.64,22
4759,Matthew Martin,Chemistry,2.08,18
4287,Barbara Harris,Biology,3.52,24
8292,Susan Moore,Mechanical Engineering,2.59,20
5319,Richard Moore,Psychology,3.13,24
0498,Jennifer Gonzalez,Economics,2.92,18
7053,Thomas Davis,Biology,2.87,19
5892,Jessica Taylor,Business Administration,3.32,25
2433,Betty Martin,Data Science,2.73,23
0232,Betty Jackson,Physics,2.36,25
9466,Margaret Williams,Economics,2.91,24
2537,James Thompson,Economics,2.47,18
6113,John Jones,Physics,3.76,23
0139,Joseph Ramirez,Business Administration,3.04,20
0790,Richard Smith,Civil Engineering,3.96,18
1031,Matthew Lewis,Economics,2.74,20
2991,John Sanchez,Chemistry,2.72,23
0898,Patricia Anderson,Chemistry,2.91,19
9890,Nancy White,Electrical Engineering,2.98,24
9532,Karen Garcia,History,2.15,20
0425,William Williams,Economics,3.43,24
3421,Robert Wilson,Civil Engineering,2.35,20
9504,Karen Thomas,Mathematics,3.02,19
8169,Joseph Johnson,History,3.41,22
7550,Lisa White,Mathematics,2.53,20
0278,Patricia Clark,Biology,2.69,22
6094,Barbara Thomas,Literature,3.67,23
9968,Susan Harris,Biology,2.25,20
2243,Robert Ramirez,Literature,2.73,18
1283,Daniel Jackson,Computer Science,3.88,18
4322,John Lee,Physics,2.44,23
3928,Susan Rodriguez,Computer Science,2.92,21
8831,Anthony Jones,Civil Engineering,3.7,25
5159,Jennifer Taylor,Electrical Engineering,3.84,23
8926,Mark White,History,2.56,18
0990,John Thomas,Biology,3.3,20
3982,Jennifer Thompson,Civil Engineering,3.43,21
1602,John Jones,Physics,2.14,23
6721,James Thomas,Data Science,2.12,23
1045,Sarah Lee,Psychology,3.51,18
3590,John Brown,Economics,2.74,18
5652,Karen Garcia,Literature,2.93,19
1107,Anthony Perez,Data Science,2.63,24
6013,John White,Computer Science,3.49,21
3009,Anthony Ramirez,History,2.88,20
8761,Michael Johnson,Computer Science,2.92,24
2805,Charles Hernandez,Business Administration,2.03,25
3498,William Lewis,Psychology,3.66,19
5863,Mark Taylor,Economics,3.57,23
8359,Daniel Martinez,Mechanical Engineering,3.62,20
6829,Betty Jackson,Biology,2.94,21
9447,Margaret Ramirez,Physics,2.69,22
2171,William Thomas,History,2.23,19
7855,Karen Sanchez,Psychology,3.03,20
1564,Jessica Miller,History,2.62,19
1838,Michael Lewis,History,3.45,19
5182,Mary Rodriguez,Mathematics,2.09,23
4896,Matthew Moore,Business Administration,3.22,21
2964,Nancy Garcia,Data Science,2.94,22
5895,Michael Lewis,History,3.58,23
8488,Joseph Rodriguez,Biology,3.53,21
6595,David Ramirez,Electrical Engineering,2.84,18
3129,Richard Ramirez,Civil Engineering,3.96,24
2838,Mary White,Physics,2.9,21
5512,Daniel Rodriguez,Civil Engineering,3.86,21
0957,Sarah Martinez,Electrical Engineering,2.64,21
2181,Richard Robinson,History,3.82,22
2632,Richard Robinson,Electrical Engineering,3.08,23
5586,David Johnson,Chemistry,3.63,22
1950,Daniel Johnson,Physics,2.72,23
7587,Barbara Williams,Mathematics,3.92,20
1900,Michael Jackson,Electrical Engineering,3.46,18
8867,Karen Johnson,Biology,3.87,23
8296,Patricia Johnson,Chemistry,3.26,22
6540,Lisa Smith,Business Administration,3.98,19
6507,Mark Davis,Data Science,3.9,19
2769,Joseph Harris,Biology,3.88,19
0222,Karen Perez,Computer Science,2.28,22
6791,Daniel Anderson,Business Administration,2.78,20
6753,Jennifer Lee,Computer Science,2.81,23
0863,Sandra Davis,Mathematics,3.64,22
9621,Daniel Williams,Business Administration,2.35,18
6737,Mark Williams,Business Administration,2.27,25
1802,Mark Hernandez,History,3.59,23
3291,Margaret Johnson,Computer Science,2.32,24
1569,Matthew Sanchez,Psychology,3.84,19
4364,David Brown,Mathematics,2.43,20
2031,Sandra Lewis,Mathematics,3.93,22
4488,Joseph Lee,Economics,2.68,25
2439,Elizabeth Johnson,Literature,2.98,25
8460,Daniel Miller,Literature,2.26,18
5638,Sandra Lopez,Psychology,3.49,23
1404,Christopher Smith,Mechanical Engineering,3.33,19
7470,Mary Smith,Physics,2.58,21
2160,Elizabeth Harris,Psychology,2.02,19
3307,James Rodriguez,Mathematics,2.25,18
7876,Mark Miller,Physics,2.09,22
6460,John Williams,Biology,2.6,19
5540,Linda Lee,Mathematics,3.76,20
9140,Sarah Lopez,Mathematics,3.52,21
5789,Sandra Lopez,Business Administration,3.13,20
6657,Mary Lopez,Physics,2.14,18
0619,Susan Thomas,Economics,3.88,18
2423,Christopher Smith,Physics,3.14,18
7099,John Moore,Physics,3.43,25
7737,William Johnson,History,3.39,21
0456,Jessica Taylor,Civil Engineering,3.39,20
4595,Daniel Lewis,Mechanical Engineering,3.32,22
9443,Elizabeth Jackson,Psychology,3.93,23
7220,Margaret Davis,Computer Science,2.01,25
5146,Joseph Gonzalez,History,3.7,20
8070,David Hernandez,Computer Science,2.44,23
0542,Anthony Smith,Data Science,2.99,24
1032,David Rodriguez,Electrical Engineering,3.8,20
5309,Elizabeth Brown,Chemistry,3.07,20
0314,Charles Johnson,Business Administration,2.37,20
8173,Linda Sanchez,Mechanical Engineering,2.62,19
0519,John Smith,Psychology,3.57,18
0337,Christopher Lewis,Physics,3.68,18
3609,Barbara Davis,Computer Science,3.27,24
1174,Thomas Rodriguez,Mechanical Engineering,2.03,19
0111,John Gonzalez,Physics,2.89,20
2557,Karen Robinson,Computer Science,2.56,23
7059,Sandra Robinson,Chemistry,2.67,25
0211,David Ramirez,Economics,3.72,19
6517,Jennifer Jackson,Psychology,3.19,24
0692,Elizabeth Garcia,Physics,2.09,21
2368,Susan Perez,History,3.76,18
1938,Mark Thompson,Electrical Engineering,2.92,23
6750,Thomas Garcia,Data Science,2.51,25
8644,Mark Smith,Psychology,3.19,18
1066,Sandra Anderson,Data Science,2.18,23
2308,Anthony Garcia,Mechanical Engineering,3.43,18
9354,Jennifer Miller,Physics,3.4,20
4493,Patricia Lee,History,3.22,20
0144,John Lopez,Biology,3.57,25
6748,Lisa Smith,Business Administration,2.73,19
1184,Susan Brown,History,2.22,24
1206,Michael Moore,Mathematics,2.66,19
1445,Lisa Jackson,Mathematics,3.14,25
4385,Daniel Thomas,Electrical Engineering,3.41,19
1357,Richard Moore,Biology,2.09,18
2350,Matthew Harris,Mathematics,3.83,25
5126,Sarah Harris,History,3.4,21
2099,John Moore,Physics,3.22,20
5331,Thomas Robinson,Economics,2.96,20
9521,Betty Taylor,Civil Engineering,2.66,22
6739,Margaret Johnson,Business Administration,2.19,20
5960,Jennifer White,History,2.95,18
1407,Mary Garcia,Biology,2.43,22
0216,Sarah Jones,Business Administration,3.85,21
5834,Robert Perez,Electrical Engineering,2.12,19
5185,William Rodriguez,Chemistry,3.97,21
4888,Lisa Jones,Psychology,3.72,19
2208,John Wilson,Mathematics,3.15,21
4313,Daniel Smith,Business Administration,2.25,18
2875,Robert Johnson,Business Administration,2.42,18
4970,William Robinson,Psychology,3.39,21
3400,Margaret Jones,Electrical Engineering,3.43,25
7728,Barbara Ramirez,Electrical Engineering,3.39,19
1004,Linda Lopez,Psychology,2.39,20
6928,Thomas Williams,Physics,2.67,18
2498,Susan Rodriguez,Physics,2.39,18
4329,Barbara Thompson,History,3.19,25
9432,Joseph Anderson,Mathematics,2.8,19
8771,Karen Moore,Mechanical Engineering,2.26,19
3172,Nancy Smith,Business Administration,2.32,19
1144,Susan Perez,Literature,3.37,19
9243,Jessica Martinez,Physics,3.73,18
6562,Margaret Garcia,Economics,3.5,21
6036,Patricia Sanchez,Computer Science,2.53,22
6292,John Martin,Physics,2.78,20
2376,Charles Williams,History,3.74,19
6060,Susan Thomas,Computer Science,3.0,23
5357,Richard Moore,Mathematics,3.94,24
1979,Anthony Robinson,Physics,2.92,18
4277,Richard Davis,Psychology,2.79,20
7992,John Jackson,Biology,3.61,23
7278,Barbara Johnson,Civil Engineering,3.16,22
5476,Elizabeth Lee,Computer Science,2.88,24
3818,Richard Miller,Business Administration,2.61,21
2237,Daniel Davis,Economics,2.83,18
4593,Elizabeth Lee,Economics,2.75,25
6844,Michael Jones,Literature,2.34,20
6793,Susan Lewis,Literature,2.23,22
4862,Robert Rodriguez,Mechanical Engineering,3.57,20
2040,Sandra Clark,Psychology,2.69,23
2836,William Perez,Electrical Engineering,2.2,18
0030,Sarah White,Chemistry,3.9,19
5569,Lisa Martin,Physics,2.3,21
8191,Lisa Martinez,Literature,3.42,24
8696,William Davis,Mechanical Engineering,3.12,21
7549,Mark Jones,Psychology,3.93,22
7162,Joseph Garcia,Mathematics,3.33,23
2788,Sarah Davis,Mechanical Engineering,2.49,21
3671,Anthony Johnson,History,3.38,19
9231,John Thompson,Literature,2.73,25
1737,Richard Smith,Mathematics,3.96,22
2086,Barbara Ramirez,Chemistry,3.56,24
1861,Sandra Thompson,Economics,3.35,25
9191,David Sanchez,Chemistry,2.8,22
4226,Lisa Harris,Business Administration,2.67,21
9858,Barbara Davis,Physics,2.74,25
6476,Margaret Rodriguez,Physics,2.77,24
5660,Betty Williams,Physics,2.42,22
7282,Robert Williams,Electrical Engineering,2.69,23
7070,James Moore,Psychology,3.82,23
3564,Sandra Clark,Economics,3.83,22
4430,Thomas Williams,Literature,2.68,24
5465,Karen Jones,Mathematics,3.57,23
1788,Charles Gonzalez,Physics,2.6,25
4991,Jennifer Brown,Literature,3.85,18
6942,Joseph Ramirez,Civil Engineering,2.27,23
0589,Matthew Thompson,Economics,3.97,22
0064,Jennifer Gonzalez,Data Science,3.87,22
9705,Mary Perez,Civil Engineering,3.3,21
3729,Linda Sanchez,Electrical Engineering,3.88,19
0047,Elizabeth Harris,Mathematics,3.77,21
9702,Daniel Sanchez,Computer Science,2.91,24
4740,Linda Perez,History,2.92,19
6220,Sandra Perez,Computer Science,2.06,19
7188,Jessica Taylor,Literature,2.71,20
7759,Robert Robinson,Data Science,2.16,25
1708,John Robinson,Biology,2.56,20
3238,Michael Lopez,Literature,3.94,22
7943,Lisa Lewis,Electrical Engineering,2.87,25
8271,William Rodriguez,Literature,3.36,25
0770,Mary Brown,Chemistry,2.39,20
8963,Margaret Lee,Literature,3.35,24
6627,Betty Hernandez,Psychology,3.64,21
6468,Mark Anderson,Chemistry,2.91,24
7215,Richard Perez,Mathematics,2.81,21
9137,Joseph Smith,Data Science,2.56,18
2232,Christopher Clark,Computer Science,3.85,23
1782,Anthony Jones,Literature,2.88,19
6158,James Robinson,Mathematics,2.65,18
7978,Mary Smith,Electrical Engineering,2.97,20
1567,Lisa Jones,Data Science,2.62,23
1303,Joseph Perez,Literature,3.89,19
6360,Susan Smith,Economics,2.6,19
3427,Matthew Robinson,Mechanical Engineering,3.53,19
7984,Jessica Garcia,Computer Science,2.4,21
8795,Richard Martin,Mathematics,2.7,20
0963,Thomas Harris,Physics,2.35,18
4645,Karen Lee,Electrical Engineering,3.15,25
1155,Betty Davis,Mathematics,2.26,23
0449,Karen Lopez,Literature,3.79,21
4331,Sandra Davis,Electrical Engineering,2.34,25
2293,Linda Thompson,Economics,2.38,20
0003,James Martinez,Mathematics,3.71,21
3635,Betty Lopez,Mechanical Engineering,2.26,24
8671,Susan Williams,Biology,2.7,18
9646,Jessica Gonzalez,Data Science,3.81,25
8034,Mary Taylor,Electrical Engineering,2.78,25
8792,Betty Brown,History,3.01,20
7934,Anthony Ramirez,Mechanical Engineering,2.76,19
7890,James Thomas,Data Science,2.31,19
2090,Barbara Lee,Literature,3.9,21
6769,Mark Moore,Business Administration,3.12,20
5414,Daniel Williams,Literature,2.99,24
5978,Sandra Thompson,History,2.52,22
6788,Matthew Gonzalez,Chemistry,2.4,25
6508,Matthew Rodriguez,Electrical Engineering,2.29,21
5086,Daniel Jones,Electrical Engineering,3.9,18
8839,Christopher Brown,History,3.21,22
2783,Robert Lopez,Biology,3.98,20
4825,Daniel Clark,Business Administration,3.98,20
7852,Jennifer White,Mathematics,2.81,24
3196,Jennifer Clark,Economics,3.99,23
5971,Michael Lopez,Business Administration,2.1,24
7312,Linda Clark,Business Administration,3.58,25
0801,Margaret Sanchez,Mechanical Engineering,2.13,19
1831,Sarah Johnson,Civil Engineering,2.79,25
9214,William Brown,Literature,2.47,25
2521,Nancy Hernandez,Mechanical Engineering,3.71,22
1597,Matthew Brown,Business Administration,3.12,20
9500,James Lewis,Business Administration,2.14,24
2176,Jennifer Gonzalez,Business Administration,2.11,22
1855,Nancy Gonzalez,Mechanical Engineering,3.14,25
3008,Nancy Lopez,Physics,2.13,22
2706,Betty Thomas,Computer Science,2.72,22
5528,Charles Williams,History,2.35,19
7487,Barbara Williams,Physics,3.95,22
6003,John Williams,Economics,3.53,23
2378,David Wilson,Civil Engineering,2.03,19
0569,Charles White,Physics,3.18,21
5117,Charles Hernandez,Chemistry,3.09,23
4466,Betty Garcia,Computer Science,2.95,18
9026,Betty Jones,Computer Science,2.51,24
7073,Jennifer Perez,Computer Science,2.14,25
2641,Patricia Jones,Psychology,3.32,20
4162,Elizabeth Williams,Mechanical Engineering,3.14,24
9387,Mark Martin,Physics,2.93,25
3231,Richard Johnson,Economics,3.91,25
3484,Michael Williams,Electrical Engineering,2.85,25
3104,Linda Williams,History,3.2,20
4842,Robert Anderson,Business Administration,2.78,18
2450,Joseph Hernandez,Psychology,3.15,25
0285,Christopher Moore,Physics,2.7,21
1662,Christopher Perez,Economics,3.8,22
7566,Michael Brown,Economics,2.18,24
8029,David Martinez,Mechanical Engineering,2.06,23
1823,Jennifer Davis,Data Science,2.29,20
0399,Patricia Jackson,Data Science,2.7,18
9368,Matthew Lopez,Chemistry,3.62,22
9056,Elizabeth Jackson,Business Administration,2.91,22
6200,Jessica Smith,Psychology,2.1,20
9282,Susan Moore,Chemistry,2.79,22
7219,Sarah Perez,History,2.87,24
4071,Elizabeth Jackson,Chemistry,3.19,22
1993,Mark Williams,Physics,3.63,24
6123,Mark Lopez,Physics,3.38,18
3971,William Ramirez,Mathematics,2.07,24
7027,Linda Lopez,Mathematics,3.4,25
5483,Michael Johnson,Economics,3.48,22
9830,Charles Wilson,Economics,2.37,25
3581,Joseph Williams,Data Science,3.77,23
2843,Robert Jackson,Psychology,2.76,23
2230,Michael Johnson,Psychology,2.74,25
1401,Lisa Smith,Electrical Engineering,2.74,19
6577,Jennifer Taylor,Electrical Engineering,2.93,21
1783,Susan Martinez,Mechanical Engineering,3.97,23
9693,Karen Martinez,Biology,3.24,23
6891,Karen Gonzalez,Mathematics,3.85,24
8611,Nancy Wilson,Mechanical Engineering,2.6,23
8267,Matthew Rodriguez,Literature,3.8,22
9219,Lisa Davis,Civil Engineering,3.42,19
7669,Betty Lewis,Civil Engineering,3.22,24
8695,Charles Robinson,Economics,3.18,21
6015,Anthony Thompson,Literature,2.52,25
9704,Elizabeth Davis,Economics,3.76,24
7161,William Smith,Biology,3.52,20
7917,Robert Davis,Computer Science,3.19,24
8185,Robert Martin,Psychology,2.95,21
5012,Charles Perez,Literature,3.07,22
3985,Patricia Davis,Electrical Engineering,2.21,18
7352,Mark Harris,Economics,2.89,18
1641,Daniel Garcia,Data Science,3.72,18
1888,Jessica Hernandez,Civil Engineering,3.8,23
2182,Michael Martinez,Business Administration,3.42,24
7298,Barbara Hernandez,Chemistry,3.6,20
7455,Margaret Harris,Electrical Engineering,2.07,18
9382,Mary Martinez,Civil Engineering,3.13,22
2277,Richard Robinson,Data Science,2.3,21
5595,Charles Johnson,Literature,2.05,23
5903,Patricia Jones,History,2.23,25
4439,David Ramirez,Physics,3.73,24
0421,Michael Hernandez,Economics,2.67,25
2080,James Moore,Physics,3.94,19
0521,Sandra Jackson,Economics,2.44,19
9128,William Thompson,Mathematics,3.11,21
8628,William Thompson,Mathematics,2.79,21
8030,John Williams,Mechanical Engineering,3.87,23
1156,Mary Lewis,Mechanical Engineering,2.59,20
7248,Michael Clark,Physics,2.32,20
7366,Mary Ramirez,Mechanical Engineering,2.39,25
6660,Elizabeth Garcia,Civil Engineering,2.81,19
4792,James Martinez,Mechanical Engineering,3.33,24
7516,Thomas White,Psychology,3.35,24
5040,Betty Clark,Biology,3.66,18
6720,Sarah Sanchez,Business Administration,2.63,20
4980,Charles Ramirez,Civil Engineering,2.76,18
6943,Robert Lewis,History,3.31,25
1856,Joseph Lewis,Civil Engineering,2.13,22
3440,Michael Johnson,Civil Engineering,2.42,23
8567,Mary Jones,Mechanical Engineering,3.07,23
3938,Mary Garcia,Electrical Engineering,3.63,22
5604,Susan Gonzalez,Mathematics,2.36,23
0751,Lisa Ramirez,History,3.84,20
3964,Michael Miller,Electrical Engineering,3.04,20
1488,Karen Sanchez,Mechanical Engineering,2.02,18
7496,Robert Hernandez,Physics,3.15,19
3979,Michael Miller,Computer Science,2.46,21
9010,Michael Rodriguez,Physics,2.94,19
9918,Lisa Thompson,Data Science,3.34,24
5287,Betty Anderson,Mathematics,3.87,18
1927,Joseph Ramirez,Physics,2.28,25
7271,Karen Martin,Mathematics,3.5,23
9661,Linda Lewis,Psychology,2.11,22
5418,Christopher Lopez,Mechanical Engineering,2.11,20
9928,Sandra Davis,Psychology,3.16,22
3757,Anthony Thomas,Electrical Engineering,2.47,21
1866,William Thompson,History,2.26,20
5366,Sarah Martinez,Chemistry,2.14,18
6530,John Anderson,Psychology,2.33,20
2861,Nancy Sanchez,Electrical Engineering,2.59,23
6817,Mary Anderson,Literature,3.76,24
3544,Sandra Clark,Civil Engineering,3.32,25
2325,Lisa Harris,Data Science,3.66,25
4192,Christopher Lee,Psychology,2.99,22
3816,Susan Brown,Economics,3.57,20
8393,Sandra Rodriguez,Computer Science,2.77,21
2747,Sarah Ramirez,Chemistry,2.31,25
2920,Christopher Jones,Mathematics,3.01,19
5299,Jennifer Jones,Mathematics,3.2,23
1361,Richard Gonzalez,History,3.07,22
3025,Sandra Taylor,Psychology,3.48,21
6407,Jessica Davis,Business Administration,2.38,19
8730,Betty Garcia,Data Science,2.26,19
8688,Mary Brown,Biology,2.92,18
2864,Linda Thompson,Mathematics,3.97,24
3999,Betty Robinson,Psychology,3.23,19
8706,Joseph Ramirez,Computer Science,3.73,25
2427,Elizabeth Thompson,Computer Science,3.6,21
9209,Karen Jones,Mathematics,2.21,22
2886,Daniel Lopez,Electrical Engineering,3.2,19
5079,Jessica Brown,Electrical Engineering,2.35,25
1605,Richard White,Civil Engineering,2.5,25
9805,Jennifer Garcia,Computer Science,2.72,22
0352,Robert Jones,Data Science,2.75,24
6986,Nancy Hernandez,Business Administration,3.62,24
1571,Margaret Miller,Mechanical Engineering,3.48,18
0433,Daniel Moore,Literature,2.39,22
4840,Elizabeth Martinez,Chemistry,3.75,18
7375,Elizabeth Taylor,Literature,3.04,23
3244,James Rodriguez,Chemistry,2.04,20
0118,James Ramirez,Mathematics,3.23,24
0532,Matthew Taylor,Business Administration,2.7,23
5063,Michael Sanchez,Business Administration,2.9,22
8250,Karen Thompson,Electrical Engineering,2.79,21
2214,Jennifer Lewis,Economics,3.48,24
1387,Linda Rodriguez,Electrical Engineering,2.9,25
3386,Jessica Hernandez,History,2.34,23
4250,Charles Jones,Computer Science,2.84,24
0291,Barbara Moore,Data Science,2.28,20
0701,James Lee,Mathematics,3.15,20
8290,Robert Jackson,Civil Engineering,2.23,23
7608,Sandra Ramirez,History,2.82,18
7574,Robert Jackson,Mathematics,2.63,24
5075,Linda Wilson,Mechanical Engineering,2.93,20
0579,Christopher Wilson,Electrical Engineering,3.65,22
6639,Nancy Harris,Electrical Engineering,2.09,24
4751,John Hernandez,Business Administration,2.52,18
4950,Christopher Perez,Biology,2.68,21
8962,Michael White,Data Science,2.45,18
4309,Mary Rodriguez,Economics,3.07,21
3543,Daniel Ramirez,Electrical Engineering,2.13,19
9036,Jennifer Ramirez,Electrical Engineering,2.19,20
2105,Betty Williams,Mathematics,3.5,19
9344,Daniel Lopez,Biology,2.31,24
3656,Sarah Wilson,Biology,3.0,24
0062,Elizabeth Lewis,Computer Science,2.21,19
0468,Thomas Hernandez,Civil Engineering,3.11,18
1120,Richard Martinez,Civil Engineering,3.5,18
5199,Mary Sanchez,Physics,2.36,25
4718,Joseph Lee,Biology,2.96,23
9465,Thomas Hernandez,History,3.47,24
3306,Christopher Gonzalez,Civil Engineering,3.89,24
2748,Lisa Martinez,History,3.49,24
6722,Lisa Jones,Mechanical Engineering,2.59,20
9438,Patricia Martin,Electrical Engineering,3.43,24
2180,Betty Jones,Electrical Engineering,2.15,20
7217,James Martinez,Psychology,2.13,22
5453,Jennifer Martin,Civil Engineering,3.06,19
4348,Elizabeth White,Chemistry,3.88,19
4561,John Thomas,Literature,3.23,20
1314,Anthony Harris,Physics,3.18,22
4768,Charles Thompson,Biology,2.19,20
2616,Thomas Thompson,Mechanical Engineering,2.22,18
1278,Mary Davis,Physics,2.84,18
3105,Lisa Thompson,Psychology,2.34,18
6337,Mary Smith,Mathematics,3.87,20
3549,Sarah Hernandez,Mechanical Engineering,3.09,21
7029,Margaret Brown,Computer Science,2.64,18
3416,David Sanchez,Electrical Engineering,2.54,21
7429,Sarah Thompson,Computer Science,3.87,20
9873,Sandra Wilson,Literature,3.62,20
1912,Nancy Harris,Economics,3.53,18
5406,Mary Anderson,Physics,3.07,24
0356,Jennifer Clark,Chemistry,3.51,21
9058,Margaret Davis,Electrical Engineering,3.69,21
4316,Mark Ramirez,Biology,3.22,24
0180,Nancy Sanchez,Mechanical Engineering,2.43,25
7187,Susan Lewis,Psychology,2.17,23
0016,Christopher Brown,Business Administration,3.93,24
9905,Jennifer Gonzalez,Chemistry,2.21,24
5537,Sarah Martinez,History,2.22,19
7495,Michael Jones,Business Administration,3.01,20
5758,Michael Lewis,Mechanical Engineering,3.43,20
7559,Patricia Perez,Biology,3.7,21
0149,Barbara Lewis,Electrical Engineering,2.92,19
9768,Thomas Thomas,Mathematics,3.42,18
5187,Richard Lewis,Chemistry,2.99,19
0543,Christopher Johnson,Physics,3.51,23
7710,Anthony Jackson,Electrical Engineering,2.01,19
3402,Margaret Lee,Literature,2.53,19
0402,Karen Jones,Chemistry,3.21,24
0586,Patricia Anderson,Biology,3.39,23
1340,Charles Wilson,Economics,3.71,21
1271,Sarah Thompson,Civil Engineering,2.7,25
9691,Jennifer White,Business Administration,2.03,20
3000,Daniel Gonzalez,Physics,2.74,24
9796,Sarah Gonzalez,History,2.34,23
5858,Charles Clark,Data Science,2.28,25
6525,Michael Martinez,Economics,3.01,20
6860,David Hernandez,Mechanical Engineering,3.2,24
4169,Christopher Lee,Computer Science,3.53,22
3835,Mark Jones,Economics,3.72,18
3364,Joseph Rodriguez,Business Administration,2.95,24
7378,Susan Jackson,Civil Engineering,2.13,25
1817,Charles Martin,Physics,2.97,18
0379,Sarah Sanchez,Economics,2.91,25
6490,William Moore,Mathematics,3.37,22
8188,Richard Rodriguez,Data Science,3.91,21
8987,Betty Martin,History,3.01,22
8763,Patricia Wilson,Chemistry,2.49,25
5811,Thomas Lee,Mathematics,2.41,19
9985,Richard Martinez,History,3.17,18
8549,William Martinez,Mathematics,2.02,20
9396,Nancy Lee,Biology,3.61,18
1239,David Garcia,Data Science,3.67,18
1851,Jennifer Gonzalez,Electrical Engineering,3.92,18
8933,Richard Gonzalez,Civil Engineering,3.11,18
8097,James Clark,Biology,2.36,22
2035,Barbara Taylor,Data Science,3.54,18
6994,Sarah Lewis,Biology,3.15,21
9550,Margaret Perez,History,2.08,25
1112,Elizabeth Perez,Literature,3.08,21
0129,Karen Martin,Psychology,2.95,19
2907,Sarah Lopez,Physics,3.97,21
6301,James Jones,Chemistry,3.58,18
9850,Mary Smith,Mechanical Engineering,2.09,23
6962,Lisa Gonzalez,History,3.36,19
3078,Charles Lewis,Literature,3.56,23
0478,Christopher Miller,Computer Science,3.82,23
6729,Richard Martinez,Data Science,3.12,21
0767,Anthony Anderson,Biology,3.33,22
4528,Susan Anderson,Economics,2.1,25
3488,Sandra White,Computer Science,3.31,25
7006,Jennifer Wilson,Business Administration,3.61,18
0679,Patricia Lee,History,2.41,23
2188,Mark Thompson,Data Science,2.1,22
9356,Sandra Martinez,Civil Engineering,3.9,22
3902,Robert Martin,Economics,3.88,24
7068,Jessica Rodriguez,Business Administration,2.69,24
0127,Sarah Lewis,Physics,3.64,23
1148,Jennifer Martinez,Computer Science,2.76,20
6167,Patricia Hernandez,Mathematics,3.22,24
0271,Margaret Thomas,Electrical Engineering,2.63,24
9053,Matthew Garcia,Electrical Engineering,3.88,20
6909,Patricia Martin,Computer Science,2.66,21
6749,Sandra Lee,Business Administration,3.32,25
2365,Betty Smith,Civil Engineering,3.0,25
9383,Mark Gonzalez,Civil Engineering,3.08,23
4068,Barbara Martin,Mechanical Engineering,3.2,23
6702,Jennifer Brown,Literature,3.65,21
2274,Sarah Davis,Mathematics,2.01,19
5242,Robert Martinez,Mathematics,3.46,21
6354,Patricia Garcia,Psychology,3.66,18
8111,James White,Mechanical Engineering,2.79,20
2314,John Robinson,Literature,2.14,25
1226,Linda Robinson,History,3.28,25
6855,Jessica Garcia,Physics,3.54,21
9940,Karen Lopez,Biology,2.64,23
5832,Sarah Hernandez,Electrical Engineering,2.36,22
3165,Jennifer Perez,Literature,2.69,23
4361,Patricia Gonzalez,Data Science,3.95,23
5946,Jessica Lopez,Economics,2.17,19
6579,Mary Hernandez,Computer Science,3.06,18
7997,Barbara Martinez,Economics,2.19,25
7990,Joseph Martinez,Civil Engineering,2.94,23
0636,Christopher Miller,Mathematics,3.54,22
8145,Joseph Ramirez,Biology,3.46,22
7300,Patricia Clark,History,3.69,19
6578,Barbara Jackson,Civil Engineering,3.4,25
6967,Michael Rodriguez,Civil Engineering,3.69,21
1943,Mary Hernandez,Mechanical Engineering,2.98,18
4220,Linda Miller,Data Science,3.06,24
7915,John Ramirez,History,2.14,21
5376,Linda Clark,Business Administration,3.04,20
8352,Susan Robinson,Computer Science,3.03,20
5808,Betty Robinson,Biology,2.14,20
0719,Jessica Moore,Chemistry,2.39,22
0119,Anthony Moore,Physics,2.37,19
5397,David Garcia,Data Science,2.89,22
4707,Susan Hernandez,Literature,3.32,23
4590,Lisa Davis,Chemistry,3.62,18
8868,Patricia Taylor,Economics,3.73,23
8757,Susan Perez,Chemistry,2.38,22
1365,Margaret Gonzalez,Chemistry,2.18,25
2809,Joseph White,Physics,3.87,24
0466,Charles Robinson,Data Science,3.97,21
8417,Michael Clark,Physics,2.27,22
3141,Mark Gonzalez,Business Administration,3.59,22
1326,Mark Hernandez,Computer Science,3.22,18
5953,Daniel Johnson,Data Science,2.1,23
4149,Jessica Davis,Economics,2.03,21
6283,Anthony Robinson,Business Administration,3.42,20
9271,Patricia Thompson,Data Science,3.08,24
6187,Nancy Taylor,Civil Engineering,3.81,20
1042,Christopher Martinez,Physics,2.55,22
1153,Karen Harris,Literature,3.34,25
7289,Charles Lopez,Chemistry,2.34,23
0824,Anthony Harris,Chemistry,2.66,23
7370,Matthew Taylor,Electrical Engineering,3.89,19
3796,Anthony Jackson,Computer Science,2.36,19
4994,Joseph White,Economics,2.93,19
7471,Anthony Jones,Civil Engineering,3.06,21
8419,Christopher Martin,Literature,2.9,19
8637,Joseph Smith,Mathematics,3.5,22
7262,Sandra Rodriguez,Mathematics,3.62,22
7897,Betty Robinson,Mechanical Engineering,2.85,20
6403,Thomas Gonzalez,Biology,2.21,20
7931,Lisa Miller,Business Administration,2.06,23
8033,Matthew Wilson,Literature,3.07,19
5259,Charles Davis,Economics,3.97,25
9233,Anthony Moore,Data Science,2.55,23
0483,Charles Smith,Literature,2.05,20
7333,Anthony Brown,Chemistry,2.94,18
3634,Barbara Hernandez,Electrical Engineering,3.12,24
6419,Sandra Wilson,Economics,2.42,23
5429,John Lee,Literature,3.31,18
9528,Matthew White,Chemistry,3.92,18
8368,Matthew Clark,Business Administration,2.64,20
1189,Nancy Gonzalez,Computer Science,3.49,19
7955,Patricia Jackson,Mechanical Engineering,3.57,19
0953,James Davis,Literature,3.07,25
4857,Elizabeth Jones,Business Administration,3.73,23
3374,Patricia Davis,Psychology,2.85,18
2017,Daniel Taylor,Mathematics,3.65,19
3297,Margaret Taylor,Psychology,2.25,22
8969,David Johnson,Electrical Engineering,2.6,25
8386,Michael Gonzalez,Data Science,3.81,25
4251,Michael Gonzalez,History,2.8,25
6834,John Miller,Psychology,2.7,24
8139,Charles Davis,Mechanical Engineering,2.71,18
2516,Daniel Smith,Business Administration,2.67,23
5990,Margaret Harris,Literature,3.94,19
1449,Barbara Lee,Civil Engineering,2.9,21
3701,John Lee,Mathematics,3.72,24
2355,Linda Jackson,Chemistry,3.14,23
6681,Barbara Sanchez,Data Science,2.2,22
9650,Linda Gonzalez,Business Administration,3.23,20
1296,Anthony Taylor,Mechanical Engineering,2.94,20
2493,Joseph Smith,Literature,2.32,24
5316,Matthew Lee,Physics,2.82,23
1176,Sandra Davis,Civil Engineering,2.35,19
2895,Richard Sanchez,Civil Engineering,2.51,24
2477,John Johnson,Data Science,3.25,25
3532,David Lee,Mechanical Engineering,2.67,22
2965,Susan Clark,Civil Engineering,2.09,23
5613,Patricia Johnson,Mechanical Engineering,3.34,18
6584,Robert Thomas,Mechanical Engineering,2.02,20
5690,Jessica Wilson,Mechanical Engineering,2.84,19
6458,William Lee,Civil Engineering,3.35,25
2988,Patricia Taylor,History,3.16,23
5173,Betty Miller,Computer Science,3.15,18
3415,Susan Thomas,Physics,2.52,18
9786,Charles Garcia,Electrical Engineering,3.01,22
3491,Karen Taylor,Chemistry,3.53,23
3667,Matthew Lopez,Data Science,3.71,21
6795,Anthony Clark,History,2.66,25
5338,Robert Ramirez,Chemistry,2.25,22
2148,Mark Miller,Computer Science,3.28,24
3719,Betty Moore,Biology,3.97,19
2158,Matthew Gonzalez,Literature,3.66,22
4902,Matthew White,History,3.66,21
6053,Elizabeth Miller,Economics,3.01,19
6264,Thomas Thomas,Mechanical Engineering,3.1,25
5998,Christopher White,Mathematics,3.92,21
4836,Lisa Davis,Mechanical Engineering,2.81,25
1928,Joseph Smith,Literature,2.5,21
8680,Daniel Smith,Economics,2.02,19
5920,Barbara Miller,Biology,3.65,24
6156,James Garcia,Biology,2.26,20
1750,Barbara Rodriguez,History,2.33,18
7230,Sandra Rodriguez,Data Science,3.31,20
3521,Margaret Ramirez,Mechanical Engineering,3.79,18
4072,Lisa Lee,Mathematics,2.9,20
1509,James Rodriguez,History,2.56,18
1322,Mary Thompson,Psychology,2.99,22
4932,Patricia Jackson,Mechanical Engineering,2.32,23
3147,Matthew Davis,Literature,3.1,19
8204,Mary Martin,Chemistry,3.43,22
5795,Patricia Lee,Electrical Engineering,2.29,22
6470,Sarah Anderson,Computer Science,3.17,25
7808,Robert White,Physics,3.97,24
3069,Michael Garcia,Electrical Engineering,2.75,25
1865,Anthony Martinez,History,2.29,22
5902,James Rodriguez,Literature,3.78,21
6652,Jennifer Wilson,Data Science,2.22,18
3224,Mary Miller,Civil Engineering,2.77,24
8979,Patricia Thompson,Physics,2.43,25
5828,James Jones,Biology,2.8,20
2866,Mary Robinson,Electrical Engineering,3.56,18
7290,Karen Hernandez,History,3.58,24
9590,Mark Sanchez,Physics,3.44,19
9445,Charles Lopez,Mechanical Engineering,2.82,18
5993,James Hernandez,Chemistry,2.95,23
2752,James Johnson,Data Science,2.99,20
9520,David Sanchez,Economics,3.93,18
0730,Betty Anderson,Mechanical Engineering,3.23,19
4157,Michael Harris,History,2.07,25
5819,Jennifer Garcia,Data Science,2.22,24
4515,Charles Johnson,Psychology,3.02,19
4261,Christopher Gonzalez,Chemistry,2.29,19
6085,James Sanchez,Literature,2.51,22
7485,Lisa Wilson,History,2.22,25
6441,Patricia Jackson,Electrical Engineering,3.09,19
8202,Jessica Clark,Computer Science,2.91,22
2732,Linda Wilson,Computer Science,3.97,20
5642,Anthony Davis,History,2.6,20
0595,Jennifer Lopez,Electrical Engineering,2.19,24
0150,James Jones,Mathematics,2.36,22
9202,Matthew Williams,Electrical Engineering,3.91,18
2675,Charles Rodriguez,Civil Engineering,3.48,25
0225,Betty Clark,Chemistry,3.77,24
5860,Karen Smith,Mechanical Engineering,3.35,24
9274,Christopher Lee,Mathematics,2.63,21
9239,Sandra Jones,Chemistry,2.82,25
0850,Karen Clark,Civil Engineering,3.44,18
2283,Nancy Jones,Civil Engineering,3.9,23
9452,Charles Moore,Mathematics,2.22,18
4067,Robert Brown,Data Science,3.15,19
9945,David Robinson,Biology,3.16,19
5100,Jennifer Sanchez,Physics,3.08,24
1002,Matthew Thompson,Civil Engineering,3.47,24
7680,William Thomas,Biology,2.86,24
2458,Robert Miller,Chemistry,2.76,18
2462,Sandra Smith,Biology,3.05,22
3478,Joseph Rodriguez,Computer Science,3.02,21
5915,Joseph Clark,Business Administration,3.11,19
9993,Charles Brown,Economics,2.07,22
8841,Karen Ramirez,Economics,2.26,24
1948,Elizabeth Johnson,Computer Science,2.81,21
3323,Richard Martin,Psychology,3.25,21
2411,Betty Hernandez,Mechanical Engineering,2.56,22
9112,Thomas Wilson,Civil Engineering,2.9,18
0974,Thomas Garcia,Data Science,2.45,24
2021,David Rodriguez,Physics,2.37,18
4384,Jennifer Williams,Electrical Engineering,2.4,25
0023,Nancy White,Electrical Engineering,3.73,23
6364,Mark Hernandez,Computer Science,3.76,21
8477,James Johnson,Computer Science,2.04,24
7131,Linda Sanchez,Civil Engineering,3.49,24
3940,Joseph Davis,Economics,2.22,18
0050,James Taylor,Biology,3.14,19
1036,Patricia Rodriguez,Data Science,2.81,18
7981,James Jackson,Literature,3.7,24
2550,Charles Harris,Psychology,3.26,21
8062,Robert Perez,Chemistry,2.4,25
7054,Lisa Clark,Economics,3.35,25
8409,Lisa Thompson,Economics,2.09,18
8066,Sarah Sanchez,Psychology,2.67,19
5600,Margaret Ramirez,Biology,2.85,22
8463,Richard Davis,Computer Science,2.1,22
9737,Nancy Davis,Mechanical Engineering,2.87,19
9868,Lisa Clark,Mechanical Engineering,3.91,19
7087,Sandra Brown,Biology,3.76,23
4382,John Perez,Economics,3.11,23
7302,Daniel Rodriguez,Mathematics,3.0,22
1261,Robert Smith,Mechanical Engineering,3.27,18
1718,John Lopez,Mechanical Engineering,2.65,21
5901,William Wilson,Physics,2.06,23
7072,Richard Jackson,Economics,3.19,22
9946,Charles Lewis,Psychology,2.55,24
3363,Susan Anderson,Electrical Engineering,3.43,19
4491,Mary Moore,Electrical Engineering,2.53,18
0664,Betty Jones,Psychology,3.54,19
8822,Daniel Taylor,Electrical Engineering,3.84,21
2701,Thomas Anderson,Economics,3.84,22
8603,James Jones,Physics,2.28,23
6804,Thomas Lewis,Data Science,2.99,23
0699,Mark Jones,Chemistry,2.45,23
8178,Christopher Miller,Physics,2.62,21
4432,Barbara Anderson,Computer Science,2.02,19
7989,Jennifer Martin,Data Science,3.98,20
9689,Sarah Thompson,Mathematics,2.21,19
1551,Nancy Wilson,Data Science,3.26,23
0654,Barbara Jackson,Computer Science,2.57,24
9131,Patricia Lewis,Computer Science,2.12,20
7838,Linda Johnson,Civil Engineering,2.85,18
5954,Mary Williams,Electrical Engineering,3.12,20
9400,Joseph Williams,Computer Science,2.18,20
1573,Michael Lewis,Electrical Engineering,3.14,24
2897,John Lopez,Data Science,2.25,22
7097,Sarah Thompson,Mathematics,2.02,24
5734,Susan Harris,Mathematics,2.45,22
1486,Elizabeth Gonzalez,Psychology,2.09,22
7927,Christopher Garcia,Electrical Engineering,3.96,24
5193,Linda Ramirez,Business Administration,2.6,18
8920,Patricia Martin,Data Science,2.67,18
0467,Barbara Thomas,Psychology,3.49,21
0373,Lisa Martinez,Chemistry,3.69,22
0506,Linda Lopez,Biology,3.92,19
7954,Jessica Wilson,Biology,2.34,23
5388,Matthew Brown,Psychology,3.36,25
4791,Nancy Garcia,Physics,2.91,18
7012,Thomas Gonzalez,Literature,2.84,24
8762,Sandra Lopez,Psychology,3.57,20
2656,Margaret Jones,Civil Engineering,3.97,25
7160,Mark Wilson,Literature,3.09,22
4317,Betty Martin,Civil Engineering,2.95,19
4195,Nancy Garcia,Economics,2.12,21
0369,Barbara Smith,Computer Science,2.83,19
8814,Betty Taylor,Civil Engineering,3.0,25
6733,Elizabeth Jones,Electrical Engineering,2.47,22
3599,Betty Miller,Civil Engineering,2.11,24
4013,Mark White,History,2.76,20
8302,Patricia Jones,Data Science,2.67,24
4575,Anthony Rodriguez,Economics,3.48,23
0102,Jennifer Lopez,Civil Engineering,3.15,20
7458,James Gonzalez,Business Administration,3.38,22
7693,Christopher Clark,Data Science,3.53,19
7780,Nancy Thompson,Economics,2.99,21
1610,Sarah Moore,Data Science,3.06,25
0554,Linda Smith,Literature,3.34,21
7115,Elizabeth Davis,Mathematics,3.35,22
8103,Thomas Ramirez,Literature,3.01,20
6646,Lisa Williams,Biology,3.03,24
3189,Sarah Smith,Physics,2.81,18
0736,Barbara Ramirez,Data Science,3.63,18
5059,Jennifer Williams,Electrical Engineering,3.63,23
9733,Elizabeth Miller,Business Administration,3.5,19
4733,Betty White,Electrical Engineering,2.49,18
9129,Patricia Thompson,Physics,2.1,24
7243,James Clark,Mechanical Engineering,2.99,19
4153,Daniel White,Business Administration,3.74,24
9942,Mary Johnson,Mechanical Engineering,2.33,21
0582,Patricia Martin,Chemistry,3.1,18
2117,John Williams,History,2.55,18
6766,Michael Martinez,Chemistry,3.63,21
8819,Patricia Harris,Psychology,2.99,19
7793,Charles Clark,Chemistry,3.52,24
1205,Mary Harris,Psychology,2.21,24
5380,Mark Robinson,Electrical Engineering,3.52,23
4286,Nancy Thompson,Economics,3.96,18
9574,Lisa Taylor,Civil Engineering,2.2,22
1171,Margaret Lee,Chemistry,3.64,23
7077,Margaret Lopez,Computer Science,3.26,19
6415,Michael Anderson,Mathematics,2.45,20
1247,Daniel Brown,Computer Science,2.95,20
9160,Sarah Taylor,Business Administration,3.73,25
1800,Thomas White,Computer Science,2.94,25
1192,Karen Harris,Computer Science,3.43,25
4053,Patricia Wilson,Data Science,2.85,19
3756,Matthew Martin,Chemistry,3.95,20
4427,Robert Lewis,Mechanical Engineering,3.35,24
5726,William Thomas,Chemistry,3.55,21
8247,Jessica Hernandez,Literature,2.45,25
1586,Mark Wilson,Biology,3.73,18
2284,Jennifer Sanchez,Civil Engineering,3.09,23
0160,Betty Lopez,Chemistry,3.73,18
9931,James Garcia,Business Administration,2.51,22
1620,Michael Sanchez,History,2.27,24
3665,Jennifer Garcia,Literature,2.24,18
2124,Betty Gonzalez,Economics,3.34,24
1006,Sarah Lopez,Literature,2.91,24
0173,Nancy Thomas,Computer Science,2.78,25
7493,Nancy Perez,Mathematics,2.13,19
8836,Linda Jackson,Literature,3.97,23
1849,Daniel White,Electrical Engineering,2.18,18
5219,Lisa Brown,Literature,2.81,22
8991,Anthony Jones,Physics,2.15,25
0157,Sandra Smith,Mechanical Engineering,2.4,18
3223,Anthony Lee,Biology,3.53,20
2884,Elizabeth Ramirez,Mechanical Engineering,3.41,19
2627,Karen Moore,Literature,2.44,20
2151,Elizabeth Moore,Literature,2.59,19
2196,Linda Smith,Computer Science,2.6,19
3712,Lisa Wilson,Economics,3.62,19
6280,Anthony Smith,Mathematics,3.72,18
3041,Robert Brown,Mathematics,3.82,24
4818,Jessica White,Mathematics,3.53,24
6887,Daniel Martinez,Physics,3.43,21
1281,Linda Perez,Literature,3.87,23
2949,Linda Martinez,Biology,2.18,18
1558,David Smith,Literature,2.24,22
8659,Sandra Thomas,Physics,2.52,20
6497,Jessica Taylor,Literature,3.62,24
2490,Margaret Brown,Mathematics,2.94,23
0171,David White,History,3.83,19
8166,Robert Moore,History,2.15,25
1658,Sandra Thomas,Mathematics,3.61,20
1751,Linda Jackson,Mathematics,3.53,25
1010,Thomas Brown,Mathematics,2.72,20
8777,Richard Ramirez,Business Administration,2.09,25
7180,Jennifer Davis,Psychology,2.77,20
4484,Elizabeth Sanchez,Civil Engineering,2.87,23
3592,Matthew Rodriguez,Physics,3.55,25
8891,Robert Johnson,Mathematics,2.13,19
1799,James Anderson,Mechanical Engineering,2.12,25
0725,Patricia Lopez,Physics,3.61,25
5627,Sarah Lee,History,2.46,18
4852,Michael Brown,Chemistry,2.64,21
5024,Thomas Smith,History,2.37,25
5875,Elizabeth Clark,Data Science,3.68,23
9511,Daniel Anderson,Business Administration,2.36,18
8563,Jennifer Jackson,Electrical Engineering,2.66,24
0911,Nancy Taylor,Physics,3.96,25
1691,Jennifer Moore,Biology,3.67,18
1105,Joseph Wilson,Physics,2.5,18
0061,Joseph Lee,Physics,3.37,20
8370,Jessica Williams,Literature,3.67,21
1673,David Miller,Psychology,3.1,24
9975,Jessica Wilson,Psychology,2.28,20
5263,Michael Lewis,Biology,2.86,25
3959,Karen Johnson,Physics,3.79,18
7677,Betty Rodriguez,Biology,3.84,24
8342,Charles Perez,Mechanical Engineering,2.35,23
7500,Matthew Lopez,History,2.47,18
7321,Barbara Sanchez,Computer Science,3.37,20
6428,Jessica Miller,Economics,2.84,19
4974,Mark Hernandez,Economics,3.71,24
3693,William Harris,Computer Science,2.63,23
2660,Susan Anderson,Computer Science,3.47,25
4437,Jessica Thompson,Mathematics,2.69,20
1920,Susan Ramirez,Data Science,3.17,18
2476,Linda Clark,History,3.05,20
6764,Margaret Garcia,Chemistry,2.42,24
3782,Lisa Clark,Electrical Engineering,2.91,21
0549,Jennifer Johnson,Psychology,2.35,20
1952,Jessica Brown,Data Science,3.52,25
3194,Anthony Lopez,Business Administration,3.77,24
9669,Karen Brown,Chemistry,2.21,20
0325,Mary Harris,Civil Engineering,2.32,23
1471,Patricia Martinez,Civil Engineering,3.67,24
8606,Charles Moore,Mechanical Engineering,2.06,20
7791,Patricia Clark,Physics,3.91,18
8045,Michael Jackson,Literature,3.61,20
0951,James Lewis,Electrical Engineering,3.49,18
5399,Patricia Lewis,Civil Engineering,2.37,24
8006,William Thomas,Literature,2.15,24
9088,Sarah Smith,Literature,2.14,25
4663,Mark Lewis,History,2.04,21
7193,Betty Williams,Physics,3.85,25
7552,Mark Harris,Computer Science,3.78,18
8154,Mary Martinez,Economics,2.4,20
9707,Susan Clark,Chemistry,2.37,22
7474,Richard Jackson,Mechanical Engineering,3.71,25
0107,Jennifer Jackson,Civil Engineering,3.57,24
0756,Linda Robinson,Biology,2.01,21
0538,Charles Johnson,Psychology,2.8,23
0437,William Johnson,Electrical Engineering,3.76,23
4158,Patricia Thompson,Economics,2.44,21
7112,Robert Anderson,Psychology,2.32,25
4455,Jennifer Moore,Literature,2.17,19
9009,Anthony Gonzalez,Mechanical Engineering,2.7,18
3024,Elizabeth Harris,Economics,3.63,18
9599,Robert Clark,Physics,3.44,25
7893,Richard Lee,Mathematics,3.65,25
6266,Margaret Garcia,Biology,3.29,23
7400,Michael Jackson,Chemistry,2.53,23
1242,James Anderson,Psychology,2.0,24
4925,Elizabeth Clark,Computer Science,2.84,25
5806,Barbara Harris,Physics,3.69,18
4979,Jennifer Johnson,Biology,2.02,19
6079,Charles Clark,Literature,2.34,18
5964,Jennifer Garcia,History,2.16,23
2978,Matthew Clark,Civil Engineering,3.76,21
7421,Karen Johnson,Civil Engineering,2.52,18
9914,Charles Davis,Electrical Engineering,3.8,23
8776,Michael Davis,Mechanical Engineering,2.35,20
0754,Linda Lopez,Data Science,2.08,23
8387,Mark Lee,History,2.66,18
6851,Patricia Martin,Psychology,2.45,23
8049,Elizabeth Hernandez,History,3.44,18
2282,Linda Ramirez,Physics,3.16,22
7314,Daniel Sanchez,Mechanical Engineering,3.25,21
1300,Michael Lewis,Electrical Engineering,2.59,21
3926,Richard Robinson,Electrical Engineering,3.18,20
6117,James Sanchez,Biology,2.05,21
8265,Patricia Jones,Literature,3.93,22
9427,Matthew Rodriguez,Data Science,2.32,18
3154,Joseph Harris,Mathematics,3.5,24
3726,David Robinson,Literature,3.22,20
3885,Mary Brown,Electrical Engineering,2.49,25
2145,Richard Miller,Data Science,2.96,22
2888,Charles Lopez,Civil Engineering,2.32,18
4568,Richard Garcia,Economics,3.55,22
1265,Christopher Williams,Economics,2.41,25
7856,David Martin,History,2.2,20
5846,Jennifer Gonzalez,Chemistry,2.15,21
8845,Patricia Thomas,Mathematics,2.46,24
3277,Robert Wilson,Literature,3.9,25
4456,David Jones,Business Administration,3.71,24
2217,William Gonzalez,Data Science,3.79,20
7904,Daniel Smith,Economics,2.85,25
0567,Betty Harris,Mechanical Engineering,2.05,20
8511,Nancy White,Biology,3.8,23
7091,Margaret Jones,Civil Engineering,2.12,20
0539,Daniel Brown,Data Science,2.71,21
7203,Margaret Hernandez,Mathematics,2.02,19
7543,William Miller,Psychology,3.54,19
1348,Charles Lee,Data Science,2.6,18
2479,Thomas Ramirez,Chemistry,2.97,25
1279,Christopher Jones,Civil Engineering,2.93,20
6886,Barbara Thompson,Psychology,2.5,20
0625,Robert Williams,Biology,3.09,22
4537,Christopher Sanchez,Business Administration,2.64,19
0984,Charles Garcia,Psychology,3.86,18
1709,Elizabeth Harris,Biology,2.97,18
9716,Susan Thomas,Business Administration,2.76,21
8251,Michael Lewis,Mechanical Engineering,3.52,24
2562,Barbara Brown,Mathematics,3.75,18
2508,Jennifer Hernandez,Chemistry,3.43,22
8089,Susan Rodriguez,Computer Science,3.77,23
2132,Christopher Taylor,History,3.57,21
1565,Anthony White,Biology,2.34,23
4752,Daniel Wilson,Psychology,3.59,20
9345,Richard Sanchez,Electrical Engineering,2.04,22
7857,Richard Thomas,Electrical Engineering,3.32,20
6839,Barbara Martinez,Mechanical Engineering,3.72,23
3813,Lisa Lopez,Data Science,3.57,24
8046,Jennifer Moore,Electrical Engineering,2.35,23
0621,James Harris,Data Science,3.07,23
7083,Lisa Sanchez,Business Administration,3.87,24
7515,Jennifer Harris,Civil Engineering,2.89,24
6379,Michael Jackson,History,2.5,20
4189,Christopher Smith,Data Science,3.7,20
3337,Betty Garcia,Mechanical Engineering,3.84,19
5130,Elizabeth Jackson,Economics,2.35,18
6093,Betty Smith,Economics,3.4,24
7367,Richard Garcia,Literature,3.39,18
5847,Robert Wilson,Physics,2.0,23
3325,Anthony Clark,Computer Science,3.93,23
6767,Susan Miller,Electrical Engineering,2.13,22
4763,Christopher Johnson,Computer Science,3.43,19
6323,Mary White,History,2.17,21
7932,Linda Lopez,History,2.4,20
2560,Robert Garcia,Civil Engineering,3.67,19
5926,John Jackson,Mechanical Engineering,2.76,18
1441,Daniel Johnson,Physics,3.93,20
2802,Joseph Thomas,Business Administration,2.07,24
1420,William Gonzalez,Data Science,3.85,24
4943,Anthony Clark,Computer Science,2.95,24
0643,Margaret Jones,Physics,2.56,23
4815,James Smith,Economics,2.65,25
1611,Jennifer Miller,Civil Engineering,2.85,25
6501,Anthony Wilson,Business Administration,2.29,21
6050,Nancy Brown,Mechanical Engineering,3.97,21
6170,Betty Wilson,Data Science,2.02,22
2168,Elizabeth Thompson,Data Science,3.93,22
8572,Robert Miller,Psychology,2.2,23
6567,William Lewis,Literature,2.58,21
4290,Joseph Garcia,Chemistry,2.94,24
2918,Thomas Lopez,Chemistry,3.9,18
5664,Susan Ramirez,Psychology,2.42,22
6504,Karen Martinez,Electrical Engineering,3.25,18
8230,Anthony Rodriguez,Physics,3.62,25
0814,David Ramirez,Mathematics,2.2,25
5234,James Williams,Literature,3.69,21
6290,Jennifer Martinez,Psychology,2.37,20
4911,Elizabeth Moore,Mechanical Engineering,2.89,22
7173,Matthew Rodriguez,Data Science,3.54,20
3550,Linda Rodriguez,Mathematics,2.86,23
7003,Betty Miller,Biology,3.65,22
8234,Joseph Jackson,History,3.99,20
0407,Barbara Ramirez,Civil Engineering,3.55,23
6008,Lisa Davis,Physics,3.68,20
2082,Susan Moore,Economics,2.08,25
1559,Jennifer Miller,Biology,2.87,22
8421,John Lee,Computer Science,3.96,18
1583,Karen Hernandez,Mechanical Engineering,3.0,23
2659,Christopher Lewis,Mathematics,2.96,22
8397,Jennifer Williams,Physics,3.45,21
5392,David Harris,Economics,3.21,18
6628,Charles Harris,Mechanical Engineering,2.95,19
6221,William Perez,Physics,2.1,25
9408,Margaret Lee,Business Administration,2.82,19
5422,Elizabeth Davis,Chemistry,3.01,22
1475,William Miller,Chemistry,2.1,24
2703,John Moore,History,2.9,23
4587,Mark Wilson,Civil Engineering,3.79,25
6977,Robert Perez,Physics,3.51,24
7336,Sarah Robinson,History,3.8,19
9412,Barbara Perez,Civil Engineering,3.76,19
9418,Thomas Lopez,Literature,3.04,18
0272,Mary Jones,Chemistry,2.95,20
0034,Charles Clark,Data Science,2.02,22
8875,David Johnson,Psychology,2.91,24
9451,James Martinez,Mechanical Engineering,2.73,24
0217,Mary Hernandez,Computer Science,2.46,21
8028,Joseph Rodriguez,Physics,3.18,21
5988,Michael Smith,Physics,2.97,25
8276,Nancy Miller,Computer Science,3.63,25
7911,Daniel Sanchez,Data Science,3.1,20
9483,Jennifer White,Electrical Engineering,2.84,25
9803,Sandra Jackson,Business Administration,2.56,19
0246,Karen Smith,History,3.02,24
4858,David Miller,Biology,3.52,18
1046,Richard Thomas,History,2.41,24
6098,Michael Martinez,Business Administration,3.63,25
4461,Richard Smith,Psychology,3.69,23
4918,Margaret Smith,Literature,3.34,22
7010,Charles Jones,Electrical Engineering,3.66,25
5991,Mary Rodriguez,Business Administration,3.71,24
7805,Matthew Thompson,History,2.16,24
2737,Nancy White,Chemistry,2.06,24
4973,Michael Garcia,Literature,2.12,19
9198,Richard Harris,Electrical Engineering,3.16,18
0578,Jessica Miller,History,3.16,20
8122,Matthew Clark,Biology,3.68,19
2551,Nancy Jackson,Literature,3.07,20
1978,Jessica Brown,Biology,2.31,23
2247,Mark Harris,Mechanical Engineering,3.55,21
1059,Joseph Williams,Chemistry,3.48,18
6277,Sarah Wilson,Literature,3.66,22
4038,Jennifer Gonzalez,Economics,2.58,18
2238,Michael Thompson,Psychology,3.18,21
8402,Mark Williams,Business Administration,3.54,23
6918,Elizabeth Perez,Business Administration,3.2,18
2203,Patricia Martinez,Mathematics,3.55,24
3031,Joseph Smith,Physics,3.2,19
6892,Karen Hernandez,Literature,3.08,21
6663,James Lopez,Civil Engineering,3.99,20
5896,William Davis,Biology,3.82,22
7742,Nancy Sanchez,Mechanical Engineering,3.62,20
1843,Betty Ramirez,Psychology,3.36,19
1249,Joseph White,Biology,2.22,25
7642,Thomas Ramirez,Computer Science,2.77,24
3294,Christopher Rodriguez,Business Administration,2.44,19
5906,David Lewis,Business Administration,3.06,18
1406,Patricia Gonzalez,Business Administration,3.7,20
0056,Mark Ramirez,Business Administration,3.02,23
5682,James Miller,Chemistry,3.55,19
6228,Jessica Johnson,Economics,3.95,24
8809,Christopher Martinez,Computer Science,2.89,18
3558,Michael Smith,Biology,3.26,18
0604,Thomas Lee,Literature,3.92,19
2543,Joseph Garcia,Physics,2.3,20
0995,Karen Wilson,Biology,2.35,22
0223,Anthony Martinez,Literature,3.05,18
3029,Nancy Ramirez,Computer Science,2.92,23
3721,Charles Garcia,Business Administration,3.29,22
0351,John Williams,Physics,3.08,24
6847,Sandra Jackson,Business Administration,2.22,24
2983,Margaret Brown,Electrical Engineering,3.6,24
3103,Richard Jones,Computer Science,3.11,20
6268,Anthony Smith,Mechanical Engineering,3.25,25
7309,Mary Lee,History,3.61,24
9513,Michael Perez,Civil Engineering,2.56,21
5294,David Sanchez,Economics,2.76,20
0956,Christopher Rodriguez,Mathematics,4.0,25
9777,Mark Smith,Data Science,2.36,22
4680,Betty Perez,Business Administration,2.29,20
1804,Nancy Lewis,Mathematics,2.43,18
6350,Charles Williams,Electrical Engineering,3.91,25
7803,Barbara Davis,Computer Science,2.37,22
1811,Charles Anderson,Physics,3.65,18
8080,Linda Martin,Physics,3.3,25
9330,James Jones,History,2.59,24
7630,David Jones,Literature,3.53,22
1432,Mary Lopez,Mathematics,2.44,24
7074,William Taylor,History,2.16,25
3790,Betty Lopez,History,3.88,18
5252,Linda Ramirez,Physics,3.65,22
0099,Anthony Lewis,Biology,3.09,19
2684,Barbara Ramirez,Psychology,3.14,25
2432,Linda Taylor,Mathematics,2.55,24
1411,Susan Jones,Mechanical Engineering,3.92,21
5214,Susan Johnson,Physics,2.81,25
9779,Karen Harris,Economics,3.94,24
1426,Elizabeth Jackson,Data Science,2.26,22
9152,Charles Clark,Chemistry,3.94,20
4854,Robert White,Computer Science,3.9,20
5174,Karen Taylor,Physics,2.37,24
2751,Charles Martin,Electrical Engineering,2.02,24
5643,Richard Williams,Chemistry,3.9,24
8871,Jennifer Miller,Mathematics,2.75,20
2359,Charles Robinson,Psychology,3.21,21
8693,Michael Hernandez,History,3.11,25
4240,Margaret Gonzalez,Biology,3.03,25
6138,Joseph Martin,Electrical Engineering,2.74,24
6009,James Martinez,Data Science,2.49,20
6491,Mary Taylor,Literature,3.61,21
9635,Patricia Hernandez,Mechanical Engineering,3.21,21
8854,Matthew Martin,Data Science,2.31,20
8668,Richard Smith,Computer Science,2.01,19
3789,Elizabeth Martinez,Computer Science,3.3,25
3013,Sandra Gonzalez,Electrical Engineering,3.68,19
2523,Betty Martinez,Psychology,3.3,21
4790,Margaret Johnson,Literature,2.57,19
9423,Michael Martinez,Data Science,2.03,25
9349,David Jones,Business Administration,3.69,25
5717,Robert Johnson,Economics,3.23,24
6096,Christopher Hernandez,Literature,3.34,22
6854,Jennifer White,History,3.33,20
0811,Elizabeth Robinson,Computer Science,2.66,20
5368,Mary Taylor,Electrical Engineering,2.47,21
8383,James Jackson,Chemistry,3.99,24
0552,Karen Sanchez,Data Science,3.24,22
6430,Sarah Lewis,Economics,2.8,18
8551,Christopher Ramirez,Mathematics,2.8,20
8796,Mark Smith,Data Science,2.95,23
3169,Linda Lee,Computer Science,2.9,24
9922,Susan Brown,Biology,2.86,23
7718,Jessica Jones,History,3.53,22
1632,Margaret Ramirez,Computer Science,2.62,22
7210,Jessica Rodriguez,Data Science,3.42,23
4274,Linda Williams,Business Administration,2.39,23
4445,Margaret Gonzalez,Data Science,2.03,25
2245,Jessica Thomas,Mechanical Engineering,3.28,19
6754,Jessica Lopez,Computer Science,2.45,19
5275,Matthew Jackson,History,3.33,18
8131,Robert Thompson,Mathematics,3.67,19
6448,Charles Miller,Biology,2.97,21
0338,Joseph Johnson,Mechanical Engineering,2.6,20
8897,Betty Martinez,Literature,3.99,22
6363,Margaret Anderson,Civil Engineering,3.1,18
9035,Matthew Rodriguez,Chemistry,2.86,25
1615,Lisa Moore,Physics,3.73,21
3220,David Williams,Computer Science,3.38,25
4324,Susan Hernandez,Data Science,3.55,19
1769,Betty Thomas,Business Administration,2.07,23
0909,John Thomas,Psychology,2.48,20
0368,Margaret Moore,Economics,2.69,22
8586,Barbara Gonzalez,Mechanical Engineering,3.94,18
9842,Karen Clark,Data Science,3.12,23
2437,Thomas Smith,Mathematics,2.69,19
7465,Lisa White,History,2.19,25
6907,William Rodriguez,Psychology,3.6,24
4787,Nancy Lopez,Mechanical Engineering,3.2,19
4253,Sandra Gonzalez,Computer Science,3.29,25
2759,James Johnson,Civil Engineering,2.02,21
0206,Mark Clark,History,2.03,22
8447,David Lewis,Civil Engineering,2.23,22
6621,James Harris,Mechanical Engineering,3.21,20
8829,Jennifer Williams,History,3.08,21
2057,Charles Gonzalez,Physics,3.54,18
6726,Linda Taylor,Mathematics,3.83,24
0612,Nancy Rodriguez,Business Administration,3.94,18
2313,Nancy Anderson,Biology,3.08,20
9930,Richard Hernandez,Electrical Engineering,3.22,23
6019,John Lewis,Physics,2.56,24
0168,Daniel Martin,Mechanical Engineering,3.73,21
6400,David White,Physics,2.26,18
7884,Sandra Miller,Economics,3.97,22
0221,William Ramirez,Computer Science,3.01,18
1566,Matthew Harris,Literature,2.86,18
5191,Thomas White,Economics,3.12,18
3184,Karen Garcia,Computer Science,3.96,19
2596,Karen Thompson,Economics,2.19,22
5001,Margaret Davis,Data Science,2.18,20
4992,Betty Gonzalez,Physics,2.2,23
3479,Sarah Rodriguez,Biology,2.68,18
7146,David Garcia,History,2.8,20
5151,Nancy Brown,Data Science,3.19,24
6410,Mary Martinez,Chemistry,3.6,20
7080,Robert Smith,Mathematics,2.45,25
3562,Nancy Smith,Chemistry,2.95,22
9317,Barbara Thompson,Civil Engineering,2.59,18
8492,Margaret Moore,Business Administration,3.78,20
1706,Sandra Lee,Mechanical Engineering,2.16,19
1778,Elizabeth Gonzalez,Psychology,2.15,23
7551,Lisa Davis,Economics,2.54,25
4702,Betty Gonzalez,Physics,2.26,24
1425,Jennifer Davis,Mathematics,3.41,24
5997,Sandra Smith,Mathematics,2.46,18
4644,Robert White,Physics,2.15,22
4159,James Jones,Mathematics,2.97,25
0229,James Miller,Physics,3.03,18
3195,David Robinson,Literature,2.1,21
9736,Mary Gonzalez,Physics,2.48,18
7993,Barbara Johnson,Electrical Engineering,3.46,19
3828,Christopher Lee,Physics,2.53,18
5527,Karen Moore,Economics,2.24,21
6412,Charles Johnson,Economics,2.24,20
8973,Mary Sanchez,Psychology,2.47,18
8016,Robert Lopez,Electrical Engineering,2.05,22
2630,David Garcia,Psychology,2.4,25
9090,Matthew Lopez,Economics,2.93,23
4356,Linda Ramirez,Data Science,3.15,20
3717,Richard Johnson,Computer Science,3.25,24
8160,Mary Jones,Literature,3.93,23
2360,Sandra Clark,Chemistry,3.87,23
8663,William Sanchez,Civil Engineering,3.96,20
2824,Mary Hernandez,Civil Engineering,3.49,22
6159,Daniel Martinez,Mathematics,2.45,19
8215,Patricia Moore,Computer Science,3.26,19
1999,Daniel Moore,Economics,2.78,23
4886,Thomas Miller,Civil Engineering,3.77,22
9269,Matthew Hernandez,Physics,3.96,20
3247,Margaret Garcia,Economics,3.59,23
5266,Robert Brown,Chemistry,3.23,18
7812,David Thompson,Physics,2.76,21
0316,Betty Wilson,Data Science,3.62,20
4103,Elizabeth Moore,Physics,2.06,18
0890,Elizabeth Anderson,Literature,3.28,24
7779,Mark Robinson,Physics,2.03,21
9766,Barbara Sanchez,Data Science,2.73,23
5058,James Williams,Mathematics,3.91,18
2336,John Anderson,Mechanical Engineering,3.36,19
5241,Susan Thomas,History,2.19,24
3881,Mary Lopez,Biology,2.88,18
3322,Barbara Jones,Electrical Engineering,2.51,19
9812,Michael Davis,Economics,2.65,25
0954,Charles Rodriguez,Computer Science,3.42,22
1023,Lisa White,Mathematics,2.43,23
2384,Daniel Robinson,Chemistry,3.17,23
7105,Lisa Anderson,Data Science,3.15,19
4078,Matthew Lee,Biology,3.27,24
9579,Susan White,Civil Engineering,3.7,24
6976,Charles Miller,Physics,2.66,19
7671,Sarah Davis,Mechanical Engineering,3.76,25
8418,William Lee,Business Administration,3.12,24
1885,Sarah Smith,Mathematics,3.37,18
0154,Matthew Garcia,Mechanical Engineering,3.99,25
0386,Margaret Thomas,History,3.46,22
0633,Linda Ramirez,Computer Science,3.61,19
2341,Charles Garcia,Electrical Engineering,2.05,23
7567,Susan Thomas,Mechanical Engineering,2.43,20
2337,Daniel Thompson,Economics,3.4,21
5207,Betty Perez,Electrical Engineering,2.42,24
2094,Elizabeth Rodriguez,Computer Science,2.37,20
8484,David Davis,History,2.33,24
9127,Sandra Sanchez,Chemistry,2.75,20
1130,William Garcia,Chemistry,2.95,21
3368,Karen Robinson,Psychology,2.32,23
6895,Christopher Jones,Computer Science,2.27,20
4549,James Jackson,Data Science,2.5,18
5745,John Wilson,Economics,2.38,20
3160,Thomas Rodriguez,Civil Engineering,2.28,22
0088,Jessica Perez,Data Science,3.21,20
4775,Mark Martin,Computer Science,3.6,25
9444,David Clark,Mathematics,3.72,23
4117,Anthony Rodriguez,Psychology,2.68,24
5961,Mary Robinson,Chemistry,2.65,19
4695,Michael Moore,Mechanical Engineering,2.25,18
0026,Daniel Clark,Physics,3.58,21
1236,Michael Perez,Electrical Engineering,2.37,24
3646,Christopher White,History,2.3,20
9419,Jessica Anderson,Chemistry,2.93,21
6100,John Wilson,Psychology,3.01,18
6972,Richard Gonzalez,Civil Engineering,3.46,18
2440,Sandra Sanchez,Chemistry,2.01,23
1165,Mary Davis,Physics,3.6,23
0141,Karen Hernandez,Electrical Engineering,3.25,22
2974,Robert Lee,Civil Engineering,2.17,18
4247,Christopher Thomas,History,3.42,18
1626,Robert Lewis,Chemistry,2.54,24
9632,Jessica Sanchez,History,2.73,20
4501,Susan Anderson,Physics,2.28,18
8500,Anthony Robinson,Physics,3.66,18
9881,Anthony Johnson,Mechanical Engineering,3.41,21
7833,Betty Taylor,Business Administration,3.96,24
7303,Mark Sanchez,Civil Engineering,3.89,19
4414,Elizabeth Jackson,Chemistry,2.53,25
4868,Christopher Jackson,Mechanical Engineering,2.21,21
6312,Charles Thompson,History,3.14,25
5144,Lisa Jackson,Literature,3.08,22
2234,Anthony Martin,History,2.15,24
6963,Mary Jackson,Psychology,3.24,23
6197,Anthony Hernandez,Computer Science,3.73,21
6143,Robert Clark,Physics,3.55,24
1324,Elizabeth Miller,Electrical Engineering,2.26,21
9142,Charles Rodriguez,Physics,2.2,19
6198,Jennifer Thompson,Biology,3.17,19
1763,Nancy Ramirez,Data Science,2.66,22
2593,Sarah Robinson,Mathematics,2.46,18
9300,James Thompson,Data Science,2.36,25
8640,Susan White,Psychology,3.98,20
1522,Robert Robinson,Mechanical Engineering,3.63,22
7127,Jessica Martinez,Electrical Engineering,3.65,20
1329,David Gonzalez,Psychology,2.92,25
8520,John Ramirez,Biology,3.55,20
6533,Sandra Jones,Mechanical Engineering,2.9,25
5868,Mary Hernandez,Business Administration,3.09,22
8638,John Gonzalez,Biology,2.1,19
5563,Lisa Miller,Psychology,3.45,23
8994,Richard Martinez,Chemistry,3.5,22
4358,Richard Smith,History,3.36,24
2186,Nancy Anderson,Economics,2.54,24
6376,Michael Lewis,Business Administration,3.08,18
2693,Margaret Martin,Literature,3.84,20
1382,Michael Gonzalez,History,2.24,18
9969,Charles Lewis,Electrical Engineering,2.83,24
5630,Richard Jones,Computer Science,2.2,23
8472,Barbara Lewis,Mathematics,3.46,24
5305,William Hernandez,Chemistry,3.33,24
3245,David Hernandez,History,3.52,25
0683,Barbara Brown,Electrical Engineering,2.51,24
4144,William Smith,Computer Science,2.1,25
4069,David Taylor,History,3.62,20
1749,Elizabeth Perez,Computer Science,2.71,24
5448,Richard Lopez,Civil Engineering,2.65,20
5878,Jennifer Lewis,Civil Engineering,3.72,22
9573,John Harris,Biology,3.18,25
8227,Sandra Martinez,Computer Science,2.29,21
6282,Michael Taylor,Physics,3.82,24
9025,James Taylor,History,2.47,23
9971,Anthony Thomas,Literature,2.08,19
6503,Joseph Smith,Mechanical Engineering,2.82,18
0432,Mark Martin,Civil Engineering,3.62,22
4870,Robert Robinson,Mechanical Engineering,3.03,24
6152,Mary Garcia,Computer Science,3.59,23
5249,Lisa Johnson,Biology,3.22,21
8413,James Martin,History,3.75,19
9902,Michael Rodriguez,Business Administration,3.16,24
9835,Christopher Williams,Literature,3.21,25
8881,Margaret Ramirez,Literature,3.79,25
5432,Robert Clark,Civil Engineering,2.67,20
6446,Sarah Rodriguez,Data Science,2.42,24
1018,Karen Rodriguez,Biology,2.03,23
2690,Sandra Johnson,Chemistry,2.41,24
4572,Matthew Thompson,Chemistry,2.6,18
0791,Charles Hernandez,Chemistry,3.28,21
0776,Charles Rodriguez,Business Administration,2.04,23
8734,Charles Clark,Business Administration,3.52,18
2177,Robert Perez,Physics,2.0,22
5800,William Jones,Business Administration,3.74,18
2970,Betty Davis,Data Science,2.71,20
5625,David Taylor,Civil Engineering,3.22,18
5812,Joseph Miller,Literature,2.62,18
7660,Linda Brown,Economics,3.49,25
5810,Jessica Martinez,Biology,2.87,23
0884,Karen Lopez,Data Science,3.31,19
7863,Thomas Lewis,Physics,3.48,20
5913,Michael Smith,Biology,3.04,20
1244,Anthony Martin,Mathematics,3.57,24
3417,Daniel Taylor,History,3.88,19
0288,Charles Wilson,Electrical Engineering,2.49,21
3007,Jennifer Lewis,Physics,2.06,23
9302,Lisa Moore,Physics,3.43,22
9889,Jennifer Anderson,Physics,3.68,22
1088,Sandra Taylor,Mechanical Engineering,2.2,25
8298,Michael Thompson,Computer Science,2.77,20
9903,Anthony Jackson,Mechanical Engineering,3.31,19
0238,Barbara Williams,History,3.06,19
2901,Joseph Moore,Biology,2.3,20
5558,Mark Gonzalez,Literature,2.72,23
6841,Charles Martinez,Physics,3.25,18
3367,Sandra Wilson,Electrical Engineering,2.47,25
1703,Lisa Jones,Mechanical Engineering,3.31,19
3647,Joseph Martin,Biology,3.89,18
4243,Robert Lewis,Electrical Engineering,2.46,18
3045,Mary Thompson,Literature,3.59,24
7940,David Clark,Civil Engineering,3.75,25
1478,Mary Perez,Biology,2.56,25
0248,Joseph Jackson,Mathematics,3.41,19
8775,Christopher Sanchez,Chemistry,2.84,23
3280,David Miller,Economics,3.05,18
7621,Anthony Anderson,Psychology,2.42,19
7945,Barbara Jackson,Data Science,2.64,18
5792,Sarah Jackson,Civil Engineering,2.74,24
7482,Jennifer Gonzalez,Literature,3.1,22
6638,Sarah Taylor,Chemistry,2.82,18
2012,Margaret Jones,Computer Science,3.37,24
6137,John Jones,Mechanical Engineering,3.19,19
8482,Jennifer Brown,Business Administration,3.57,18
3772,Christopher Ramirez,Mathematics,3.48,19
6255,Robert Robinson,Economics,3.29,24
9982,Margaret Lee,History,3.52,20
0290,Anthony Sanchez,Computer Science,3.3,25
2940,James Robinson,Physics,2.78,18
2481,Margaret Brown,Computer Science,2.91,20
8918,Linda Thomas,History,2.29,20
1500,Richard Moore,Economics,3.79,21
8649,William Lewis,Psychology,3.02,24
5495,Nancy Martinez,Economics,3.8,18
7042,Linda Thompson,Mathematics,2.09,25
6668,David Anderson,Biology,3.23,21
9434,Michael Hernandez,Mathematics,3.38,18
6372,Betty Thomas,Chemistry,2.47,19
2006,Matthew Garcia,Literature,3.61,21
2694,Patricia Hernandez,Mathematics,2.68,18
7186,Nancy Ramirez,History,2.64,18
8175,Barbara Jones,Business Administration,2.19,25
5674,Karen Martin,Business Administration,3.75,21
7942,Thomas Rodriguez,Psychology,3.64,22
0130,Mary Martinez,Mathematics,3.96,21
0404,Patricia Williams,Civil Engineering,2.13,25
0784,Mary Lee,Psychology,2.2,20
7071,Sandra Davis,Business Administration,3.59,18
5840,Michael Gonzalez,Biology,3.98,19
5345,David Lee,History,2.79,19
7191,Lisa Johnson,Economics,3.28,25
3577,Karen Anderson,Biology,2.11,20
5489,Linda Lee,Civil Engineering,3.61,22
0531,Barbara Wilson,Biology,2.58,24
9455,Jessica Jackson,History,2.59,21
7353,Anthony Harris,Physics,3.45,24
5379,Elizabeth Clark,Computer Science,2.13,21
5866,Robert Martin,Mathematics,2.96,25
2698,Thomas Perez,Mechanical Engineering,3.74,23
6872,Charles Thomas,Mathematics,2.91,20
7776,Karen Robinson,Psychology,3.34,25
9575,Linda Brown,Biology,2.79,21
4676,Daniel Johnson,Electrical Engineering,3.13,19
2625,David Moore,Mathematics,3.84,22
1678,Christopher Garcia,Literature,2.45,20
1321,Elizabeth Williams,Physics,3.71,23
1159,John Moore,Mathematics,3.25,22
2511,Sarah Davis,Economics,2.87,24
4699,James Anderson,Mechanical Engineering,2.6,24
7554,Margaret Thomas,Psychology,2.51,20
3136,Lisa Brown,Mathematics,3.49,23
4126,Sarah Martinez,Business Administration,2.16,25
2798,William White,Economics,2.23,19
9102,Joseph Smith,Mathematics,2.03,20
0777,Mark Garcia,Data Science,3.03,19
1587,Richard Jackson,Biology,2.14,22
8707,Mark Brown,Mechanical Engineering,3.58,22
8686,Anthony Rodriguez,Business Administration,2.96,18
4480,Daniel Jackson,Civil Engineering,3.63,21
2696,Daniel Thomas,History,2.9,18
7645,Lisa Jones,Economics,3.62,20
8526,Sarah Gonzalez,Civil Engineering,3.33,21
8642,Michael Harris,Computer Science,3.62,24
6265,Margaret Lee,Mathematics,3.94,18
6362,Charles White,Business Administration,3.17,20
4075,Patricia Moore,Mechanical Engineering,2.83,25
5919,Joseph Brown,Economics,3.49,24
8525,Susan Wilson,Data Science,2.0,23
6377,Lisa Gonzalez,Mechanical Engineering,2.56,18
7853,Robert Sanchez,Literature,3.68,20
3616,Nancy Thompson,Mechanical Engineering,2.54,18
0759,John Lewis,Mechanical Engineering,3.45,24
6699,Sarah Davis,Physics,2.98,18
1552,Patricia Thomas,Literature,2.9,19
2072,David Jones,Business Administration,2.61,24
2613,Patricia Rodriguez,Civil Engineering,2.05,20
9664,Michael Davis,History,3.72,19
4794,Joseph Martinez,Literature,2.79,23
1859,Susan Lewis,Civil Engineering,2.28,24
8713,Anthony Johnson,Data Science,3.1,21
2218,Jessica Harris,Electrical Engineering,2.76,19
1078,Charles Jackson,History,3.5,24
6366,Mark Martin,Business Administration,2.67,20
8465,Christopher Garcia,Chemistry,3.37,24
1840,Margaret Lewis,Civil Engineering,3.62,22
9596,Karen Johnson,Computer Science,2.43,23
8023,James Garcia,Psychology,3.6,23
9290,John White,Psychology,3.96,22
0656,Matthew Martinez,Business Administration,2.51,24
6634,Jessica Jones,Electrical Engineering,3.07,21
8711,Charles Smith,Civil Engineering,2.94,21
4408,Linda Williams,Civil Engineering,3.85,22
2452,Richard White,Psychology,3.39,23
3405,Nancy Thomas,Civil Engineering,3.16,21
3553,Robert Lopez,Data Science,2.23,25
9675,Thomas Taylor,Chemistry,3.18,23
3837,Michael Williams,Electrical Engineering,3.75,18
6648,Elizabeth Smith,Economics,2.64,21
8580,Joseph Thomas,Business Administration,2.87,19
5785,Thomas Miller,Computer Science,3.4,23
1554,Thomas Johnson,Computer Science,2.2,25
4014,Linda Williams,Civil Engineering,2.41,19
8470,David Williams,Data Science,2.5,24
3584,Jessica Moore,Physics,2.34,19
6571,Betty Smith,Chemistry,3.6,19
5292,Sarah Anderson,Data Science,2.09,24
8916,Christopher Taylor,Mathematics,2.85,20
4675,David Harris,Chemistry,3.68,24
6588,Christopher Moore,Business Administration,3.68,20
3094,Margaret Wilson,Literature,3.16,21
0174,Linda Robinson,History,3.44,23
1580,William Garcia,Psychology,3.49,18
9892,Richard Johnson,Computer Science,2.37,18
2845,Jennifer Taylor,Physics,3.75,23
7207,Sandra Thompson,Computer Science,3.35,20
7009,Jennifer Martinez,Psychology,2.19,22
7319,Betty Jones,Computer Science,2.81,25
1030,Mary Brown,Mathematics,2.15,23
7801,Lisa Jackson,Economics,2.28,19
1260,Margaret Gonzalez,Physics,3.79,21
2912,Margaret White,Biology,2.28,20
0489,Margaret Jones,Civil Engineering,2.07,23
9175,Linda Ramirez,Economics,2.26,20
5720,Mary Lopez,Physics,2.28,18
0748,Patricia Perez,Psychology,3.23,18
4095,Margaret Williams,Data Science,3.52,22
6145,Sarah Martinez,Mechanical Engineering,2.45,19
9167,Michael Davis,Business Administration,2.35,20
4256,Thomas Gonzalez,Data Science,3.59,20
9067,Linda White,Economics,2.51,24
9457,Nancy Martinez,Mathematics,2.25,22
8432,Jennifer Taylor,Physics,2.6,22
7903,Karen Anderson,Physics,3.59,20
0073,William Jackson,Biology,2.86,21
1991,William Garcia,Psychology,2.11,23
5676,Linda Wilson,History,2.91,25
0980,Christopher Lewis,Literature,3.64,22
2261,Nancy Jackson,Biology,3.27,23
6478,Jennifer Martin,Chemistry,3.66,23
0123,Richard Clark,History,2.18,20
8509,Richard Gonzalez,Mathematics,3.63,19
5842,William Thomas,History,3.79,20
1933,Barbara Sanchez,Mechanical Engineering,3.74,18
5244,Karen Robinson,Physics,2.83,19
7948,William Thomas,History,3.99,21
4555,Linda Gonzalez,Literature,3.16,23
6471,Jennifer Martinez,Chemistry,3.55,22
5330,Sandra Harris,Physics,2.87,23
5534,Nancy Davis,Mathematics,2.42,24
3942,Robert Harris,Business Administration,3.76,23
2075,Lisa Davis,Electrical Engineering,2.58,24
1000,Jessica Robinson,Economics,2.3,19
0345,David Thomas,Data Science,2.31,25
1299,Margaret Lee,Psychology,3.87,21
9852,Lisa Lee,Biology,3.86,23
9548,William Miller,Business Administration,2.57,23
7480,Thomas White,Physics,2.49,18
3873,Susan Sanchez,Data Science,2.79,20
1707,Elizabeth Jackson,Chemistry,3.18,21
0769,Karen Martin,History,3.78,19
7330,Susan Brown,Mathematics,3.72,19
5623,Patricia Gonzalez,History,3.03,21
0274,Daniel Anderson,Data Science,2.06,18
8902,Jessica Sanchez,Mechanical Engineering,2.95,24
3628,Mary Thomas,Psychology,2.33,18
5223,Patricia Rodriguez,Biology,3.23,25
8364,Sarah Lewis,Psychology,2.04,20
0999,Richard White,Civil Engineering,3.15,19
9772,Robert Brown,Civil Engineering,2.8,21
5036,Charles Harris,Civil Engineering,3.57,25
2048,Richard Garcia,Mathematics,3.28,20
1574,Lisa Jackson,Literature,3.27,24
1487,Anthony Thompson,Civil Engineering,2.69,24
3851,Michael Robinson,Literature,2.38,19
4319,Joseph Jones,Psychology,3.86,22
3214,James Miller,Physics,3.64,22
6014,Thomas Ramirez,Business Administration,2.16,19
7226,Jennifer Lee,Physics,3.41,24
1196,Daniel Martinez,Economics,2.92,24
7589,Joseph Perez,Computer Science,2.82,21
4688,Michael Hernandez,Mechanical Engineering,3.2,18
7233,Patricia Gonzalez,Data Science,2.34,18
3798,Patricia Gonzalez,History,3.44,22
3042,Lisa Jackson,Computer Science,3.52,19
9481,Michael Davis,Mechanical Engineering,2.54,22
2552,Michael Thomas,Business Administration,2.84,25
3442,Nancy Sanchez,Mechanical Engineering,3.91,22
6961,Sarah Sanchez,Data Science,2.56,22
6469,John White,Computer Science,3.91,24
4043,Jessica Martin,Mechanical Engineering,2.08,22
0120,Sandra Moore,Data Science,2.21,18
6896,Elizabeth Jackson,Business Administration,3.42,19
4507,Matthew Smith,Computer Science,3.7,20
7869,Mark Robinson,Computer Science,2.3,24
0067,Margaret Wilson,Data Science,2.81,18
8339,Lisa Williams,Economics,3.2,21
4300,Elizabeth Jones,Data Science,3.91,21
2205,William Taylor,Psychology,3.87,22
2311,Sarah Rodriguez,Electrical Engineering,3.99,21
7101,David Miller,Data Science,2.85,25
1523,Charles Perez,Data Science,2.97,19
0181,Michael Robinson,Biology,2.76,19
8542,David Sanchez,Chemistry,2.2,19
1246,Betty Thomas,Data Science,2.41,20
9633,Betty Thompson,Data Science,3.17,22
5210,Sandra Ramirez,Literature,2.03,20
1538,Elizabeth Lewis,Chemistry,3.34,18
6207,Jennifer Robinson,Biology,3.11,19
2229,Elizabeth Williams,Data Science,2.27,25
9361,Margaret Lee,Civil Engineering,2.63,25
6881,Sandra Thompson,Data Science,3.55,21
7778,Susan Thomas,Literature,3.02,25
2372,Richard Martinez,Literature,2.86,19
1119,Linda Moore,History,3.93,18
8758,Sandra Lee,Chemistry,2.6,19
6487,Nancy Gonzalez,Data Science,3.56,22
1540,Jennifer Davis,Business Administration,2.3,23
8607,Elizabeth Lewis,Computer Science,2.15,21
7063,John Robinson,Mathematics,2.44,18
2332,Susan Martin,Business Administration,2.87,20
6492,Richard Williams,Physics,3.1,23
1962,David Garcia,Mathematics,2.35,25
3458,Lisa Martinez,Data Science,2.0,23
4318,Elizabeth Thomas,Psychology,3.62,25
9897,Charles Moore,Economics,3.41,22
1807,Thomas Taylor,Mathematics,2.85,22
8810,Thomas Jackson,Economics,2.44,18
3192,James Lopez,Data Science,3.18,23
8456,Susan Anderson,Mathematics,3.88,24
2047,Michael Lopez,Mathematics,3.56,22
3233,Mark Jones,Literature,3.98,25
7157,Christopher White,Data Science,2.91,24
6473,Richard Jones,History,3.31,24
7553,Barbara Smith,Civil Engineering,2.77,18
6214,Jessica Smith,Business Administration,2.09,22
0059,Margaret Lee,Civil Engineering,2.22,21
9701,James Clark,Physics,3.02,24
8614,Margaret Garcia,Civil Engineering,2.08,25
6919,Matthew Sanchez,Data Science,3.75,18
7297,Christopher Clark,Physics,2.82,18
2454,Nancy Rodriguez,History,3.52,25
7364,Robert Moore,Electrical Engineering,2.02,24
4029,Jennifer Miller,Biology,3.44,19
7689,Barbara Ramirez,History,3.32,20
3843,Linda Jones,Biology,2.3,20
2349,Sarah Jones,Civil Engineering,2.03,22
2817,Jessica Hernandez,Literature,2.31,21
1116,Barbara Martin,Economics,3.19,18
0000,James Rodriguez,Data Science,2.08,22
7845,Joseph Martin,History,2.23,23
2486,Mark Sanchez,Data Science,3.41,21
8651,Barbara Perez,Computer Science,3.65,23
9821,Michael Hernandez,History,3.89,20
3376,Jennifer Harris,Business Administration,3.06,20
6953,Sandra Clark,Computer Science,3.58,24
9084,Elizabeth Brown,Business Administration,3.4,23
7654,Jessica Moore,Computer Science,3.2,25
0733,Thomas Davis,Computer Science,2.26,18
1860,Margaret Williams,Computer Science,3.79,19
5634,Karen Martinez,Literature,3.42,23
4411,Linda Martinez,Data Science,3.23,20
9732,Betty Harris,Biology,3.52,19
7681,Sandra Lee,Civil Engineering,2.58,24
3740,Betty Anderson,Civil Engineering,3.47,20
1450,Sarah Johnson,Electrical Engineering,2.17,21
8398,James Gonzalez,Mechanical Engineering,3.51,25
4308,Sandra Moore,Business Administration,3.42,18
2231,Nancy Davis,Chemistry,3.12,19
3827,Nancy Jones,Data Science,2.44,25
6875,William Robinson,Mechanical Engineering,3.64,24
9934,Karen Jackson,Computer Science,2.64,23
5936,Sarah Hernandez,Mathematics,3.83,23
0287,Charles Jackson,Civil Engineering,3.4,18
0234,Sarah Harris,Civil Engineering,2.37,18
4657,Anthony Wilson,Economics,3.93,18
1075,Daniel Martinez,Mathematics,3.79,24
9439,James Gonzalez,Data Science,3.46,24
8627,David Wilson,Chemistry,2.48,25
2327,Matthew Rodriguez,Mathematics,2.89,18
2026,John Gonzalez,Mathematics,2.29,24
1878,John Robinson,Mechanical Engineering,2.84,19
2534,Elizabeth Jackson,Biology,2.12,23
3193,Linda Lee,Computer Science,3.02,21
6453,Jessica White,Physics,3.23,20
6373,Christopher Martin,Literature,2.8,22
2150,Elizabeth Anderson,History,3.67,20
4926,David Sanchez,History,2.02,22
0681,Nancy Garcia,Mechanical Engineering,3.49,22
9959,Jennifer Miller,Civil Engineering,3.02,18
7090,William Williams,Chemistry,3.42,22
5031,Patricia White,Mathematics,2.68,24
3876,Karen Brown,Mathematics,3.07,23
8555,Joseph Martinez,Literature,3.91,18
6191,Richard Garcia,Literature,3.0,24
0843,James Garcia,Civil Engineering,2.33,25
7816,Mary Davis,History,2.43,20
6303,Karen Sanchez,Mathematics,3.35,22
1725,Barbara Garcia,Mechanical Engineering,3.7,23
8833,Christopher Moore,History,2.28,24
9265,Linda Johnson,Civil Engineering,2.04,20
1922,Karen Wilson,Physics,2.37,19
1024,Joseph Garcia,Data Science,2.97,20
8152,Karen Jones,Literature,2.26,22
4463,John Wilson,Chemistry,3.08,20
6728,Mark Brown,Mathematics,3.37,20
8594,Mark Gonzalez,Physics,3.21,25
3688,Margaret Clark,Computer Science,2.79,20
4267,Anthony Lopez,History,2.07,21
2975,Patricia Clark,Mechanical Engineering,3.17,18
9594,Elizabeth Moore,History,3.88,23
6269,James Garcia,Electrical Engineering,2.09,19
3239,Nancy Jackson,Computer Science,2.21,21
8186,Christopher Davis,Mechanical Engineering,2.75,21
6979,Jessica Martin,Chemistry,2.17,18
2595,James Johnson,Business Administration,2.04,23
2568,Susan Brown,Physics,2.29,23
9229,Richard Thompson,Psychology,3.35,25
8091,John Taylor,Psychology,2.74,22
1327,James White,Chemistry,3.16,20
0648,Linda Smith,Civil Engineering,3.59,23
0584,Lisa Sanchez,Mechanical Engineering,2.27,21
3315,John Gonzalez,Business Administration,3.26,25
3455,Sandra Sanchez,Biology,3.54,22
2763,David Gonzalez,Civil Engineering,2.88,22
1372,Anthony Davis,Chemistry,2.03,19
1186,Karen Martinez,History,2.71,19
5478,Sandra Williams,Business Administration,2.9,25
5055,Susan Wilson,Psychology,2.86,18
3121,Barbara Garcia,Business Administration,2.94,24
5049,John Jones,Computer Science,3.57,20
3661,Sarah Williams,Literature,3.4,23
9076,Jessica Moore,Computer Science,2.81,19
4762,Betty White,Economics,2.12,20
6623,Linda Williams,Business Administration,2.23,25
9909,Christopher Moore,Business Administration,3.85,18
7798,Richard Lee,Literature,2.96,24
6852,Michael Hernandez,Mechanical Engineering,2.27,21
1629,Nancy Thomas,Data Science,3.08,20
6479,John Ramirez,Electrical Engineering,2.76,22
9773,Christopher Taylor,Mathematics,2.83,25
3373,John Williams,Civil Engineering,3.69,22
0162,Michael Smith,Computer Science,2.06,21
2819,Joseph Clark,Mathematics,3.55,21
4859,Charles Harris,Biology,3.13,20
2951,Margaret Davis,Psychology,3.39,21
2957,Robert Rodriguez,Physics,2.69,24
2128,Richard Martin,Mechanical Engineering,2.25,25
2741,Matthew Moore,Psychology,2.52,25
3685,Nancy Moore,Mechanical Engineering,3.6,25
4748,Susan Hernandez,Economics,2.14,23
6215,Mark Miller,Biology,2.28,19
6616,Patricia Harris,Civil Engineering,3.33,18
1765,Anthony Gonzalez,History,2.71,24
0491,Richard Martinez,Electrical Engineering,2.86,21
1338,Margaret Lewis,Mathematics,2.13,20
0810,Jessica Garcia,Civil Engineering,2.63,23
8960,Linda Sanchez,Mechanical Engineering,2.98,23
0390,Nancy Gonzalez,Mathematics,3.86,24
2055,Karen Thomas,Physics,2.52,25
8783,Thomas Martinez,Economics,2.85,20
6762,William Clark,History,3.16,23
4467,Anthony Brown,Computer Science,2.61,20
4235,David Smith,Physics,3.16,24
9715,David Gonzalez,Biology,3.86,19
6305,Robert Clark,Business Administration,2.11,24
8218,Matthew Jones,History,2.89,24
1446,Daniel Thomas,Electrical Engineering,3.19,21
9656,Lisa Hernandez,Psychology,2.04,25
3874,Charles Harris,Mechanical Engineering,2.51,22
9258,Margaret Jones,Data Science,2.26,19
1194,Elizabeth Wilson,Literature,3.57,23
1606,Mark Smith,Electrical Engineering,2.29,21
8723,Elizabeth Lewis,Chemistry,2.92,18
7176,Elizabeth Robinson,Mathematics,3.94,25
1931,Margaret Lewis,Electrical Engineering,2.75,22
7836,Daniel Lee,Computer Science,2.92,21
0818,Linda Lee,Economics,3.06,19
1872,Elizabeth Anderson,Biology,3.36,20
6016,Matthew Davis,Mechanical Engineering,2.89,20
6032,Daniel Johnson,Economics,3.4,22
3692,David Williams,Psychology,3.85,25
8885,Richard Harris,Psychology,2.89,24
9390,Michael Wilson,Business Administration,2.44,20
6996,Margaret Ramirez,History,3.96,24
6107,Michael Smith,Data Science,2.13,20
3433,Mark Sanchez,Literature,2.3,18
1724,Mark Lewis,Psychology,3.35,22
3472,Thomas Robinson,Civil Engineering,2.25,22
8156,Matthew Ramirez,Biology,2.41,21
8599,Susan Ramirez,Chemistry,3.35,24
8118,James Sanchez,Biology,2.33,24
7822,Jessica White,Psychology,3.28,21
4659,Richard Smith,Literature,2.67,22
2206,Karen Robinson,Civil Engineering,3.78,20
1942,James Moore,Mathematics,3.83,22
8932,Charles Thompson,Literature,2.1,21
6073,Robert Rodriguez,Economics,2.74,19
2127,Sandra Jackson,Mechanical Engineering,2.75,18
8508,John Brown,Mathematics,2.58,19
2665,Jessica Lopez,History,3.8,18
0825,Sarah Lewis,Computer Science,2.43,18
3108,Elizabeth Rodriguez,Business Administration,2.14,22
5823,Mary Rodriguez,Mechanical Engineering,2.13,24
9429,Richard Lewis,Biology,2.68,21
0068,Anthony Hernandez,Mechanical Engineering,3.04,19
2585,William Taylor,Business Administration,2.43,22
3768,Joseph Hernandez,Mathematics,3.01,21
4245,Mary Martin,Business Administration,2.02,24
9206,Thomas Robinson,Mathematics,2.76,25
8147,Patricia Thomas,Literature,3.63,22
6432,Mary Williams,Economics,2.07,25
3225,Betty Robinson,Business Administration,2.21,21
2844,Jessica Thompson,Data Science,2.87,19
7719,Barbara Taylor,Physics,2.85,24
8400,Patricia Williams,Economics,3.14,24
7966,Joseph Lopez,Economics,3.47,21
6960,Nancy Miller,Electrical Engineering,2.83,25
4306,Margaret Johnson,Psychology,2.64,18
0443,David Moore,Mechanical Engineering,2.75,22
4828,Barbara Lee,Biology,2.13,23
1819,Susan Hernandez,Chemistry,3.41,23
5099,Linda Lopez,Mechanical Engineering,3.97,20
2295,Elizabeth Garcia,Physics,2.8,20
4187,Patricia Anderson,History,3.4,23
5273,Sarah Johnson,Data Science,3.36,22
4020,Sandra Wilson,Physics,3.1,21
7275,James Clark,Literature,3.55,18
9695,Robert Sanchez,Biology,2.68,20
2583,Mark Clark,Chemistry,2.36,24
3040,Susan Jackson,Biology,3.62,21
4627,William Hernandez,Data Science,3.28,18
0346,Jennifer Hernandez,Electrical Engineering,3.75,23
4705,Elizabeth Wilson,Data Science,3.94,18
4035,Betty Moore,Chemistry,3.64,18
7163,Sarah Robinson,Economics,3.85,20
6147,Mark White,Literature,2.02,25
4589,Matthew Clark,Mechanical Engineering,3.11,20
1277,Jessica Sanchez,Chemistry,2.94,19
2916,Patricia Lewis,History,3.0,20
6629,David Jones,Psychology,3.46,24
1661,Michael Smith,History,3.21,18
1877,Joseph Robinson,Data Science,2.29,18
5970,Anthony Jones,Psychology,3.72,20
2174,Michael Martinez,Business Administration,2.58,21
7830,Mark Perez,Computer Science,2.7,25
1923,Margaret Clark,Psychology,3.32,25
5809,Patricia Harris,Economics,3.67,24
4087,Sandra Brown,Business Administration,3.16,25
8767,Patricia Gonzalez,Mathematics,3.42,24
1497,Barbara Harris,Physics,2.81,25
5587,Susan Martinez,Computer Science,3.21,24
9542,Thomas Ramirez,Mechanical Engineering,2.39,22
2896,James Smith,Economics,3.43,20
5088,Jennifer Robinson,Literature,3.68,20
3903,Nancy Gonzalez,Business Administration,3.43,21
9760,Matthew Anderson,Economics,2.4,20
7154,Robert Clark,Data Science,3.16,22
2801,Linda Martin,Psychology,2.03,18
8378,Barbara Thompson,Civil Engineering,2.96,21
5276,Susan Johnson,History,2.23,25
7844,Betty Lee,Economics,2.23,23
5342,Mary White,Psychology,2.19,19
5899,Richard Thompson,Literature,3.82,24
6926,James Smith,Biology,2.07,24
7274,Barbara Moore,Economics,3.44,22
9784,Margaret Anderson,Mathematics,3.2,21
4514,Linda Hernandez,Civil Engineering,3.02,21
8340,Barbara Thomas,Data Science,3.2,19
2586,Elizabeth Jackson,Physics,2.94,19
1883,Anthony Rodriguez,Physics,2.48,24
1805,Christopher Gonzalez,Literature,2.57,21
3134,Betty Jones,Computer Science,3.75,19
6402,Jessica Thompson,Electrical Engineering,3.63,24
5725,Susan Lopez,Electrical Engineering,3.56,20
7653,Elizabeth Gonzalez,Biology,2.67,20
3948,Lisa Thomas,Business Administration,2.26,18
8524,Mary Sanchez,Computer Science,3.38,20
3774,James Moore,Physics,3.33,19
3758,Elizabeth Perez,Psychology,2.75,18
2782,David Williams,Economics,2.05,23
8598,William Miller,Literature,2.29,19
3961,Richard Lee,Mechanical Engineering,3.46,21
8124,Linda Hernandez,Physics,3.69,21
3627,Richard Martin,Psychology,3.53,21
2049,Betty Smith,Data Science,3.81,18
7462,Lisa Johnson,Economics,2.1,21
5044,John Moore,Chemistry,3.04,18
6989,Betty Martinez,Literature,3.65,18
6776,Jennifer Taylor,Business Administration,3.96,21
8985,David Thompson,Civil Engineering,2.13,20
2410,Karen Perez,Computer Science,3.24,21
4121,Mary Robinson,Civil Engineering,3.41,25
0592,Susan Wilson,Data Science,2.48,24
5508,Richard Garcia,Biology,3.83,18
4147,Thomas Sanchez,History,2.16,20
5647,Nancy Lee,Physics,3.04,23
1433,Margaret Ramirez,History,3.14,25
6177,Mark Thompson,Civil Engineering,3.54,18
5955,Margaret Lopez,Psychology,2.44,19
3309,Mary Lopez,Business Administration,3.1,21
3725,Nancy Harris,Psychology,2.49,24
5468,Jessica Robinson,Mechanical Engineering,3.21,22
5526,Robert Brown,Biology,3.17,19
2265,Lisa Martinez,Electrical Engineering,3.33,21
2846,Jessica Wilson,Psychology,3.73,18
9533,Matthew White,Data Science,2.81,25
9174,Susan Thomas,Psychology,3.73,25
7317,Jessica Gonzalez,Literature,3.8,21
0738,Susan Robinson,Mechanical Engineering,2.86,23
0562,James Williams,Psychology,3.31,20
7407,Joseph Robinson,Physics,2.34,20
6439,Jennifer Wilson,Physics,2.87,18
5458,Charles Thompson,Psychology,2.39,24
4666,John Gonzalez,Literature,2.65,20
3237,Sarah Robinson,Business Administration,3.2,18
2892,Joseph Martinez,Economics,3.17,23
3272,Charles Moore,Data Science,2.27,23
8349,Karen Thomas,Chemistry,2.93,24
9956,David Martin,Literature,2.99,22
7734,James Moore,Literature,2.38,23
0002,Lisa Moore,Computer Science,2.63,19
1959,Sandra Thompson,Civil Engineering,2.25,25
8571,Patricia Lewis,History,2.78,25
0295,Sarah Jackson,Mechanical Engineering,3.14,20
7065,Charles Ramirez,Mathematics,3.73,23
1897,Betty Williams,Biology,3.07,19
6259,Christopher Brown,Literature,3.95,24
4182,Mary Johnson,Literature,3.3,18
7534,James Thompson,Economics,2.37,22
1595,Karen Thompson,Business Administration,2.36,25
5068,Sarah Clark,Chemistry,2.7,25
4244,Mary Lee,Mechanical Engineering,3.29,20
9312,Charles Miller,Computer Science,2.25,20
0087,David Lee,Computer Science,2.13,24
6741,Anthony Lee,Computer Science,2.99,20
4049,Charles Harris,Computer Science,2.8,23
1435,Robert Garcia,Electrical Engineering,2.45,21
9314,Susan Martin,Mechanical Engineering,3.64,18
6394,Richard Garcia,Computer Science,2.03,25
8427,Christopher Miller,Computer Science,3.88,22
3282,Betty Garcia,Physics,3.3,24
3148,Robert Rodriguez,Psychology,3.61,25
9308,Barbara Davis,Chemistry,3.89,22
0655,James Thompson,History,2.65,19
3037,Betty Lee,History,2.55,24
6842,Nancy Martin,Mathematics,3.8,25
2155,William Johnson,Psychology,2.76,25
0524,Betty Miller,Mathematics,3.29,22
9643,Barbara Davis,Civil Engineering,2.66,19
5730,William Gonzalez,Business Administration,2.86,24
7979,Barbara Robinson,Literature,3.03,22
7291,Thomas Miller,History,2.59,21
8528,Nancy Robinson,Mathematics,3.31,24
9194,Christopher Garcia,Literature,2.83,25
7174,Michael Wilson,Physics,3.66,23
1316,Linda Jones,Computer Science,3.72,25
0426,Jessica Lopez,Biology,2.94,22
9291,Linda Garcia,History,3.77,24
2772,Matthew Sanchez,Economics,3.12,22
8559,Elizabeth Davis,Literature,3.95,24
5115,Karen Thompson,Mathematics,3.73,18
1756,Barbara Smith,History,3.45,22
9722,David Sanchez,Computer Science,2.72,18
1325,Karen Garcia,Biology,2.54,25
5897,Jennifer White,Literature,2.02,25
4646,Michael Rodriguez,Electrical Engineering,3.84,21
0975,Charles Johnson,Psychology,2.93,21
5094,Sandra White,Chemistry,3.81,23
3261,William Lee,History,3.84,18
5410,Linda Moore,Computer Science,2.13,20
2512,David Moore,Mathematics,2.22,18
2078,Nancy Jones,Psychology,3.39,18
3962,Elizabeth Hernandez,Computer Science,3.32,19
6756,Elizabeth Miller,Mathematics,2.45,19
3032,Robert Robinson,Chemistry,3.19,21
1464,Anthony Davis,History,2.98,23
3952,Michael Williams,History,3.44,19
4567,Patricia Jones,Mechanical Engineering,3.31,18
9676,William Ramirez,Electrical Engineering,2.8,20
7866,Mark Anderson,Literature,2.53,24
1668,Anthony Perez,Physics,3.81,23
5719,Patricia Thompson,Computer Science,3.05,25
2257,Linda Taylor,Mechanical Engineering,3.11,23
8086,Barbara Martinez,Mathematics,3.91,22
6388,Christopher Harris,Physics,3.95,19
4391,Charles Davis,Mathematics,2.19,25
2140,Nancy Lewis,Civil Engineering,2.69,23
2077,David Harris,Business Administration,2.44,25
3490,Daniel Johnson,History,2.84,25
1267,Jennifer Moore,Literature,2.22,25
0873,Michael Davis,Chemistry,2.5,19
7831,Anthony Jones,Literature,2.17,23
7607,Anthony Thomas,Mathematics,3.93,20
2587,Matthew Wilson,Civil Engineering,3.77,20
9776,Matthew Wilson,Computer Science,3.03,19
3072,Thomas Sanchez,Business Administration,2.88,20
5589,James Jackson,Economics,3.87,24
5715,Charles Davis,Data Science,3.21,24
8772,Linda Smith,History,3.69,23
5710,John Wilson,Psychology,2.99,18
9642,Elizabeth Hernandez,Computer Science,3.42,20
0044,Sandra Clark,Electrical Engineering,3.83,24
8550,Joseph Davis,Business Administration,3.61,20
2111,Matthew Miller,Civil Engineering,3.56,18
3347,Elizabeth Taylor,Mathematics,3.7,19
4454,Nancy Martinez,Business Administration,2.3,20
2320,Barbara Martin,Literature,2.48,22
8377,Barbara Johnson,Literature,3.36,20
1904,Betty White,Mechanical Engineering,2.21,22
9373,Robert Thomas,Mathematics,3.53,25
9537,Richard Anderson,Electrical Engineering,3.21,19
4765,Patricia Thompson,Mathematics,2.59,18
8739,Lisa Martinez,Business Administration,2.52,19
7158,Thomas Ramirez,Psychology,2.41,22
8590,Linda Wilson,Economics,2.75,19
3123,Mark Johnson,Business Administration,3.31,20
4706,Nancy Jackson,Chemistry,2.97,19
1879,David Smith,Physics,2.29,19
5427,Nancy Robinson,Chemistry,3.21,24
8844,Mark Sanchez,Mathematics,3.62,25
0355,Michael Ramirez,Electrical Engineering,3.02,24
3034,Robert Perez,Economics,2.17,18
3446,Lisa Taylor,Chemistry,2.46,20
8008,Jennifer Brown,Economics,3.1,24
3534,Charles Lewis,Data Science,3.57,25
9849,Michael Perez,Chemistry,2.87,25
7585,Patricia Harris,Computer Science,2.72,25
1067,Jessica Smith,Chemistry,3.29,23
8396,Margaret Martin,Psychology,3.24,19
9164,Barbara Ramirez,Mechanical Engineering,2.11,22
0962,David Johnson,Computer Science,3.62,20
5405,James Jones,History,3.29,21
4353,Sarah Thomas,Biology,3.23,21
9845,Lisa Martinez,Business Administration,2.69,18
8823,Jennifer Martin,Mathematics,3.01,25
5017,Matthew Gonzalez,Computer Science,2.48,18
0788,William Smith,Economics,3.56,21
5706,William Wilson,Business Administration,3.38,23
3438,Elizabeth Lee,Data Science,3.07,20
4131,Linda Sanchez,Physics,3.08,19
5065,Mary Williams,Mechanical Engineering,3.66,20
8361,Joseph Garcia,Data Science,2.1,23
0135,Patricia Davis,Mechanical Engineering,2.56,18
0889,Patricia Moore,Civil Engineering,2.32,18
5615,Patricia Davis,Biology,3.32,20
3157,Barbara Sanchez,Mechanical Engineering,2.35,21
3098,Nancy White,Data Science,3.76,24
7209,Thomas Brown,Psychology,3.56,24
0563,Linda Wilson,Literature,2.02,19
6352,Christopher Thompson,Chemistry,3.98,24
5274,Karen Smith,Chemistry,3.5,22
1373,Christopher Thomas,Physics,2.96,18
8123,Mary Smith,Mathematics,2.26,22
6308,Daniel Thompson,Data Science,3.56,25
9888,Sandra Smith,Chemistry,2.23,21
9612,William Moore,Mathematics,3.74,18
3365,Betty Lee,Business Administration,3.07,23
6011,Patricia Garcia,Mechanical Engineering,2.92,23
1397,John Harris,Data Science,3.76,19
8981,Karen Rodriguez,History,3.29,23
3861,William Robinson,Mathematics,2.84,25
3679,Robert Martin,Physics,2.69,24
1774,Anthony Brown,Economics,2.37,24
5770,Jessica Williams,Mechanical Engineering,2.88,19
2322,Daniel Harris,Business Administration,3.0,24
4783,Matthew Jones,Literature,2.85,23
8923,Richard Brown,Electrical Engineering,3.48,24
7721,Sandra Harris,Chemistry,3.09,18
4715,Barbara Lopez,Chemistry,2.41,19
9115,Michael Moore,Literature,3.7,25
2115,Lisa Martinez,Literature,3.99,20
5882,Lisa Jones,Mechanical Engineering,3.37,22
8582,Nancy Gonzalez,Data Science,2.6,24
1203,Mark Gonzalez,Electrical Engineering,2.99,21
0321,Lisa Miller,Computer Science,2.59,19
4199,John Sanchez,Chemistry,2.83,19
1103,Nancy Martinez,Electrical Engineering,3.25,19
1319,Barbara Garcia,Civil Engineering,3.02,19
1047,Karen Gonzalez,Biology,3.47,21
0353,Mark Robinson,Physics,2.52,18
8430,Anthony Rodriguez,Physics,2.63,24
0183,Charles Taylor,Chemistry,3.85,21
5694,Richard Moore,Biology,3.56,21
9450,James Smith,Civil Engineering,3.08,25
4929,Nancy Martin,Business Administration,2.46,21
8898,Daniel Clark,Data Science,3.53,20
3922,Lisa Jones,History,3.91,19
3944,Nancy Lee,Electrical Engineering,2.97,18
4953,Richard Hernandez,Economics,2.45,19
7440,Mary Robinson,Civil Engineering,2.1,20
3396,Charles Brown,Data Science,3.09,20
8914,Robert Taylor,Electrical Engineering,2.56,19
8351,Thomas Miller,Computer Science,2.18,19
2967,Joseph Thompson,Economics,3.55,24
1289,Christopher Johnson,Literature,3.65,23
6351,Nancy Anderson,Biology,3.23,22
1230,Anthony Jackson,Chemistry,3.79,25
1732,Karen Martin,Computer Science,2.63,20
2300,Patricia Thomas,Data Science,2.22,24
4215,Betty Hernandez,Physics,2.71,19
9561,Sarah Martin,Biology,3.33,18
7761,Susan Williams,Chemistry,2.42,23
1356,Susan Ramirez,Mechanical Engineering,2.19,24
3603,Michael Clark,Data Science,2.34,25
1138,Barbara Clark,Mathematics,2.9,20
4111,Lisa Ramirez,History,2.83,24
9592,Karen Martinez,Economics,2.82,25
3949,Sandra Moore,Biology,2.14,21
3988,Thomas Ramirez,Psychology,3.42,18
2826,Richard Taylor,Electrical Engineering,3.4,19
8142,Matthew Miller,Business Administration,3.65,25
3324,John Wilson,Chemistry,2.7,20
4230,Patricia Gonzalez,Mechanical Engineering,3.6,21
1825,Susan Robinson,Data Science,3.6,21
9923,John Thomas,Economics,3.72,23
9832,William Jackson,Computer Science,3.51,18
9307,Elizabeth Thompson,Economics,3.67,21
8411,Jessica Perez,Electrical Engineering,3.2,22
2992,Barbara Taylor,History,2.67,21
3100,David Thompson,Physics,3.81,21
3085,Nancy Martin,Economics,3.1,19
7698,Robert Thomas,Literature,2.56,21
8328,Karen Lee,Electrical Engineering,2.29,23
4459,Matthew Lewis,Mathematics,2.21,22
5779,John Clark,Economics,3.4,20
6590,David Moore,Data Science,3.26,22
4271,Anthony Thomas,Literature,2.84,20
6499,Mark Robinson,Data Science,3.64,20
2654,Daniel Miller,Physics,3.62,19
9668,Daniel Moore,Physics,2.47,22
5131,Barbara Rodriguez,Data Science,3.65,22
6601,David Davis,Data Science,2.63,21
3847,Matthew Johnson,Economics,2.48,25
5721,Karen Gonzalez,Biology,3.32,23
2959,Matthew Martin,Computer Science,3.3,24
4242,Daniel Perez,Civil Engineering,2.72,25
5588,Robert Lee,Civil Engineering,3.83,18
0350,Sarah White,Economics,3.21,20
1917,Daniel Brown,Chemistry,2.97,21
5786,David Lee,History,3.85,24
7946,Richard Taylor,Data Science,2.13,21
9799,Michael Martin,Chemistry,2.38,24
1898,Joseph Smith,Chemistry,3.38,19
5449,Jessica Perez,Mechanical Engineering,3.41,18
6462,Daniel Robinson,Electrical Engineering,2.61,20
0331,Christopher Garcia,Psychology,3.7,22
9658,Patricia Thompson,Economics,3.05,21
3960,Betty Sanchez,Computer Science,2.82,21
1197,Jennifer White,Mechanical Engineering,2.87,22
7851,Mark Smith,Data Science,3.78,19
4639,Christopher Sanchez,Civil Engineering,2.58,20
1467,Elizabeth Harris,Biology,3.75,22
1304,Robert Perez,Business Administration,2.06,22
3655,Linda Sanchez,Literature,3.51,18
6752,Daniel Martin,Civil Engineering,2.88,23
4211,Daniel Lewis,Data Science,2.24,24
1358,Nancy Williams,Mathematics,2.83,22
1956,James Martin,History,3.15,19
6917,Elizabeth Thomas,Mathematics,2.38,19
5748,Mark Miller,Chemistry,2.08,22
2980,Anthony Lee,Electrical Engineering,2.6,23
3250,John Perez,Business Administration,3.25,20
0741,Richard Ramirez,Data Science,3.33,19
4181,James Lee,Mechanical Engineering,2.64,23
8233,Karen Rodriguez,Electrical Engineering,3.5,20
3806,Mary Lee,Electrical Engineering,2.48,24
7196,Daniel Gonzalez,Physics,3.17,24
2383,Karen Garcia,History,2.34,23
5486,Linda Davis,Biology,2.77,22
9244,John Clark,Data Science,3.25,21
9437,Karen Perez,Computer Science,3.67,21
5222,Betty Sanchez,Civil Engineering,2.25,20
7610,Elizabeth Smith,Physics,2.85,20
7521,Thomas White,Mechanical Engineering,2.54,21
4452,Michael Sanchez,Civil Engineering,3.35,21
5481,Linda Rodriguez,Mechanical Engineering,2.95,19
4518,Lisa Taylor,Physics,2.87,22
0300,Lisa Johnson,Biology,2.87,23
1742,Betty Martinez,Electrical Engineering,2.57,20
8647,Richard Martin,Electrical Engineering,3.11,23
9876,James Anderson,Civil Engineering,2.41,18
4766,Charles Ramirez,Mathematics,2.33,23
0255,Karen Rodriguez,Chemistry,3.69,18
4154,Linda Jackson,Physics,3.61,24
9686,Elizabeth Hernandez,Mechanical Engineering,2.65,19
0617,Anthony Ramirez,Chemistry,2.81,18
9569,William Anderson,Data Science,3.61,21
5782,James Johnson,History,3.18,23
8341,William Jones,Biology,3.02,25
7888,Michael Robinson,Civil Engineering,3.97,24
7768,Nancy Gonzalez,Biology,3.93,24
2298,Joseph Jackson,Biology,3.22,22
6983,Joseph Smith,Physics,3.4,25
1439,Daniel Ramirez,Literature,3.28,24
0891,Charles Johnson,Data Science,3.69,25
7281,Sandra Williams,Data Science,2.05,21
3989,Betty Taylor,Civil Engineering,3.59,25
7652,Patricia Hernandez,Physics,2.96,23
6662,Susan Wilson,Psychology,2.65,23
3648,John Moore,Psychology,3.01,18
3791,Nancy Brown,Physics,2.98,22
3931,William Jackson,Psychology,3.37,21
6091,Elizabeth Thompson,Mechanical Engineering,3.94,23
5659,Karen Lewis,Business Administration,3.97,23
2944,James Lewis,Civil Engineering,2.65,18
9958,Christopher Hernandez,History,2.82,21
3572,Jessica Hernandez,Civil Engineering,2.09,22
1814,Mark Garcia,History,3.12,19
2016,Jessica Clark,Psychology,3.07,20
6780,Mark Hernandez,History,2.89,22
0039,Mary Ramirez,Electrical Engineering,2.66,21
8366,Sarah Hernandez,Literature,3.41,25
3508,Susan White,Electrical Engineering,3.51,22
8965,Thomas Sanchez,Data Science,3.26,21
2985,Thomas Lee,Civil Engineering,3.15,24
9880,Margaret Moore,Literature,2.1,24
6037,Michael Hernandez,Biology,2.7,18
7351,Lisa Clark,Data Science,2.04,19
4785,Margaret Harris,Electrical Engineering,2.88,24
8610,Karen Hernandez,Data Science,3.93,21
2689,James Harris,Civil Engineering,3.29,23
3691,Robert Robinson,Literature,3.81,25
3980,Joseph Lopez,Biology,2.75,25
7234,Mary Lewis,Mechanical Engineering,2.77,24
6188,Robert Johnson,Mechanical Engineering,3.49,21
0571,William Martinez,Business Administration,2.56,22
5599,Richard Taylor,History,3.2,21
0819,Linda Brown,Biology,2.14,20
9319,Michael Davis,Mathematics,2.88,24
1050,John Thomas,Psychology,3.68,18
9572,Joseph Lewis,Mechanical Engineering,3.68,25
5208,Elizabeth Rodriguez,Literature,2.71,25
5944,Mark Wilson,Electrical Engineering,3.35,20
4756,Richard Davis,Physics,2.89,23
1617,Daniel Johnson,Biology,3.23,25
8966,Anthony Thomas,Civil Engineering,3.57,23
8255,Karen Rodriguez,Business Administration,2.57,21
7537,Elizabeth Clark,Biology,3.43,20
2381,Charles Lopez,Literature,2.38,25
8371,Betty Rodriguez,Literature,3.74,21
6667,Jessica Gonzalez,Chemistry,2.84,25
3778,Elizabeth Smith,Civil Engineering,3.74,18
8231,Margaret Thomas,Physics,2.93,19
0445,Elizabeth Martin,Chemistry,2.7,22
4647,John Williams,Mathematics,3.51,21
1485,Christopher Harris,Mechanical Engineering,2.12,18
0938,Betty Johnson,Business Administration,3.44,22
9629,Lisa Johnson,History,2.82,24
7583,Barbara White,Biology,2.3,22
1808,Lisa Rodriguez,Mathematics,2.49,23
7320,Christopher Perez,Physics,2.73,23
5142,Jennifer Robinson,Mechanical Engineering,3.73,20
6205,Susan Wilson,Computer Science,3.26,18
9366,Margaret Johnson,Civil Engineering,2.93,19
9394,John Johnson,Psychology,2.49,22
8636,Charles Harris,Business Administration,2.72,24
7017,John Williams,Economics,3.38,24
1720,Anthony Hernandez,Data Science,2.17,19
9374,Nancy Lewis,Mathematics,3.0,25
0697,Betty Robinson,Civil Engineering,2.8,19
4485,Elizabeth White,Civil Engineering,2.94,24
4400,Sandra Williams,Biology,3.29,24
9552,Thomas Thomas,Business Administration,2.0,25
4990,Lisa Jackson,Physics,2.8,24
0041,Sarah Lewis,Electrical Engineering,3.42,18
0342,Lisa Lopez,Psychology,2.27,24
6563,David Martin,Economics,2.75,19
6772,William Thompson,Electrical Engineering,3.4,21
4547,James White,Electrical Engineering,3.15,20
5087,Jessica Wilson,Civil Engineering,3.71,23
0091,William Clark,Chemistry,3.36,24
5420,Jennifer Robinson,Electrical Engineering,2.13,18
9176,Barbara Williams,Mechanical Engineering,3.75,24
8657,Richard Johnson,Civil Engineering,2.97,25
7707,Margaret Davis,Mechanical Engineering,3.1,19
4470,William Anderson,Psychology,3.48,23
3203,Jennifer Rodriguez,Chemistry,2.6,22
5948,Anthony Jones,Computer Science,2.38,22
4984,Elizabeth Brown,Computer Science,3.86,20
4370,Sandra White,Mechanical Engineering,3.57,25
1280,Christopher Davis,Literature,2.71,19
3882,Sarah Robinson,Psychology,3.36,24
6725,Susan Martinez,Literature,3.73,25
3236,Elizabeth Brown,Mechanical Engineering,2.18,21
4954,Sandra Lopez,Data Science,3.01,21
9522,James Jones,Mathematics,3.03,21
9237,William Lewis,Physics,3.54,19
0708,Barbara Miller,Economics,3.87,23
2468,Christopher Garcia,Psychology,2.24,23
2374,David Lewis,Economics,3.61,18
0869,Betty Jackson,Biology,2.61,19
9875,Sandra Garcia,Biology,3.96,23
2930,Barbara Sanchez,Biology,3.68,19
7975,Richard Anderson,Mathematics,3.52,20
0372,Michael Moore,Mechanical Engineering,3.88,19
4797,Charles Davis,Civil Engineering,3.06,19
5240,Sarah Lewis,Psychology,3.53,18
0048,Michael Moore,Data Science,3.64,24
9833,Michael Rodriguez,Electrical Engineering,3.41,20
0969,Elizabeth Robinson,Electrical Engineering,2.21,23
3190,Charles Anderson,Psychology,3.68,18
0138,Anthony Jackson,Psychology,3.85,20
6083,John Taylor,Mathematics,2.31,21
3547,Elizabeth Williams,Data Science,2.59,24
3313,John Miller,Mechanical Engineering,2.17,23
3695,Barbara Miller,Literature,2.11,19
9110,David Davis,Computer Science,2.38,22
3339,Elizabeth Smith,Chemistry,2.88,19
6806,Nancy Thompson,Data Science,3.79,24
8015,Barbara Martin,Biology,2.61,23
4710,David Anderson,Physics,3.48,24
0577,Linda White,History,2.61,22
6910,Patricia Sanchez,Biology,3.48,20
8842,Karen Jackson,Data Science,2.28,22
1458,David Jones,Computer Science,2.83,19
8376,Sandra Martin,Psychology,3.61,18
0600,Susan Brown,Psychology,3.5,24
0716,Daniel Martin,Data Science,2.03,20
5985,Jennifer Perez,Civil Engineering,2.27,19
5975,Richard Moore,Electrical Engineering,2.83,20
3761,Robert Perez,Data Science,3.27,25
0194,Barbara Robinson,Business Administration,2.8,24
4996,Anthony Martin,Economics,3.56,20
9628,James Taylor,Mechanical Engineering,3.26,25
3565,Charles Sanchez,Psychology,2.17,18
4405,James Lopez,Economics,2.46,23
8615,Jessica Jones,History,2.27,25
6212,Mary Thompson,Mechanical Engineering,2.32,18
9161,Mary Lee,Business Administration,2.93,22
9727,Sarah Hernandez,Economics,2.99,20
1726,William Sanchez,Mechanical Engineering,3.11,19
9011,Robert Martin,Mathematics,2.18,23
5555,Jennifer Lewis,Psychology,3.62,23
4368,Nancy Taylor,History,3.29,20
4407,Sandra Lee,Biology,2.8,24
1371,Mary Martinez,Biology,2.06,20
0786,William Smith,Physics,3.57,22
8223,Mark Thomas,Civil Engineering,2.9,24
5013,Daniel Martin,Mathematics,2.08,18
2624,William Ramirez,Data Science,3.27,23
1577,Susan Gonzalez,Psychology,2.52,18
2428,Patricia Lewis,Physics,2.66,23
9952,Susan Sanchez,Electrical Engineering,2.44,25
3987,Thomas Taylor,Biology,2.89,24
4959,Barbara Wilson,Psychology,3.97,21
4167,John Miller,Physics,3.32,18
4213,Susan Lee,Electrical Engineering,3.77,20
3071,Anthony Jackson,Computer Science,3.77,19
4234,Betty White,Literature,2.39,24
0202,James Robinson,Civil Engineering,2.96,22
2316,Nancy Harris,Chemistry,3.81,19
9329,Matthew Jackson,Economics,2.03,18
2101,Michael Hernandez,Data Science,3.52,22
5885,Margaret Taylor,Economics,3.6,23
0928,Lisa Davis,Biology,2.34,22
5787,Elizabeth Williams,Economics,3.42,19
2629,William Anderson,History,3.13,18
6398,Barbara Davis,Civil Engineering,2.88,21
1997,Charles Lopez,Data Science,3.91,24
5530,Jessica Miller,Business Administration,2.11,23
3650,Lisa Davis,Electrical Engineering,3.32,24
2834,Jessica Smith,History,3.11,24
8330,Anthony Lee,Biology,3.5,24
9234,Anthony Sanchez,Mathematics,2.76,20
4598,Charles Lewis,Electrical Engineering,2.74,20
8043,Margaret Lewis,Electrical Engineering,3.05,20
6486,Daniel Moore,Computer Science,3.52,19
8443,Thomas Miller,Electrical Engineering,2.49,21
2404,Mary Wilson,Biology,3.03,24
5818,Sarah White,Civil Engineering,3.36,24
7185,Jessica Robinson,Physics,3.28,18
9171,Karen Gonzalez,Civil Engineering,2.65,21
8957,Jessica Rodriguez,Psychology,2.56,23
9338,Anthony Jackson,Chemistry,2.67,19
2862,Linda Lopez,Business Administration,2.4,25
6092,David Lewis,Mathematics,3.37,23
5186,Karen Lee,Electrical Engineering,3.85,25
4399,William Moore,Psychology,2.91,22
7198,John Perez,Data Science,3.41,22
9296,Thomas Gonzalez,Business Administration,3.77,20
9134,Susan Anderson,Mathematics,3.52,19
4138,Betty Martin,Economics,2.99,22
0558,David Davis,Civil Engineering,3.23,23
8295,Betty Hernandez,Data Science,3.54,24
7464,Elizabeth Lewis,Data Science,3.22,25
8828,Thomas Martin,Physics,2.48,18
7676,Sandra Sanchez,Computer Science,3.13,21
2603,Barbara White,Biology,3.64,18
7004,Anthony Brown,Physics,3.57,18
2933,John Harris,Psychology,2.65,25
6120,Christopher Lee,Electrical Engineering,2.35,22
5755,Robert Jones,Biology,2.56,21
7331,Elizabeth Harris,Business Administration,3.2,25
2467,Richard Wilson,Biology,2.1,22
0416,Susan Lee,Psychology,2.1,19
6651,Betty Lee,Literature,3.01,18
5949,William Smith,History,2.41,22
8309,Sarah Smith,Data Science,3.68,23
0327,Margaret Davis,Chemistry,3.5,23
1268,Betty Lewis,Biology,2.8,25
3820,Patricia Robinson,Mathematics,2.65,22
2707,Susan Lewis,Computer Science,2.69,20
9791,Mark Gonzalez,Computer Science,3.23,24
6300,Jessica Ramirez,Civil Engineering,3.86,24
6021,Christopher Thompson,Electrical Engineering,2.99,18
5056,Christopher Hernandez,Psychology,2.41,22
1065,Karen Jackson,Data Science,2.21,20
2164,Daniel Taylor,Literature,3.96,24
4559,Joseph White,Business Administration,3.85,20
9994,Betty Taylor,Mathematics,3.48,20
9792,John Lewis,Mathematics,3.94,21
0332,Sarah Davis,Literature,2.04,25
9047,Joseph Hernandez,Literature,2.64,20
9172,John Robinson,Electrical Engineering,2.77,24
4209,William Miller,Economics,2.74,25
9279,Christopher Taylor,Civil Engineering,2.58,24
6813,James Anderson,Biology,3.22,18
0610,Anthony Thomas,Literature,2.69,19
5969,Karen Taylor,Data Science,2.91,23
7096,Barbara Williams,Electrical Engineering,3.15,22
5097,Elizabeth Brown,History,2.61,20
1585,David Miller,Business Administration,2.2,22
1609,Karen Moore,Electrical Engineering,3.04,21
6140,Thomas Harris,Business Administration,2.67,25
6233,William Anderson,Chemistry,2.87,24
9288,Matthew Hernandez,Economics,3.8,25
8959,James Lopez,Mathematics,2.61,22
5870,Christopher Sanchez,Psychology,2.42,22
5657,Linda Harris,Physics,3.07,25
1663,Patricia Hernandez,Literature,2.82,20
2058,Robert White,Computer Science,3.66,22
9972,Matthew Martin,Literature,3.8,25
0440,Richard Thompson,Mechanical Engineering,2.6,19
4523,Barbara Miller,Mathematics,3.19,25
5289,Patricia Johnson,Business Administration,2.1,19
7448,David Lee,Civil Engineering,2.92,21
5790,Matthew Martinez,Economics,3.92,21
3125,Nancy Williams,Literature,3.79,22
9479,Daniel Moore,Chemistry,2.27,23
7902,Barbara Anderson,Biology,2.67,22
4185,Patricia Davis,Mathematics,2.54,25
5673,Elizabeth Brown,Physics,3.07,23
6828,Joseph Miller,Economics,3.33,20
4597,Linda Ramirez,Electrical Engineering,3.07,23
5382,Barbara Moore,Computer Science,3.67,23
8113,Jessica White,Economics,2.6,25
6500,Barbara Robinson,Biology,2.2,24
5161,Richard Johnson,Electrical Engineering,3.57,22
9604,Christopher Lee,Data Science,3.55,24
6683,Jennifer Davis,Mechanical Engineering,3.48,22
7614,Joseph Smith,Civil Engineering,2.04,19
1671,William Gonzalez,History,3.19,25
8705,Christopher Thompson,Data Science,2.51,25
7727,Nancy Jackson,Chemistry,3.44,21
9078,Elizabeth Brown,Biology,2.7,23
2052,Charles Hernandez,Computer Science,3.04,21
8718,Jessica Martinez,Mathematics,3.43,24
5856,Mary Brown,Chemistry,2.05,24
7739,Patricia Smith,Data Science,2.92,18
1637,Nancy Ramirez,Computer Science,3.52,25
0463,Lisa Johnson,Physics,2.92,22
9981,Charles Johnson,Chemistry,3.09,20
1190,Thomas Hernandez,Mathematics,3.36,24
3120,Mark Thompson,Electrical Engineering,2.22,23
9340,Charles Sanchez,History,2.47,24
7109,Joseph Gonzalez,Business Administration,2.5,21
4282,Betty Wilson,Chemistry,4.0,23
5312,Mark Perez,History,2.71,24
8672,Mary Thomas,Computer Science,2.91,20
2342,Sarah Moore,Mechanical Engineering,2.54,19
4373,Michael Davis,History,2.69,19
3419,Matthew Miller,Economics,2.01,22
4674,Michael Johnson,Economics,2.94,22
4774,Jennifer Thomas,Business Administration,2.62,21
8011,Susan Gonzalez,Literature,3.34,21
5175,David Thomas,Psychology,3.54,24
7326,Joseph Harris,Literature,3.77,22
0945,Thomas Smith,Mechanical Engineering,3.41,18
2640,Nancy Johnson,Chemistry,3.35,21
4444,Betty Lopez,History,3.26,23
7670,Sarah Clark,Electrical Engineering,2.78,18
1456,Thomas Garcia,Literature,2.69,24
1086,Linda Lewis,Psychology,2.94,22
8285,Daniel Harris,History,2.14,24
8311,Susan Jackson,Data Science,2.18,20
5894,Nancy Jones,Mechanical Engineering,3.59,20
7016,John Rodriguez,Business Administration,3.32,23
1780,Margaret Garcia,History,2.76,19
4534,Charles Thomas,History,3.28,20
2571,Anthony Hernandez,History,3.24,22
4487,Richard Harris,History,2.64,22
8618,Christopher Lee,Civil Engineering,2.76,23
4196,Daniel Miller,Electrical Engineering,2.75,23
8082,William Martinez,Data Science,2.22,19
3381,Betty Harris,Psychology,3.06,23
8682,John Miller,Physics,3.84,21
1092,Thomas Smith,Business Administration,2.68,18
3709,Michael Moore,Literature,3.3,19
2409,Daniel Jackson,Mechanical Engineering,2.89,24
2808,Thomas Martinez,History,2.2,22
3259,Margaret Thomas,Data Science,2.52,20
2241,Jennifer Smith,Data Science,2.52,21
6133,Michael Davis,Mathematics,2.53,18
6633,Mark Brown,Data Science,2.37,20
8336,Sarah Miller,Physics,2.02,18
3151,Thomas Thomas,History,2.79,22
4129,Joseph Robinson,Chemistry,2.09,18
6709,Susan Perez,Business Administration,2.97,19
4965,Sarah Davis,History,2.93,20
4919,Lisa Martin,Mathematics,2.01,24
3173,Christopher Thomas,Psychology,3.68,24
0848,Jennifer Brown,Chemistry,2.29,22
1051,Sarah Taylor,Literature,3.03,18
1422,Nancy Martinez,Data Science,3.0,21
4739,Mary Davis,Literature,3.34,24
1451,Margaret Martinez,Business Administration,2.66,24
5176,William Martin,Physics,2.93,19
6877,Charles Martin,Data Science,2.8,23
4793,Daniel Lewis,Business Administration,3.51,18
6423,Richard Sanchez,Civil Engineering,3.59,18
7357,Charles White,Psychology,3.5,18
7308,Linda Martinez,Electrical Engineering,2.67,19
4344,Daniel Martin,Chemistry,3.37,19
9740,Sarah Williams,Psychology,3.73,19
6061,Michael Gonzalez,Biology,2.28,24
1102,Joseph Smith,Chemistry,2.55,19
7788,David Robinson,Mechanical Engineering,2.13,21
4827,Christopher Lewis,Physics,3.46,23
6713,Jennifer Gonzalez,History,2.01,20
9141,Patricia Wilson,Economics,3.47,18
1009,Sarah Thompson,Biology,2.91,22
4823,Thomas Smith,Electrical Engineering,3.73,21
0380,Michael Harris,Mathematics,3.09,22
6871,Michael Perez,Literature,3.24,19
0882,James Wilson,Mathematics,2.9,23
5852,Margaret Williams,Chemistry,2.62,22
5416,Richard Jackson,Mechanical Engineering,3.54,23
3744,Patricia Smith,Electrical Engineering,3.47,22
1766,Mary Robinson,History,3.53,20
5824,Sandra Moore,Mechanical Engineering,2.38,23
8866,Barbara Taylor,Business Administration,3.17,25
1536,Charles Jackson,Computer Science,3.86,23
9755,Betty Harris,Literature,3.21,19
7764,Jessica Robinson,Chemistry,2.16,25
2083,Daniel Smith,Mechanical Engineering,2.07,24
7039,Thomas Anderson,Computer Science,3.79,22
8557,John Jones,Civil Engineering,3.82,24
1150,James Hernandez,Data Science,3.93,22
9706,Sarah Sanchez,Mechanical Engineering,3.52,23
6481,Michael Davis,Chemistry,2.77,22
6758,Patricia Harris,Biology,2.91,24
7908,Joseph Anderson,Literature,3.33,18
3062,James Gonzalez,Civil Engineering,2.45,23
4276,Christopher Clark,Psychology,3.86,25
7665,Nancy Lee,Business Administration,3.68,19
2391,Christopher Harris,Chemistry,3.52,18
2909,Linda Davis,Electrical Engineering,2.53,24
2796,Lisa Clark,Psychology,3.45,23
0017,Sandra Harris,Chemistry,3.79,22
8424,Margaret Hernandez,Data Science,3.56,22
0798,Sarah Rodriguez,Biology,3.72,22
0934,Daniel Ramirez,Chemistry,3.45,21
3707,Anthony Brown,Biology,2.19,23
5171,Richard Smith,Literature,2.68,22
5687,Jennifer Thomas,Computer Science,2.91,23
8278,Anthony Jackson,Psychology,3.78,25
7258,Susan Clark,Data Science,2.21,18
4588,Jessica Jackson,Chemistry,2.78,25
2719,Barbara Martinez,Business Administration,3.49,24
7797,David Anderson,Electrical Engineering,3.02,25
1826,Robert Garcia,Physics,3.37,21
9405,Elizabeth Taylor,Mathematics,2.54,18
2976,Matthew Miller,Economics,2.02,22
2792,Nancy Gonzalez,Biology,3.72,24
3737,James Clark,Physics,2.76,20
8740,Sandra Ramirez,Business Administration,3.44,24
4606,John Miller,Biology,2.26,24
4164,Betty Moore,Chemistry,2.07,25
7037,Mark Anderson,Chemistry,2.88,23
5071,Joseph Johnson,History,3.31,24
8213,Robert Gonzalez,Mechanical Engineering,2.99,20
7647,Mark White,History,3.52,25
0001,John Perez,History,2.17,25
8531,Matthew Davis,Mathematics,2.25,24
8731,Jennifer Garcia,Business Administration,3.59,24
0293,Sarah Lewis,Business Administration,3.83,22
3377,Michael Garcia,Mechanical Engineering,2.39,21
5385,Mary Sanchez,Electrical Engineering,2.43,21
0840,William Rodriguez,Physics,2.05,24
0145,Anthony Thompson,Computer Science,3.67,24
7268,Charles Rodriguez,Psychology,2.45,18
0972,Richard Martin,Mathematics,3.31,21
8205,David Anderson,Biology,3.76,23
3662,Matthew Jones,Economics,2.61,20
4083,Thomas Hernandez,Mechanical Engineering,2.96,18
5434,Mary Sanchez,Physics,3.72,22
3670,William Taylor,Literature,3.11,22
4694,Sarah Thomas,History,3.89,21
3638,Patricia Brown,Economics,3.26,18
6900,William Garcia,Mathematics,2.7,22
8937,Mark Jones,Biology,3.6,23
1925,Linda Anderson,Physics,3.52,22
8119,Robert Lopez,Mathematics,3.6,25
3101,Sarah Ramirez,Physics,3.1,25
4509,Sarah Gonzalez,Computer Science,3.36,18
9924,Linda White,Economics,3.9,20
4152,Patricia Davis,Data Science,3.83,18
0412,Mark Lewis,Data Science,3.24,23
2278,Sarah Gonzalez,Physics,3.85,20
2710,Sarah Sanchez,Chemistry,3.13,25
1973,Jennifer Robinson,Biology,2.99,19
9896,William Sanchez,Electrical Engineering,3.61,23
9566,Betty Wilson,Electrical Engineering,3.15,19
6531,Jessica Robinson,Business Administration,3.15,22
1354,Elizabeth Brown,Physics,2.02,21
7044,Matthew Garcia,Biology,3.11,18
3844,Jessica Smith,Computer Science,2.65,18
4141,Jennifer Taylor,Chemistry,2.62,19
1285,Robert Smith,Electrical Engineering,3.36,18
0095,John White,Chemistry,2.72,23
6431,William Williams,Physics,2.55,25
5020,Karen Jones,Business Administration,3.73,19
8481,Mary Ramirez,Civil Engineering,2.81,20
7879,Margaret Anderson,Mathematics,3.3,18
3152,Matthew Brown,Mathematics,2.34,25
2832,William Rodriguez,Electrical Engineering,3.65,21
3947,Margaret White,Physics,2.11,23
2036,Elizabeth White,Biology,3.86,21
9262,Michael Smith,Economics,3.94,25
6640,Robert Lewis,Mechanical Engineering,3.38,21
5938,Richard Moore,Psychology,3.29,24
5326,Mary Sanchez,Data Science,3.73,23
4252,Joseph Martin,Electrical Engineering,2.46,24
2771,Jessica Williams,Civil Engineering,3.48,23
1834,Thomas Thompson,Data Science,3.24,25
7246,James Brown,Mathematics,2.09,19
6313,Charles Wilson,Chemistry,3.22,25
4299,Nancy Jones,Computer Science,3.23,23
5713,John Jackson,Electrical Engineering,2.09,20
2574,Sarah White,Psychology,2.71,21
9640,Linda Thompson,Electrical Engineering,3.94,25
6587,Anthony Smith,Literature,2.54,21
6258,Matthew Thomas,Economics,2.68,20
3610,Charles Robinson,Data Science,2.69,23
7280,Sandra Hernandez,History,2.25,24
0925,Anthony Miller,History,3.21,25
7453,John Martinez,Economics,2.33,18
3957,Mark Sanchez,Chemistry,2.67,25
6110,Elizabeth Thompson,Literature,2.22,22
0236,Sandra Garcia,Civil Engineering,3.12,25
7276,Anthony Davis,Economics,2.82,24
2937,Robert Lopez,Economics,2.16,21
7913,Daniel Williams,Electrical Engineering,2.6,25
6799,Lisa Anderson,Mechanical Engineering,3.52,24
1484,Daniel Sanchez,Chemistry,2.96,22
5884,Elizabeth Miller,Business Administration,2.61,23
4660,Margaret Martinez,Economics,3.79,25
6279,Jennifer Martin,Literature,2.75,25
4839,Patricia Hernandez,Physics,3.51,22
3408,Linda Lewis,Biology,3.73,18
0849,Anthony Garcia,Economics,3.83,18
8161,Matthew Sanchez,Mechanical Engineering,2.54,18
0480,Christopher Martinez,Electrical Engineering,2.59,24
7100,Mary Lee,Computer Science,3.44,22
0926,James Martin,Data Science,2.84,23
9606,Jessica Davis,Chemistry,2.83,22
3454,Mark Garcia,Physics,2.76,20
7701,Robert Lopez,Civil Engineering,3.19,18
3159,Linda Wilson,History,3.2,18
2226,Karen Harris,Data Science,3.44,22
8569,Sandra Clark,Business Administration,3.95,19
3278,Nancy Hernandez,Electrical Engineering,2.93,19
6952,Daniel Brown,History,2.92,20
6995,Richard Martinez,Data Science,2.52,23
1498,Susan Jackson,History,2.03,18
9846,Christopher Williams,Biology,2.53,21
3052,Michael Hernandez,Economics,3.05,22
0761,Joseph Sanchez,Civil Engineering,2.33,21
2197,Anthony Sanchez,History,3.29,23
5093,Karen Wilson,Business Administration,2.83,25
9487,Betty Thomas,History,3.87,23
9027,Linda Ramirez,Economics,2.04,20
2692,Jennifer Wilson,History,3.83,22
8010,Joseph White,History,2.47,23
9834,James Johnson,Psychology,2.41,18
0079,Charles Johnson,Psychology,3.94,18
0375,Susan Martinez,Literature,2.91,19
0778,Margaret Clark,Business Administration,2.62,20
9840,Joseph Taylor,Chemistry,2.5,23
3489,David Rodriguez,Business Administration,3.88,22
8164,Jennifer Lee,Mechanical Engineering,2.25,25
6307,Karen Jones,Psychology,3.41,18
2380,Lisa Wilson,Chemistry,3.9,22
7423,Charles Davis,Economics,2.39,21
1431,Nancy Jackson,Physics,3.17,22
0817,David Ramirez,Mechanical Engineering,3.48,20
8893,Betty Thompson,Mathematics,2.35,25
3803,Sarah Thompson,Mechanical Engineering,2.67,21
7008,Linda Clark,History,3.65,19
2425,Mark Davis,Mechanical Engineering,2.04,25
6249,Linda Rodriguez,Mathematics,2.5,21
1893,Mary Garcia,Mechanical Engineering,2.85,19
5278,Margaret Garcia,Electrical Engineering,2.59,25
2096,Sandra Rodriguez,Computer Science,3.27,23
5839,Michael Thompson,Literature,2.92,18
5855,Linda Davis,Mathematics,2.09,19
4191,Richard Johnson,Electrical Engineering,2.5,20
8621,David Brown,Literature,2.06,19
1221,Barbara Lopez,Mathematics,3.07,25
4047,Mary Sanchez,Economics,3.91,22
7835,Christopher Thompson,Computer Science,2.55,20
0904,Mark Lee,Literature,3.37,22
0729,David Gonzalez,Civil Engineering,2.14,20
0104,Barbara Clark,Mathematics,3.71,20
0022,David Davis,Biology,3.6,18
1921,Jessica Harris,Biology,2.15,19
7782,Margaret Davis,Literature,3.95,23
9294,Mark Smith,Mathematics,3.43,21
1701,Lisa Thompson,Civil Engineering,3.22,22
6335,Sandra Harris,Data Science,3.23,25
4490,Patricia Hernandez,Psychology,2.99,23
0322,Barbara Thomas,Data Science,3.79,24
1313,Susan Sanchez,Mechanical Engineering,2.35,20
8332,William Wilson,Mechanical Engineering,2.03,24
3356,Patricia White,Physics,2.27,19
2932,Nancy Perez,Literature,3.07,23
1652,Mark Thompson,Physics,2.47,20
4285,James Ramirez,History,2.0,24
6315,John Hernandez,Computer Science,2.58,18
6993,David Martin,Biology,3.32,23
9347,Nancy Lee,Physics,3.19,25
8857,Mark Williams,Civil Engineering,2.38,21
4077,Daniel Wilson,Computer Science,3.83,18
0870,Lisa Harris,Economics,2.08,18
6808,John Robinson,Civil Engineering,3.53,24
5561,Lisa Brown,Literature,2.1,21
5477,Karen Jones,Chemistry,3.66,19
8527,Sarah Martin,Mechanical Engineering,2.08,24
8358,Nancy Brown,Physics,3.88,19
0859,Susan Taylor,Chemistry,3.42,23
3431,John Taylor,Literature,3.37,24
8461,Sandra Martin,Computer Science,3.99,18
9033,Nancy Jackson,Physics,2.67,24
8495,Matthew Moore,Biology,3.52,24
2211,Jessica Garcia,Biology,2.07,25
5396,Robert Thompson,Chemistry,2.31,18
7252,Lisa Lee,Biology,2.22,22
8020,Joseph Jones,Business Administration,2.39,21
9780,Barbara Wilson,Civil Engineering,2.04,21
6514,Lisa White,Psychology,3.56,21
8753,Mary Harris,Physics,3.21,23
6392,Patricia Lee,Civil Engineering,2.69,22
9138,Karen Moore,Mechanical Engineering,2.82,19
8956,William Gonzalez,Chemistry,2.53,18
2070,Susan Gonzalez,Biology,3.03,24
6575,Joseph Lopez,Data Science,3.74,23
1012,Matthew Thomas,Data Science,2.17,22
8941,Barbara Wilson,Computer Science,2.7,23
3639,Anthony Gonzalez,Mechanical Engineering,3.99,21
7936,Sandra Harris,Data Science,3.01,25
0948,Michael Jackson,Electrical Engineering,2.03,18
0395,Robert Lopez,Biology,3.67,23
0161,Susan Hernandez,History,3.58,21
8074,Matthew Thomas,Psychology,2.95,21
5545,James Perez,Mechanical Engineering,2.2,25
0392,Daniel Moore,Chemistry,2.22,20
6422,Anthony Wilson,Data Science,2.74,25
7528,Nancy Jones,Computer Science,3.7,20
6589,William Perez,Computer Science,2.28,23
4380,Anthony Martinez,Mathematics,2.64,18
2095,David Martinez,Economics,3.99,18
5245,Nancy Jackson,Economics,3.84,21
6614,Charles Ramirez,Chemistry,2.8,25
5686,Linda Taylor,Biology,2.96,22
8798,Richard Brown,Physics,2.43,21
3003,Betty Sanchez,History,2.56,21
6959,Matthew Perez,Computer Science,2.05,19
1384,Elizabeth Davis,Mathematics,2.31,22
9388,Karen Robinson,Mechanical Engineering,3.97,25
4830,Daniel Thompson,Civil Engineering,2.21,24
5966,David Rodriguez,Physics,3.51,20
1730,Thomas Martin,Chemistry,3.39,23
1074,Patricia Taylor,Economics,3.6,20
1837,Robert Hernandez,Electrical Engineering,2.9,23
6294,Christopher Gonzalez,Computer Science,2.01,20
0156,Linda Johnson,Electrical Engineering,2.45,22
5428,Mary Lopez,Physics,3.49,25
1350,Margaret Ramirez,Data Science,2.37,19
5533,Nancy Lopez,Biology,3.13,18
2942,Anthony Rodriguez,Data Science,3.85,20
4015,Matthew Ramirez,Biology,3.77,18
5457,David Williams,Physics,2.81,18
1096,Daniel Moore,History,2.23,20
5431,Michael Jackson,Electrical Engineering,2.98,22
5667,Matthew Rodriguez,Chemistry,3.27,18
4293,Charles Moore,Physics,3.6,24
6768,John Hernandez,Electrical Engineering,2.95,23
9059,Anthony Moore,History,3.62,22
3734,Elizabeth Martinez,Electrical Engineering,2.03,20
2382,Betty Rodriguez,Psychology,3.11,22
9630,Sarah Moore,Literature,2.79,19
7365,Linda Ramirez,Chemistry,2.47,19
9634,Elizabeth Lopez,Computer Science,2.45,19
1368,Anthony Clark,Literature,2.22,18
8242,Daniel Jones,Physics,3.36,19
4822,Sandra Rodriguez,History,2.24,21
4123,Nancy Jackson,Physics,2.01,19
8150,James Rodriguez,Chemistry,3.86,19
9232,Margaret Taylor,Economics,3.67,19
1056,Anthony Brown,Literature,3.16,20
2556,Lisa Hernandez,Literature,3.9,20
7241,Mark Martinez,Psychology,2.97,21
5778,Elizabeth Williams,Computer Science,2.44,19
2038,William Williams,Mechanical Engineering,3.51,19
5133,Patricia Ramirez,Literature,3.12,19
0033,Elizabeth Smith,Mathematics,3.84,21
0146,Jennifer Hernandez,Business Administration,2.23,18
1561,Elizabeth Martinez,Chemistry,2.08,23
7872,Susan Smith,Economics,3.49,18
2639,Betty Lewis,Physics,2.91,22
7774,Nancy Clark,Biology,2.92,21
7249,John Smith,Mechanical Engineering,2.21,23
7832,Matthew Robinson,Physics,2.54,25
4372,Robert Harris,Electrical Engineering,2.92,25
0309,Karen Rodriguez,History,2.11,22
9603,James Davis,Mechanical Engineering,3.72,25
3140,William Rodriguez,Economics,3.25,25
9694,James Martin,Mechanical Engineering,2.49,19
3514,Daniel Davis,Physics,3.5,22
5637,John Garcia,Literature,3.26,22
6322,John Smith,Literature,2.77,21
5189,Jennifer Wilson,History,3.62,23
3552,Linda Williams,Psychology,3.29,18
8050,Barbara Thomas,Physics,2.48,18
1060,John Smith,Biology,3.21,23
0721,Elizabeth Wilson,History,2.19,23
9926,Linda Gonzalez,Computer Science,2.78,22
1297,James Johnson,Civil Engineering,2.88,24
8433,Joseph Martin,Civil Engineering,3.75,24
8568,Matthew Lee,Business Administration,3.17,22
1715,Thomas Rodriguez,Biology,2.14,18
8146,Mark Lee,Mechanical Engineering,2.81,19
3703,James Johnson,Chemistry,3.6,18
0038,Matthew Williams,Chemistry,2.97,21
9416,Christopher Thomas,Mathematics,3.15,22
5197,Karen Miller,History,2.4,18
6802,Joseph Taylor,Data Science,2.22,19
1448,Joseph Brown,Economics,3.41,24
9267,Anthony Johnson,Computer Science,2.56,18
9749,Jennifer Robinson,Data Science,2.54,22
3994,John Sanchez,Mathematics,2.67,24
0662,Joseph Rodriguez,Mechanical Engineering,2.46,22
1477,Nancy Jackson,Psychology,2.81,23
9865,Barbara Garcia,Mechanical Engineering,3.14,19
7497,Jessica Harris,Business Administration,2.05,21
6978,Lisa Davis,Mathematics,2.49,18
4664,Mark Robinson,History,2.11,20
7860,Richard Lee,Physics,3.96,21
2807,Lisa Gonzalez,Psychology,2.22,25
1640,Christopher Clark,Chemistry,2.47,25
1125,Michael Jackson,Literature,2.61,24
9758,Daniel Robinson,Electrical Engineering,2.55,25
0442,Daniel White,Electrical Engineering,3.86,21
3384,Betty White,History,3.12,23
7568,Margaret Taylor,Physics,3.72,21
6210,Anthony Martin,Electrical Engineering,3.73,24
3126,Sarah Anderson,Business Administration,2.18,19
8206,Sandra Davis,Civil Engineering,3.15,19
8816,Mark Harris,Chemistry,3.83,24
1593,Joseph Robinson,Computer Science,2.86,23
8859,Barbara Moore,Business Administration,2.2,21
0583,Anthony Hernandez,Chemistry,3.22,19
5084,Mark Thompson,Data Science,2.78,23
4753,James Gonzalez,Psychology,3.62,21
8012,Sandra Lewis,Mathematics,3.5,24
6368,Elizabeth Gonzalez,Mechanical Engineering,3.64,25
6747,James Brown,Civil Engineering,3.33,23
3854,Barbara Thomas,Computer Science,3.69,21
9802,Karen Thompson,Mechanical Engineering,2.5,20
3799,Jessica Thompson,Literature,3.96,24
2408,Richard White,Economics,3.93,23
4796,David Jones,Economics,3.67,18
2134,David Smith,Economics,3.85,24
9713,Mary Smith,Computer Science,3.33,19
2714,Nancy Harris,Psychology,2.11,23
3444,Susan Williams,Physics,2.14,25
2515,Michael Moore,Civil Engineering,3.58,19
1829,Robert Williams,Literature,2.46,18
2910,Nancy White,Biology,3.02,21
6111,Thomas Ramirez,Civil Engineering,3.33,24
5651,Anthony Jackson,Economics,2.1,24
5361,Jessica Jones,Mechanical Engineering,3.35,21
9364,John Johnson,Civil Engineering,3.33,19
6775,Jessica Perez,Chemistry,3.9,21
4579,Christopher Wilson,Literature,3.8,23
5601,David White,Physics,2.14,20
1048,Robert Williams,History,3.98,20
3856,Mark Jones,Computer Science,2.82,19
6874,Thomas White,Physics,3.64,19
2406,Jessica Gonzalez,Data Science,3.28,21
1483,Anthony Smith,Electrical Engineering,2.38,22
9581,Matthew Brown,Psychology,3.26,21
8435,Susan Taylor,Mechanical Engineering,2.63,19
1392,Susan Ramirez,Chemistry,2.87,18
6867,Anthony Davis,Electrical Engineering,2.45,19
8051,Daniel Jackson,Psychology,2.46,20
2936,David Jones,History,3.8,20
5503,Mark Lewis,Business Administration,3.61,25
3897,Sandra Brown,Electrical Engineering,2.76,21
5229,Joseph Jackson,Civil Engineering,3.21,23
4379,Margaret Ramirez,Electrical Engineering,3.87,23
8434,Jennifer Robinson,Economics,2.83,22
2811,William Martinez,Business Administration,3.04,21
8163,Betty Robinson,Psychology,3.26,24
5689,Thomas Brown,Literature,3.94,19
4776,John Martinez,History,3.94,21
6281,Mary Wilson,Civil Engineering,2.05,18
9256,David Moore,Chemistry,2.96,23
3314,David Thompson,Mathematics,3.19,18
3428,Matthew Lee,Physics,3.4,20
2125,Matthew Thomas,Biology,2.96,18
6433,Jennifer Robinson,Mathematics,3.15,20
8980,James Thompson,Psychology,2.53,24
9585,Linda Anderson,Electrical Engineering,2.23,20
0208,Mark White,Physics,2.79,18
6466,Michael Jones,Mechanical Engineering,2.65,22
2618,John Moore,History,2.01,23
7117,Barbara Perez,Economics,3.18,25
3310,Joseph Harris,Mechanical Engineering,3.44,21
6449,Karen Clark,Mathematics,3.95,23
0465,Matthew Lopez,Data Science,3.13,20
1968,William White,Chemistry,2.54,19
7907,John Williams,Chemistry,3.35,24
1228,Sandra Anderson,Computer Science,2.44,24
1543,Robert Lopez,Physics,3.92,25
2447,Margaret Wilson,Data Science,2.21,23
5336,Sarah Martinez,Psychology,3.7,21
8892,Michael Smith,History,2.03,18
9617,Barbara Gonzalez,Mechanical Engineering,2.06,20
9407,Charles Garcia,Business Administration,2.51,20
2663,Thomas Anderson,Mechanical Engineering,3.92,20
6384,Betty Brown,Computer Science,3.78,21
2264,John Garcia,Business Administration,2.88,24
8625,Barbara Harris,Civil Engineering,3.09,20
7615,Jennifer Smith,Chemistry,2.27,19
9839,Karen Anderson,Literature,2.05,22
5888,Robert Moore,Chemistry,2.51,19
7938,Susan Perez,Psychology,2.32,24
2315,Matthew Lewis,Mechanical Engineering,3.26,23
4989,John Garcia,Economics,3.46,23
8128,Barbara Hernandez,Data Science,3.37,18
6365,James Lopez,Data Science,2.06,19
4599,Karen Martinez,Psychology,3.08,22
3065,Daniel Jones,Electrical Engineering,2.86,20
6181,Michael Thompson,Computer Science,2.03,24
4190,James Anderson,Electrical Engineering,2.26,23
0060,Mary Jones,Psychology,3.31,21
8887,James Thompson,Mechanical Engineering,3.34,20
4788,Mark Clark,Business Administration,2.55,25
3253,David Sanchez,Mechanical Engineering,3.15,24
5108,Matthew Jackson,Electrical Engineering,3.7,18
4265,Margaret Martin,Data Science,3.74,24
6128,Linda Brown,Physics,3.68,24
2475,Karen Gonzalez,Literature,3.12,22
3823,James Davis,Mechanical Engineering,3.72,22
1787,Barbara Rodriguez,Civil Engineering,2.13,18
2064,Richard Brown,Physics,2.78,25
7247,James Smith,Business Administration,3.09,22
2856,Betty White,Mathematics,3.1,19
8577,David White,Business Administration,2.19,24
3471,Elizabeth Jones,Economics,3.89,20
9544,Thomas Smith,Economics,2.26,19
5265,Patricia Lopez,Computer Science,2.64,18
6980,Christopher Martin,History,2.82,24
4983,Patricia White,Psychology,3.55,19
7256,David Clark,Electrical Engineering,3.42,23
1833,Jennifer Thompson,Mechanical Engineering,3.39,20
8630,Nancy Sanchez,Biology,3.87,23
4924,Thomas Clark,Biology,2.39,25
7961,Christopher Anderson,Business Administration,2.61,23
6568,Sandra Rodriguez,Psychology,2.11,22
1083,Jessica Gonzalez,Electrical Engineering,3.88,21
3883,Karen Lopez,Computer Science,3.54,19
0072,Patricia Robinson,Mathematics,3.55,23
5864,David Taylor,Business Administration,2.87,20
7639,Joseph Anderson,Psychology,3.09,20
3354,Richard Johnson,Mechanical Engineering,2.16,25
5337,William Moore,Economics,2.04,21
2204,James Rodriguez,Mathematics,3.6,18
1693,Daniel Harris,Economics,2.94,24
5551,John Sanchez,Literature,3.69,20
1844,Jennifer Martin,Mechanical Engineering,2.74,23
5303,Daniel Harris,Civil Engineering,3.32,23
1813,Karen Lewis,Electrical Engineering,2.09,23
1755,Charles Wilson,Chemistry,2.64,25
8369,Karen Martin,Literature,2.18,21
1334,Betty Anderson,Economics,3.59,21
6134,James Thompson,Civil Engineering,3.52,25
3166,Susan Jones,Chemistry,3.75,23
9092,Matthew Ramirez,Business Administration,2.21,24
2335,James Moore,Economics,3.96,23
6146,Thomas Jackson,Chemistry,3.82,18
2118,Betty Harris,Data Science,3.76,20
1339,Jennifer Brown,History,2.41,24
2820,Daniel Taylor,Economics,3.55,18
2865,James Robinson,Biology,2.39,25
4516,Susan Perez,Psychology,2.14,21
7878,James Perez,Chemistry,2.56,19
8024,Lisa Brown,Psychology,2.49,25
1454,Charles Lewis,Literature,3.69,20
3654,Joseph Brown,Business Administration,3.81,23
5851,Daniel Gonzalez,Computer Science,3.82,21
7923,Michael Taylor,Business Administration,2.97,23
8236,Mark Clark,Electrical Engineering,3.03,24
1981,Thomas Lee,Data Science,3.09,22
0250,Matthew Davis,Economics,2.93,21
7861,Mary Thompson,Economics,2.02,18
1014,Jessica Davis,Chemistry,3.17,22
5205,Betty Rodriguez,Mathematics,2.93,22
9473,Margaret Sanchez,Civil Engineering,2.55,18
4137,Joseph Gonzalez,Economics,3.81,20
3802,Lisa Wilson,Electrical Engineering,2.77,23
8040,Elizabeth Lee,Mechanical Engineering,2.6,25
9493,Anthony Lopez,Economics,2.22,24
1631,James Robinson,History,3.47,21
6544,David Jackson,Business Administration,3.84,21
6087,Sandra Martin,Biology,2.66,18
6556,Joseph Sanchez,Economics,3.41,24
0270,Barbara Taylor,Literature,2.63,21
2043,Sandra Perez,Chemistry,2.66,19
8901,Richard Thomas,Biology,2.62,21
9074,Elizabeth Perez,Computer Science,2.98,21
7785,Mary Anderson,Business Administration,3.34,25
6007,Joseph Gonzalez,Data Science,3.76,21
0237,David Perez,Computer Science,3.28,18
9238,Jessica Taylor,Biology,2.44,20
8009,Robert Miller,Mechanical Engineering,3.43,23
1111,Elizabeth Smith,Mechanical Engineering,3.81,24
3304,Charles Jackson,Economics,2.68,23
4151,Nancy Harris,Computer Science,3.46,21
2548,John Harris,Electrical Engineering,3.86,24
0537,David Miller,Electrical Engineering,2.92,23
9578,Daniel Perez,Psychology,2.66,19
7757,Elizabeth Martin,Chemistry,2.31,18
5983,Michael Jones,Electrical Engineering,2.49,25
3063,Jessica Williams,Civil Engineering,2.85,23
4231,Mark Johnson,Economics,2.49,23
3968,David Lopez,Mathematics,3.39,18
9734,Sandra Jones,Computer Science,2.08,19
7208,Jessica Rodriguez,Data Science,2.39,22
3618,William Robinson,History,2.72,22
1539,Betty Thomas,History,2.78,20
6502,Patricia Moore,Economics,2.5,19
5288,Christopher Jones,Chemistry,3.35,18
7425,Anthony Wilson,Mathematics,2.06,24
3414,Patricia Lewis,Electrical Engineering,2.34,20
2207,Sandra Moore,Business Administration,2.47,18
2628,Barbara Gonzalez,Civil Engineering,2.57,23
8805,Linda Perez,Computer Science,3.87,23
7020,Barbara Hernandez,History,3.88,23
1100,Mary Jones,Physics,2.42,23
1867,Susan Smith,Chemistry,3.0,22
0804,Sandra Sanchez,Mechanical Engineering,2.46,20
7340,Jessica Wilson,Literature,3.97,18
4027,William Perez,Literature,2.82,18
7000,Thomas Garcia,Psychology,3.48,21
7713,Richard Jackson,Physics,3.44,20
2482,Susan Lewis,Economics,2.03,20
2767,Robert Johnson,Economics,2.89,23
0165,Nancy Smith,Physics,2.21,18
6196,Susan Lee,Chemistry,2.05,19
5777,David Perez,Data Science,2.35,18
3892,Michael Jackson,Literature,2.42,22
0403,Karen Johnson,Chemistry,2.87,25
1946,Mark Garcia,Data Science,2.76,19
6444,Sarah Lee,Mechanical Engineering,3.37,21
2715,Charles White,Business Administration,3.71,19
3242,Lisa Martin,Electrical Engineering,3.16,24
9385,Betty Lee,Economics,2.29,18
3290,Margaret Hernandez,Mechanical Engineering,2.05,19
5577,Jennifer Garcia,Physics,2.08,18
8882,Mark Moore,Electrical Engineering,3.77,21
5064,Christopher Anderson,Chemistry,3.5,20
1178,Joseph Harris,Computer Science,2.63,23
3301,Jessica White,Biology,3.07,25
2256,Betty Garcia,Biology,3.87,18
1410,Richard Miller,Electrical Engineering,2.32,18
7806,John Garcia,Physics,3.95,18
3875,Mark Martinez,Civil Engineering,2.83,24
4988,Barbara Taylor,Economics,2.65,22
4686,Jessica Wilson,Computer Science,3.69,24
3977,Anthony Thompson,Literature,2.04,24
5364,Mark Clark,Civil Engineering,2.88,22
9673,Sandra Clark,Mathematics,2.35,25
2163,Michael Anderson,Biology,2.93,22
3366,Jessica Thomas,Biology,3.81,22
5768,James Anderson,Computer Science,3.62,22
8781,Susan Hernandez,Chemistry,2.94,18
2343,Susan Williams,Electrical Engineering,3.81,25
9070,Sandra Jones,Biology,2.61,24
4609,Thomas Johnson,History,3.2,20
6161,Mark Gonzalez,Business Administration,3.44,24
8354,William Brown,Chemistry,2.05,23
4773,Michael Ramirez,Chemistry,2.15,24
6670,Mary Hernandez,Physics,3.46,24
4641,Sarah Taylor,Computer Science,3.59,19
1214,Daniel Clark,Business Administration,2.8,22
9022,Jessica Ramirez,Economics,3.68,19
3395,Robert Anderson,Economics,3.05,19
0921,Mark Garcia,History,3.52,22
5883,Robert Moore,Business Administration,2.72,23
5760,Nancy Perez,Civil Engineering,2.17,24
7417,Betty Smith,Data Science,3.15,19
5104,Karen Moore,Business Administration,2.52,18
8177,Thomas Anderson,Computer Science,3.86,19
3753,Jessica Smith,Psychology,3.03,24
8556,Jessica Ramirez,Data Science,2.73,18
2262,Jessica Anderson,Business Administration,2.21,18
2671,Jessica Clark,Civil Engineering,2.12,21
7392,Linda Wilson,Biology,3.16,25
3255,Karen Gonzalez,Chemistry,3.4,22
9216,Susan Williams,Business Administration,2.11,19
3179,John Johnson,Literature,3.14,18
6679,Mary Perez,Chemistry,2.1,19
0548,Jessica Moore,Psychology,2.72,20
2619,James Lopez,Computer Science,2.3,22
8539,Charles Thomas,Electrical Engineering,3.37,21
4874,Daniel Perez,Economics,2.35,19
1211,James Perez,Electrical Engineering,3.24,25
9724,Barbara Lewis,Economics,3.58,25
9939,William Lee,Chemistry,3.35,23
9729,Christopher Davis,Literature,3.2,23
8873,Karen Ramirez,Psychology,3.98,22
9699,William Clark,History,2.33,20
3468,Richard Perez,Business Administration,3.36,22
6089,Nancy Lee,Electrical Engineering,2.11,19
8384,Richard Martinez,Data Science,2.7,21
1578,Joseph Martinez,Computer Science,3.88,23
6581,John Lewis,Mechanical Engineering,2.48,21
7057,Margaret Anderson,History,2.85,24
1416,Lisa Jackson,History,3.57,25
6956,Richard Moore,Data Science,3.49,24
0985,Matthew Robinson,Computer Science,3.67,23
1207,David Thomas,History,2.18,25
5081,Elizabeth Martin,Business Administration,2.09,23
5550,Thomas Martinez,Economics,3.45,19
9456,William Rodriguez,Economics,3.22,18
4233,Michael Clark,History,2.67,24
4679,Jennifer Martinez,Psychology,2.09,23
4113,Joseph Rodriguez,Civil Engineering,2.66,24
0284,Michael Garcia,Civil Engineering,2.75,21
3234,David Jones,Chemistry,3.47,19
0646,Patricia Lewis,Data Science,2.18,18
6127,Sandra Thompson,Biology,2.74,19
3901,Sarah Rodriguez,Physics,3.35,23
1930,Karen Davis,Literature,2.33,21
6644,Barbara Clark,Economics,2.82,21
3889,Mary Clark,Business Administration,2.91,21
5628,Christopher Rodriguez,Psychology,3.87,18
9913,Mark Harris,Computer Science,3.77,20
3429,Nancy Ramirez,Physics,2.53,23
4280,Karen Thomas,Business Administration,3.86,18
3171,David Ramirez,Mathematics,2.59,20
6057,Anthony Jackson,Biology,3.74,25
4535,Sandra Sanchez,Biology,3.73,20
1863,John Ramirez,History,3.61,25
8782,Nancy Rodriguez,Economics,3.46,22
8954,Joseph Martinez,Physics,2.01,20
4435,Charles Davis,Chemistry,3.92,25
2816,Lisa Moore,Civil Engineering,3.36,20
5473,John Rodriguez,Physics,2.16,20
7129,Jessica Hernandez,Biology,2.09,22
8269,Barbara Sanchez,Electrical Engineering,3.24,20
5467,Susan Anderson,Literature,3.89,24
5705,Karen Robinson,Biology,3.04,25
1238,Charles Moore,Biology,2.92,25
0504,David Martinez,Civil Engineering,2.66,22
4622,Mark Anderson,History,2.59,19
9662,Linda Rodriguez,Computer Science,2.23,20
1853,Lisa Robinson,Economics,3.98,21
2157,Susan Lewis,Computer Science,3.38,24
3809,Jennifer Thompson,Chemistry,2.67,19
3602,Daniel Jackson,Mechanical Engineering,2.5,21
2156,Thomas Martin,Computer Science,2.22,22
0365,Anthony Taylor,Civil Engineering,3.58,25
6905,Karen Davis,Physics,3.44,23
9751,Susan Brown,Data Science,3.96,24
3026,Sarah Sanchez,Physics,2.27,20
3124,Daniel Robinson,Mechanical Engineering,3.74,18
7435,Betty Anderson,Computer Science,3.31,23
1514,Karen Rodriguez,Biology,2.06,23
3174,Linda Brown,Physics,2.07,20
4457,Joseph Lee,Civil Engineering,2.48,18
5258,Michael Clark,Chemistry,3.92,20
0746,Betty Lewis,Business Administration,3.43,25
6148,John Moore,Physics,3.27,20
5415,Elizabeth Martinez,Chemistry,3.74,23
4006,Susan Miller,Literature,2.13,19
8087,Robert Lee,Data Science,2.42,18
3256,Jessica Moore,Literature,2.37,25
7383,Sarah Harris,History,2.09,24
0946,Susan Williams,Mathematics,3.39,22
9499,Barbara Martin,Literature,3.02,24
0671,Richard Davis,Mathematics,2.87,22
7646,John Taylor,Computer Science,2.33,20
5228,David Jones,Data Science,3.88,24
1399,Susan Jackson,Computer Science,3.82,23
9297,Anthony Martin,Civil Engineering,2.78,22
0210,Jennifer Moore,Biology,3.78,22
0794,Joseph Lewis,Computer Science,2.66,18
1635,Linda Williams,Business Administration,2.44,20
3934,Anthony Martin,Biology,3.11,25
4916,John Sanchez,Psychology,3.51,20
7045,Michael White,Electrical Engineering,3.84,21
5423,Margaret Wilson,Physics,3.05,22
8530,Robert Sanchez,Chemistry,3.86,25
9563,Sarah Gonzalez,Electrical Engineering,2.85,23
9745,Jennifer Thomas,Electrical Engineering,3.06,24
0031,James White,Mechanical Engineering,2.3,25
8725,Joseph Moore,Mechanical Engineering,3.66,25
0446,John White,Computer Science,2.81,21
1258,Anthony Davis,Civil Engineering,3.28,23
4021,Anthony Ramirez,History,3.51,23
4502,Jessica Davis,Mathematics,3.78,20
4683,Michael Lee,Electrical Engineering,3.72,25
6997,Jessica Lee,Psychology,3.53,18
9605,William Hernandez,Mechanical Engineering,2.68,23
0785,Daniel Jackson,Chemistry,2.44,20
1945,Matthew Anderson,Mechanical Engineering,3.49,20
6786,Jennifer Moore,Mathematics,3.63,25
8911,Sandra Robinson,Computer Science,2.62,20
5411,Betty Rodriguez,Computer Science,3.53,20
2173,David Hernandez,Mathematics,2.58,24
4424,Thomas Martin,Psychology,3.58,21
4539,Charles Sanchez,Chemistry,3.78,25
9519,Christopher Johnson,Civil Engineering,2.21,24
3352,Jessica Moore,Biology,3.71,19
8877,Barbara Sanchez,Economics,2.84,22
6440,Richard Ramirez,Business Administration,2.92,24
8014,Anthony Sanchez,Literature,2.69,18
0829,Elizabeth Rodriguez,Biology,3.34,22
0438,Lisa Perez,Physics,3.0,21
1286,Michael Garcia,Psychology,2.36,19
3556,Daniel Garcia,Civil Engineering,3.09,23
4975,Barbara Moore,Chemistry,3.84,25
1351,James Smith,Business Administration,3.7,20
6687,Linda Perez,Economics,2.52,23
8437,Charles Clark,Economics,3.35,22
0253,Jennifer Wilson,Civil Engineering,2.06,24
5956,James Lee,Biology,3.19,21
6893,Mary Williams,Electrical Engineering,3.89,18
5026,Linda Ramirez,Mechanical Engineering,3.15,18
4866,Daniel Brown,Mechanical Engineering,3.44,25
2768,John Ramirez,History,2.75,21
6202,Linda Lopez,Physics,3.1,18
4481,David Lewis,Biology,3.55,19
6099,Mary Moore,Business Administration,2.03,19
1318,Barbara Clark,Mechanical Engineering,2.41,22
9325,Anthony Sanchez,Mechanical Engineering,2.65,25
1393,James Jones,Business Administration,3.31,25
2800,Jennifer Taylor,History,2.92,23
0607,Sandra Gonzalez,Mathematics,3.22,23
8554,Joseph Thompson,Economics,3.34,22
2139,Barbara Thomas,Mathematics,3.14,23
2610,Barbara Smith,Mathematics,2.65,21
0164,Daniel Lee,Physics,2.27,19
2415,Joseph Brown,Civil Engineering,3.03,22
0273,Mark Williams,Biology,2.45,23
0603,Jennifer Thompson,Mathematics,2.26,23
8910,Robert Sanchez,Computer Science,3.88,20
1332,Matthew Harris,Data Science,2.79,23
1847,Patricia Ramirez,Data Science,3.22,20
5629,John Martinez,Literature,3.82,25
5332,Elizabeth Thompson,Civil Engineering,2.64,18
4735,Betty Miller,Computer Science,3.58,20
7412,Jessica Lee,Physics,3.53,22
0830,Joseph Miller,Computer Science,3.03,20
3074,Elizabeth Johnson,Mechanical Engineering,3.65,23
4473,Nancy Ramirez,Mechanical Engineering,2.34,19
8927,Betty Garcia,Psychology,3.98,22
3102,James White,Psychology,2.35,21
7060,Matthew Wilson,Mechanical Engineering,2.58,18
3391,Charles Rodriguez,Data Science,2.35,19
6931,Anthony Moore,Computer Science,2.72,20
3437,Barbara Thomas,Economics,2.63,18
7313,Daniel Smith,Civil Engineering,3.85,25
6427,Karen Robinson,Civil Engineering,2.18,21
0394,Mark Jones,Mathematics,2.6,18
0010,John Moore,Economics,2.17,19
0885,Michael Sanchez,Civil Engineering,3.48,21
8249,William Sanchez,Biology,3.42,25
2871,John Miller,Mechanical Engineering,3.2,24
0555,Daniel Garcia,Chemistry,2.86,24
5678,John Garcia,Chemistry,2.48,20
2044,Patricia Harris,Data Science,2.3,20
6982,Karen Williams,Psychology,3.42,19
2172,Linda Johnson,Data Science,2.58,22
7733,Sarah Johnson,Electrical Engineering,3.24,18
3658,Sarah Moore,Business Administration,3.06,19
2750,Charles Gonzalez,Business Administration,2.82,23
6803,Jennifer Miller,Data Science,3.65,19
5488,Nancy Jackson,Literature,3.18,20
5807,John Perez,Mechanical Engineering,2.38,24
8392,Sarah White,Literature,3.39,19
5211,Joseph Jones,Mechanical Engineering,3.52,24
9404,Jessica Johnson,Civil Engineering,3.95,19
2617,Sandra Thomas,Data Science,2.02,21
2841,Daniel Moore,Economics,2.18,19
1949,Mark Taylor,History,3.53,22
0637,Mary Hernandez,Literature,3.73,19
8507,Linda White,Mechanical Engineering,3.56,18
1152,Matthew Lewis,Mechanical Engineering,2.54,22
8480,Charles Lopez,Physics,2.06,25
0852,John Rodriguez,Biology,2.95,24
9186,Barbara Johnson,Literature,3.43,25
5239,Barbara Harris,Psychology,2.31,25
7704,Robert Davis,Data Science,3.65,21
5008,Patricia Gonzalez,Computer Science,3.67,25
2606,Christopher Taylor,Psychology,2.15,18
9117,David Harris,Psychology,3.51,18
1491,Michael Harris,Literature,3.15,24
0265,Margaret Harris,Mechanical Engineering,2.12,24
4648,Margaret Anderson,Computer Science,2.03,22
3207,Richard Robinson,Economics,3.73,24
4692,Richard Perez,Economics,2.49,20
7694,Matthew Davis,Mechanical Engineering,3.38,18
0014,James Thomas,Data Science,3.48,23
7763,Thomas Clark,Computer Science,3.56,25
7575,Margaret Robinson,Data Science,2.55,18
2412,Sarah Wilson,Mechanical Engineering,2.5,21
6552,Elizabeth Miller,Literature,2.06,24
7723,David Lewis,Biology,3.56,22
3099,Elizabeth Lewis,Psychology,3.08,21
1436,Karen Lewis,Business Administration,2.34,25
4824,David Martin,Psychology,2.01,25
5452,Jennifer Jones,Biology,3.7,23
6260,Sandra Moore,Literature,3.38,23
2923,Sarah Hernandez,Psychology,2.55,23
5027,Margaret Brown,Mechanical Engineering,3.24,19
5681,Mark Jackson,Physics,3.56,21
4603,Sandra Martinez,Biology,3.72,21
7299,Susan Thomas,Biology,3.12,21
1427,Sarah Thompson,Chemistry,2.39,21
2599,Robert Davis,Biology,2.03,22
5318,Daniel Davis,Physics,2.51,23
3991,Thomas Martinez,Physics,2.84,22
8780,Thomas Wilson,Psychology,2.96,22
3578,Patricia Gonzalez,Mechanical Engineering,2.98,19
9837,Robert Johnson,Physics,2.46,25
1117,David Lopez,Electrical Engineering,3.15,25
2642,Richard Johnson,Data Science,2.52,22
8768,James Taylor,Data Science,2.22,22
2757,William Sanchez,Data Science,2.74,20
0827,Sarah Brown,Psychology,2.62,21
4800,Daniel Gonzalez,Data Science,2.15,24
6836,Patricia Brown,Civil Engineering,2.77,18
8523,Margaret Miller,Physics,2.15,20
5771,Richard White,Psychology,2.04,23
7696,David Hernandez,Psychology,3.26,24
0594,Barbara Robinson,Civil Engineering,2.35,24
2989,Thomas Davis,Physics,3.01,22
4311,Sandra Ramirez,History,3.94,21
0908,Jessica Anderson,Data Science,3.98,18
6885,Michael Martinez,History,3.35,23
8457,William Hernandez,Literature,3.13,24
4805,Betty Wilson,Computer Science,2.02,18
8002,Margaret Williams,Data Science,3.2,24
0179,Christopher Jones,Electrical Engineering,2.99,20
0487,Linda Taylor,Physics,3.6,25
7748,Sandra Rodriguez,Business Administration,2.25,19
1453,Christopher Ramirez,Psychology,3.93,25
8993,Lisa Ramirez,History,2.42,21
2791,Sarah Lopez,Business Administration,3.57,18
1068,Charles Hernandez,Literature,3.36,25
1650,James Sanchez,Economics,2.39,18
6278,Matthew Thompson,Economics,3.15,24
7171,Nancy Robinson,Mathematics,2.07,19
6555,John Miller,Physics,3.61,22
3915,Margaret Lewis,History,3.55,18
7257,Linda Rodriguez,Literature,3.06,22
0163,Sarah Rodriguez,Mechanical Engineering,3.74,25
1792,Anthony Anderson,Computer Science,2.03,24
4928,Jennifer Sanchez,Chemistry,3.86,23
1905,Daniel Perez,Economics,2.67,19
0460,Elizabeth Sanchez,Electrical Engineering,3.19,23
0739,William Martinez,Economics,3.5,24
0310,Charles Hernandez,Civil Engineering,2.28,19
4017,Lisa Harris,Psychology,2.95,23
6343,Margaret Wilson,Electrical Engineering,2.95,20
8870,Thomas Smith,Computer Science,2.22,19
7318,Christopher Anderson,Mechanical Engineering,2.54,25
4032,Charles Perez,History,2.57,23
1542,Charles Garcia,Mechanical Engineering,2.63,19
4612,Anthony Wilson,Psychology,2.43,21
6620,Anthony Garcia,Physics,2.56,25
4617,Daniel Williams,Business Administration,3.91,18
4650,Mary Williams,Chemistry,2.03,19
2880,Robert Perez,Psychology,3.25,23
7995,Joseph Gonzalez,Data Science,3.48,21
5762,Mary Ramirez,Civil Engineering,3.75,22
9250,Sarah Martinez,Data Science,3.4,22
7488,Jennifer Lee,Psychology,3.78,21
9252,David Thompson,Mathematics,3.55,21
5714,Christopher Miller,Chemistry,2.34,25
8536,Daniel Lopez,Literature,2.81,25
9255,Charles Moore,Data Science,3.32,18
1937,Sandra Jones,Physics,3.77,24
9123,William Lee,Chemistry,3.9,25
1423,Patricia Clark,Data Science,2.68,20
2906,Mark White,Psychology,3.97,25
7773,Mary Perez,Biology,3.58,22
4716,John Robinson,Psychology,3.87,25
1797,Lisa Jackson,Data Science,2.23,24
0458,Patricia Williams,Civil Engineering,3.87,22
7386,William Gonzalez,Psychology,3.3,19
2183,Charles Ramirez,Biology,2.48,25
1975,Barbara Sanchez,Civil Engineering,2.34,22
8535,Margaret Robinson,Chemistry,2.43,23
8184,Daniel Garcia,Mechanical Engineering,2.99,25
7867,Elizabeth Moore,Business Administration,3.68,25
9941,Joseph Smith,Computer Science,2.94,19
1906,Christopher Jones,Mathematics,2.48,23
7356,Sandra Brown,Electrical Engineering,2.17,18
2928,Sarah Garcia,History,2.33,25
4337,Charles Jackson,Computer Science,3.23,24
6286,Susan White,Computer Science,2.3,24
0479,Barbara Robinson,Psychology,3.69,21
2301,Anthony Jackson,Business Administration,3.99,25
6321,John Wilson,Civil Engineering,2.81,20
1794,Patricia Harris,Psychology,2.0,18
9060,Michael Perez,Psychology,2.94,18
6869,Joseph Johnson,History,2.49,18
0213,Thomas Lee,Biology,3.5,24
6990,Sandra Thompson,Psychology,3.53,21
2215,Jennifer Johnson,Chemistry,3.6,18
7444,Charles Lewis,Biology,2.47,22
8171,Karen Jones,Business Administration,3.39,24
4115,Jessica White,Civil Engineering,3.08,24
6712,Sandra Perez,Electrical Engineering,3.23,23
2818,Mary Ramirez,Chemistry,3.6,22
3970,Betty Hernandez,Physics,2.63,20
8491,Susan Thomas,Physics,2.72,22
9199,John Harris,Economics,3.02,19
7456,Joseph Jackson,Civil Engineering,3.0,23
5843,James Ramirez,History,2.08,22
7596,David Harris,Electrical Engineering,3.51,18
0159,Jennifer Wilson,Electrical Engineering,2.79,21
8694,Mary Miller,Electrical Engineering,3.69,24
5167,Nancy Lewis,Civil Engineering,2.69,23
9546,Joseph Davis,Mechanical Engineering,2.02,18
4307,Joseph Harris,History,3.64,18
5264,Lisa Gonzalez,Mechanical Engineering,2.67,24
7846,Thomas Hernandez,Electrical Engineering,3.29,22
7545,Joseph Gonzalez,Psychology,2.96,19
6339,Robert Hernandez,Psychology,3.12,25
6390,Matthew Lee,Economics,3.19,18
8102,Mary White,History,2.72,21
0718,Richard White,History,2.82,21
7490,Michael Jones,Chemistry,2.87,21
7015,William Jones,Electrical Engineering,3.07,23
4511,Daniel Gonzalez,Electrical Engineering,3.55,21
3375,Joseph Jones,History,3.67,21
4086,Jessica Perez,Electrical Engineering,2.37,21
9823,Patricia Johnson,Mechanical Engineering,3.62,25
5302,Anthony Harris,Psychology,3.4,18
8811,James Moore,Psychology,3.17,20
5054,Christopher Miller,Civil Engineering,3.87,18
8537,Michael White,Chemistry,2.02,21
6833,Michael Davis,History,2.39,19
0283,Christopher Lee,Biology,3.77,21
1217,Sarah Rodriguez,Mathematics,2.8,19
3653,Robert Lopez,Business Administration,2.97,18
7996,William Anderson,Mechanical Engineering,2.88,23
2252,Matthew Robinson,Business Administration,3.36,25
1533,Susan Jackson,Business Administration,2.77,18
1758,Mark Lee,Business Administration,2.77,23
8172,Margaret Thompson,Mathematics,2.61,20
6409,Patricia Lopez,Chemistry,3.33,21
3495,Joseph Martin,Business Administration,2.31,22
5596,James Hernandez,Mechanical Engineering,3.43,25
6494,Michael Lee,Economics,2.86,23
9752,Karen Miller,Civil Engineering,3.45,20
6406,Thomas Moore,Mechanical Engineering,3.27,18
3235,Linda Martin,Chemistry,3.23,25
9335,Sandra Robinson,Business Administration,3.34,21
3548,Nancy Miller,Data Science,3.39,18
6609,Linda Garcia,Data Science,3.19,23
1376,Matthew Jackson,Literature,3.35,23
8140,Betty Lopez,History,2.16,18
3776,Robert Hernandez,Computer Science,2.79,24
8846,Mark Robinson,Psychology,3.3,24
8187,Christopher Perez,History,2.07,25
6921,Linda Martinez,Chemistry,2.84,19
8997,Margaret Martinez,Literature,3.14,24
1055,Linda Jones,Biology,3.17,19
3632,Mark White,Computer Science,2.46,23
7600,Jennifer Martinez,Electrical Engineering,3.71,24
1619,Jennifer Jones,Data Science,2.65,24
0528,Linda Robinson,Business Administration,2.88,21
7628,Charles Perez,Physics,2.46,22
0614,Karen Hernandez,Economics,2.58,21
2120,Sarah Jackson,Mathematics,2.64,22
4801,Susan Lopez,Physics,3.56,23
4770,Michael Williams,Chemistry,2.12,25
0688,Michael Johnson,Computer Science,2.3,19
5281,James Perez,Electrical Engineering,3.47,25
5163,Michael Gonzalez,Business Administration,2.75,20
5622,Barbara White,Physics,3.31,25
3049,Michael White,Psychology,3.65,20
8116,Lisa Miller,Civil Engineering,3.84,25
8451,William Jackson,Mechanical Engineering,3.2,19
7463,Susan Perez,Physics,2.01,19
1820,Charles Brown,Computer Science,3.21,22
7667,Sarah Taylor,Physics,2.79,18
7279,Lisa Anderson,Mechanical Engineering,3.95,20
0994,Susan Martinez,Civil Engineering,3.85,25
9744,Matthew Harris,Biology,3.77,21
0834,Nancy Thomas,Biology,2.71,23
6846,Christopher Rodriguez,Data Science,2.97,24
0775,Betty Johnson,History,3.63,18
2046,Karen Miller,Chemistry,2.19,24
6987,Elizabeth Robinson,History,3.41,23
9937,Christopher Moore,Data Science,2.03,23
3704,Matthew Thomas,Literature,2.49,22
3312,Susan Wilson,Economics,3.67,22
0254,Sandra Thomas,History,2.43,21
9991,Sarah Anderson,History,3.1,18
8752,Lisa Harris,History,3.78,23
2448,Robert Taylor,Economics,2.06,23
6489,Richard Wilson,Mathematics,3.84,19
0401,Sarah Miller,Chemistry,3.08,22
4206,Lisa Anderson,Chemistry,2.18,21
6536,Joseph Rodriguez,Mechanical Engineering,3.63,23
8634,Mary Martin,Literature,2.81,23
7603,Karen Miller,Biology,2.08,20
5825,Lisa Hernandez,Computer Science,2.3,18
8794,Thomas Ramirez,Economics,3.29,24
8253,William Gonzalez,History,3.22,20
2685,William Robinson,Mechanical Engineering,2.6,21
1761,Barbara Rodriguez,Biology,2.81,23
0330,Jennifer Brown,Electrical Engineering,3.64,23
4942,Richard Johnson,Literature,2.47,25
5708,John Smith,Biology,3.09,21
8391,David Ramirez,Civil Engineering,2.84,22
9037,Richard Wilson,Computer Science,3.81,18
7720,Michael Thomas,Physics,2.52,22
9951,Joseph Wilson,Psychology,3.83,19
0740,Nancy White,Data Science,2.85,20
9249,Jennifer Brown,History,2.68,21
9677,Lisa Jackson,Literature,3.36,23
3795,Barbara Moore,History,2.82,19
7106,Christopher Jackson,Business Administration,2.09,22
6613,Patricia Hernandez,Biology,3.2,21
1700,Michael Lopez,Electrical Engineering,3.69,24
2935,Daniel Thompson,Business Administration,2.8,19
4390,Anthony Davis,Biology,2.63,18
0989,Matthew Ramirez,Computer Science,2.33,23
3330,Betty Ramirez,Chemistry,2.39,18
2572,Patricia Lewis,Computer Science,2.14,22
7377,Betty Lopez,Literature,2.93,19
6831,Sandra Lopez,Biology,2.11,19
6856,Karen Martinez,Economics,3.14,19
0865,Michael Robinson,Physics,3.25,23
1273,Mary Lewis,Mathematics,2.67,19
0892,Nancy Clark,Psychology,3.62,21
4789,Anthony Robinson,Economics,2.82,25
7021,John Taylor,Physics,3.59,25
1660,John Thomas,Computer Science,3.07,22
0611,Karen Jones,Economics,3.7,20
1913,Matthew Clark,Literature,3.12,23
2227,James Thomas,Psychology,2.2,24
3708,John Jones,Economics,2.44,20
2605,John Harris,Mechanical Engineering,2.56,23
2672,Jennifer Jones,Computer Science,3.13,22
6024,Mary Perez,Computer Science,3.89,21
5740,Jessica Ramirez,Business Administration,2.15,25
7577,Jessica Lopez,Biology,3.11,24
8277,Robert Thompson,Chemistry,2.51,18
2138,Richard Gonzalez,Data Science,2.14,20
2389,Mark Wilson,History,3.95,20
1939,Lisa Johnson,Business Administration,2.46,18
9228,Richard Jackson,Literature,2.74,19
5426,Susan Hernandez,Chemistry,3.35,20
3563,Patricia Brown,Biology,2.86,19
7974,Sarah Williams,Data Science,3.33,20
7769,Margaret Perez,Psychology,3.29,21
4848,Margaret Perez,Economics,3.69,21
0613,Michael Johnson,Electrical Engineering,2.65,25
3230,Charles White,Electrical Engineering,2.12,20
5220,Linda Brown,History,2.57,23
1093,Karen Wilson,Biology,3.32,19
6738,Margaret Smith,Economics,3.41,19
8429,Charles Harris,Physics,3.72,18
9983,Elizabeth Lopez,Computer Science,2.69,19
0695,John Jones,History,2.1,21
6435,Betty Wilson,Computer Science,3.04,24
9540,Betty Rodriguez,History,2.21,18
3051,William Rodriguez,Psychology,3.59,24
5741,Anthony Johnson,Biology,3.4,25
3383,Sandra Brown,Civil Engineering,2.08,21
4257,William Wilson,Economics,2.65,22
1896,Charles Lewis,Mathematics,2.06,24
8951,James Jackson,Business Administration,3.62,23
6608,Anthony Robinson,Biology,2.07,20
2292,Daniel Anderson,Civil Engineering,2.68,24
5829,Karen Moore,Mechanical Engineering,3.37,23
9184,Charles Lee,Computer Science,2.97,20
0490,Karen Rodriguez,Data Science,2.61,18
4030,Elizabeth Martin,Mathematics,2.91,25
3439,Sandra Wilson,Electrical Engineering,2.63,21
1951,Nancy Harris,Business Administration,3.07,25
4340,Richard Harris,Physics,3.21,23
8345,Michael Johnson,Data Science,2.78,22
0851,Jessica Jones,Biology,3.96,24
2519,Patricia Thomas,Civil Engineering,3.34,24
6985,Mark Taylor,Mathematics,3.16,18
9283,Robert Sanchez,Business Administration,2.77,25
3082,Richard Williams,Data Science,3.52,24
7572,Robert Harris,Psychology,3.08,24
6217,James Harris,Mechanical Engineering,2.62,20
0011,William Sanchez,Physics,3.75,24
6320,Jessica Lee,Computer Science,2.25,23
9602,Richard Garcia,Literature,3.0,25
6759,Anthony Perez,Civil Engineering,2.09,19
5209,Mark Lopez,Literature,3.87,20
7898,Michael Williams,Psychology,3.88,23
4436,Robert Rodriguez,Electrical Engineering,3.92,23
1908,Robert Hernandez,Literature,3.49,18
0195,James Taylor,Mathematics,3.49,22
3359,Karen Gonzalez,Data Science,2.91,19
7306,Barbara Ramirez,Computer Science,2.68,20
8912,James Lee,Mathematics,3.82,21
2008,David Miller,History,2.18,19
8661,Thomas Rodriguez,Mathematics,3.84,18
7322,David Martin,Literature,3.25,22
6000,Nancy Jones,Mechanical Engineering,2.3,19
1600,James Martin,Data Science,3.77,22
4041,Sandra Rodriguez,Psychology,2.45,19
8953,Betty Clark,Civil Engineering,3.82,19
3016,William Ramirez,Computer Science,3.61,25
3800,Thomas Davis,Civil Engineering,3.39,21
7399,Nancy Clark,Business Administration,2.93,25
5101,Charles Harris,Biology,2.3,22
7717,Mary Harris,Electrical Engineering,2.19,19
2489,Susan Robinson,Biology,2.29,19
4618,Michael Thomas,Economics,3.88,19
2388,Thomas Brown,Business Administration,2.03,18
1643,Betty Perez,Economics,2.77,22
3022,Jennifer Wilson,Mathematics,3.99,24
0065,Betty Miller,Business Administration,2.66,25
3741,Joseph Martinez,History,3.89,23
7137,Margaret Jones,Physics,2.43,22
0707,Thomas Taylor,Biology,2.29,25
6599,Anthony Lee,Electrical Engineering,2.63,22
2545,Lisa Garcia,Electrical Engineering,3.28,21
2312,David Brown,Data Science,3.8,20
3810,Sarah Smith,Mathematics,2.09,21
0564,William Hernandez,Mathematics,2.46,20
3284,Thomas Thomas,Electrical Engineering,2.01,22
6287,Joseph Gonzalez,Chemistry,2.87,24
4225,Daniel Johnson,Biology,2.26,25
1828,Elizabeth Hernandez,Psychology,3.39,25
7194,John White,Business Administration,2.26,25
0431,David Miller,Data Science,3.37,21
5515,Daniel Robinson,Physics,3.11,21
4112,Patricia Lopez,History,3.5,20
6342,Richard Jones,Data Science,3.31,18
3054,Jessica Clark,Civil Engineering,3.42,19
4682,William Sanchez,Civil Engineering,2.44,19
8306,James Sanchez,Physics,2.16,22
8876,Barbara Jones,Economics,3.58,24
2620,Sandra Martinez,Mathematics,3.42,22
7323,William Robinson,Mechanical Engineering,2.43,25
3409,Patricia Sanchez,Data Science,3.37,23
6935,Linda Davis,Literature,2.49,22
2636,Betty Jackson,Chemistry,2.33,24
1839,Anthony Martin,Chemistry,2.06,18
3435,Matthew Johnson,Psychology,2.41,22
5371,Linda Martinez,Civil Engineering,3.2,25
6344,Barbara White,Psychology,3.09,23
5849,Anthony Moore,Psychology,2.83,19
4529,Lisa Taylor,Biology,3.01,25
0289,Thomas Gonzalez,Computer Science,3.9,20
1466,Patricia Lopez,Economics,3.18,25
8329,Karen Rodriguez,Mechanical Engineering,2.91,21
3137,Thomas Jones,Chemistry,3.81,18
8248,Sandra Miller,Mechanical Engineering,2.24,20
3864,Jennifer Davis,Literature,3.2,22
9227,Sarah Johnson,Chemistry,2.03,25
2003,Michael Perez,Data Science,3.96,21
8720,Betty Gonzalez,Biology,2.93,25
0360,Jessica White,Literature,2.99,18
0021,Joseph Smith,Mechanical Engineering,2.81,24
4168,Margaret Harris,Mathematics,2.8,18
6068,Nancy Anderson,Physics,3.92,20
1871,Jennifer Ramirez,Biology,3.7,19
0944,Margaret Garcia,History,3.37,20
7735,Patricia Jackson,Literature,3.86,24
5522,Margaret Moore,Electrical Engineering,2.96,22
4701,Matthew Anderson,Electrical Engineering,2.85,21
8745,Karen Miller,Mechanical Engineering,3.7,22
2089,Lisa Harris,Mathematics,3.29,24
8631,Charles Garcia,Business Administration,3.52,24
3012,Richard Perez,Physics,2.06,22
6329,Sarah Lopez,Mechanical Engineering,2.19,21
8601,William Lee,Civil Engineering,2.41,23
6880,Thomas Sanchez,Psychology,2.55,19
0454,Patricia Taylor,Business Administration,2.62,24
8986,Barbara Brown,Electrical Engineering,3.93,20
6706,Patricia Smith,Literature,2.78,21
9589,Joseph Moore,Business Administration,2.18,18
4064,Elizabeth Moore,Psychology,3.45,21
0631,Betty Gonzalez,Civil Engineering,3.25,19
5140,John Thompson,Physics,3.45,23
4723,Sandra Lopez,Psychology,3.97,23
5835,Charles Robinson,Civil Engineering,2.33,21
2154,Jessica Jackson,History,2.39,19
0523,Michael Harris,Literature,2.82,24
9639,David Jackson,Chemistry,2.35,24
2228,Joseph Wilson,Biology,2.98,25
6459,Barbara Jackson,Mechanical Engineering,2.72,24
7799,John Miller,Literature,3.55,19
0240,Jessica Rodriguez,Economics,2.15,23
6319,Linda Harris,Literature,3.99,18
0967,Sarah Lee,Biology,3.6,20
6004,Susan Sanchez,Chemistry,3.71,21
6617,Michael Martin,Economics,2.03,25
6605,Margaret Gonzalez,Data Science,2.73,18
6632,Mary Brown,Data Science,2.16,19
6541,David Martinez,Biology,3.93,22
1367,Elizabeth Garcia,Psychology,2.4,22
2123,Jessica Martin,Electrical Engineering,3.52,22
5904,Charles Martin,Computer Science,2.17,24
4237,Patricia Sanchez,Physics,3.55,22
4284,Anthony Anderson,Psychology,3.21,22
2840,Anthony Lee,History,3.32,19
9218,David Lewis,Chemistry,2.45,18
1342,Richard Anderson,Economics,3.88,24
0092,Joseph Perez,Mechanical Engineering,2.77,20
7547,Mary Jackson,Business Administration,2.79,18
7882,Betty Garcia,History,2.39,20
5799,Susan Martinez,Mechanical Engineering,3.35,18
0103,Barbara Taylor,History,2.77,25
0978,Jennifer Lewis,Civil Engineering,3.82,25
8283,Patricia Perez,Literature,3.51,23
6067,Barbara Robinson,Business Administration,2.89,21
5390,Jennifer Harris,Chemistry,2.93,19
6075,Patricia Perez,Mathematics,2.62,19
8626,Anthony Anderson,Business Administration,3.0,20
2533,Lisa Clark,Literature,2.83,24
0450,Thomas Hernandez,Physics,3.02,24
4987,Matthew Williams,Computer Science,3.86,23
5015,Nancy Martin,Chemistry,2.4,23
7641,Thomas Gonzalez,Chemistry,3.72,22
9535,Anthony Miller,Psychology,3.83,24
8862,William Rodriguez,Chemistry,2.1,24
0706,Michael Jones,Chemistry,2.79,25
8749,Nancy Wilson,History,3.53,23
8726,Karen Gonzalez,History,3.74,22
6778,Lisa Hernandez,Biology,2.89,24
5979,Richard Martin,Civil Engineering,3.64,22
3583,Joseph White,Data Science,2.7,21
5723,William Ramirez,Chemistry,3.81,23
2540,Christopher Johnson,Psychology,3.28,22
0541,James Harris,Mathematics,2.48,25
5268,Jennifer Martin,Business Administration,2.01,22
5579,Nancy Clark,Psychology,3.05,24
7235,David Lewis,Mechanical Engineering,3.28,22
9879,David Lewis,Computer Science,2.47,23
5196,William Moore,Literature,3.88,25
4804,Thomas Smith,Mathematics,2.46,21
3200,Michael White,Biology,2.74,24
2676,Charles Miller,Electrical Engineering,3.44,19
4394,Linda Wilson,Economics,2.76,18
1272,Daniel Robinson,Civil Engineering,3.62,18
7369,Jessica Davis,Chemistry,2.42,22
4188,John Lopez,Computer Science,3.44,24
7250,Michael Garcia,History,3.98,22
8519,Anthony Smith,Mathematics,2.21,20
0684,Susan Lopez,Biology,2.46,25
8444,Christopher Jackson,Physics,2.41,22
1250,Sandra Gonzalez,Chemistry,2.56,24
6472,William Thompson,History,3.91,24
9093,Margaret Wilson,Psychology,2.07,21
4395,Margaret Ramirez,Electrical Engineering,3.81,21
5247,Anthony Sanchez,Economics,3.24,22
6542,Patricia Hernandez,Economics,2.29,18
7524,Daniel Harris,Economics,2.57,19
5749,Mary Lewis,Data Science,2.04,25
3469,Susan Johnson,Chemistry,3.61,19
7638,Nancy Ramirez,Economics,2.66,24
9072,Elizabeth Taylor,Civil Engineering,3.18,25
4104,Jessica Jackson,Business Administration,2.94,21
5837,Linda Ramirez,Literature,2.04,19
5149,William Rodriguez,Mechanical Engineering,3.78,25
2346,Margaret Lee,Mathematics,2.54,25
6950,Thomas Jackson,Mechanical Engineering,3.71,18
3260,Betty Robinson,Mathematics,3.34,20
8284,Susan Johnson,Electrical Engineering,3.52,18
0326,Lisa Gonzalez,Literature,3.06,23
1767,Susan Harris,Chemistry,2.12,19
8512,Christopher Ramirez,Psychology,3.08,19
0112,Jennifer Martin,Electrical Engineering,2.48,24
0553,Sandra Brown,Literature,2.44,19
4811,Robert Miller,Chemistry,2.92,23
9910,Karen Lee,Economics,3.04,22
0597,Nancy Brown,Psychology,3.47,21
6310,Sandra Robinson,Mechanical Engineering,3.0,25
3858,James Hernandez,Psychology,3.01,18
8970,Jessica Jackson,Data Science,3.52,24
1415,Margaret Lee,Mathematics,2.24,18
5594,Anthony Wilson,Civil Engineering,2.08,18
6692,Joseph Taylor,Mechanical Engineering,3.52,22
2993,Joseph Taylor,Psychology,2.54,21
3447,Betty Smith,Mechanical Engineering,2.51,23
4656,Joseph Miller,Physics,3.86,23
3168,Nancy Martinez,Psychology,3.36,22
1081,Mark Rodriguez,Economics,2.26,20
2592,Thomas Johnson,Economics,2.02,19
7049,Margaret Anderson,Biology,3.74,21
0098,Betty Perez,History,2.78,22
4327,Linda White,Data Science,2.86,23
0581,Lisa Martin,Biology,3.66,22
7535,William Lewis,Computer Science,3.1,23
7436,Lisa Jackson,Mechanical Engineering,2.05,20
9759,Christopher Johnson,Chemistry,3.25,23
9757,Susan Smith,Literature,3.43,23
0923,Robert Wilson,Economics,3.25,18
3161,Patricia White,Mathematics,2.32,18
6736,Mark Jones,Economics,3.9,24
7393,Richard Miller,Mechanical Engineering,2.04,20
6420,Sandra Davis,Mathematics,3.7,24
0447,Barbara Rodriguez,Computer Science,3.96,18
5293,Joseph Martin,Business Administration,3.19,23
2421,William Sanchez,History,3.68,20
3209,Nancy Anderson,Mechanical Engineering,3.85,18
8459,Patricia Jones,Literature,3.95,23
9782,Michael Williams,Biology,3.95,23
4174,James Smith,Civil Engineering,2.26,19
4971,Nancy Moore,Electrical Engineering,3.4,24
4241,Sandra Taylor,Electrical Engineering,3.62,18
1683,Elizabeth Taylor,Literature,2.25,18
8573,Charles Davis,Computer Science,3.82,23
5393,Elizabeth Taylor,Civil Engineering,3.42,21
0219,Sandra Taylor,Mathematics,2.89,25
6898,Karen Anderson,Mechanical Engineering,3.17,20
9433,William Clark,Psychology,2.66,23
2334,Linda Taylor,Literature,2.21,19
4977,Sarah Garcia,Chemistry,2.29,21
8007,Matthew Taylor,Literature,2.28,22
9690,Margaret Jones,Economics,2.71,19
4923,Thomas Hernandez,Electrical Engineering,3.74,23
9644,Christopher Anderson,Business Administration,2.84,19
7746,David Lewis,Mathematics,3.18,21
0690,Mary Robinson,Biology,2.25,24
9155,Lisa White,Literature,3.66,23
2268,Margaret Martinez,Civil Engineering,3.48,25
2029,Richard Brown,Business Administration,3.6,18
8064,Anthony Thompson,History,2.59,22
7192,Charles White,Data Science,3.77,23
3517,Lisa Smith,Biology,3.14,22
2879,Elizabeth Wilson,Psychology,2.58,21
6740,Sandra Hernandez,Computer Science,2.89,24
5980,Karen Robinson,Mathematics,2.69,23
4829,Karen Thompson,History,3.55,21
1008,Barbara Ramirez,Mathematics,3.02,19
6164,Margaret Johnson,Biology,3.51,20
8469,Nancy Jones,Chemistry,2.88,23
7862,Elizabeth Anderson,History,3.67,25
7755,Sandra Thomas,Civil Engineering,2.74,20
7520,Barbara Martinez,Psychology,2.23,21
3624,Thomas Anderson,Electrical Engineering,3.7,21
5624,Jessica Martin,Chemistry,3.23,18
5046,Jessica Johnson,Psychology,2.57,23
3372,Mark Lopez,Economics,3.97,22
9310,Charles Thompson,Psychology,2.83,22
6129,Sandra White,Literature,3.79,24
5145,Susan Jones,Mechanical Engineering,3.36,23
1745,Betty Wilson,Business Administration,3.69,19
7374,Robert Hernandez,Mathematics,3.17,23
2876,Mark Smith,Electrical Engineering,3.55,24
3605,Joseph Rodriguez,Economics,3.47,18
1344,Richard Martinez,Data Science,3.56,20
6550,Jessica Jones,Business Administration,2.97,23
9498,Michael Sanchez,Data Science,3.88,23
0069,Patricia Thompson,Business Administration,2.4,19
4614,Jessica Robinson,Business Administration,3.64,18
9678,David Martinez,Mathematics,2.67,21
0560,Betty Martinez,Mathematics,2.71,23
1170,Mark Clark,Mathematics,3.85,20
6858,Patricia Wilson,Biology,3.91,21
7602,Michael Lopez,History,3.94,25
1090,Daniel Ramirez,History,2.83,18
6169,Sarah Clark,History,3.23,18
8654,Elizabeth Sanchez,Psychology,3.16,18
3135,Thomas Wilson,History,3.44,22
1123,Michael Williams,Chemistry,2.18,23
7181,Nancy Thomas,Biology,2.64,20
3011,John Lee,Psychology,3.16,21
2566,Linda Gonzalez,Biology,2.77,18
9303,Matthew Martin,Business Administration,3.93,19
0839,Nancy Perez,Physics,2.07,23
5986,Christopher Perez,Computer Science,3.96,18
0731,Barbara Lopez,History,3.52,21
9263,Karen Williams,Data Science,2.22,21
1875,Jennifer Johnson,Electrical Engineering,2.81,18
0580,Mary Martin,Psychology,2.38,21
3913,Daniel Miller,Economics,2.87,25
1082,Charles Johnson,Electrical Engineering,3.82,21
5685,Sarah Moore,Business Administration,2.9,20
3459,Christopher Williams,Biology,3.06,21
0987,Thomas Martinez,Civil Engineering,3.91,25
2814,Thomas Brown,History,3.51,25
8774,Susan Gonzalez,Mechanical Engineering,3.5,22
8356,Mark Clark,History,2.27,18
0076,Sarah Davis,Civil Engineering,3.03,19
3645,Jennifer Martinez,Electrical Engineering,3.49,24
5570,Susan Martinez,Chemistry,2.56,24
4255,Elizabeth Rodriguez,Literature,2.06,25
1852,Christopher Moore,Mechanical Engineering,3.53,20
8053,Matthew Thomas,Economics,3.64,24
6630,Linda Anderson,Economics,3.57,23
0638,Thomas Williams,Business Administration,3.39,25
8428,Joseph Clark,Literature,2.6,20
1748,Elizabeth Gonzalez,Biology,2.89,19
0008,Elizabeth Robinson,Civil Engineering,2.77,21
0779,Betty Jackson,Economics,3.41,21
9275,John Sanchez,Mathematics,2.66,24
0747,Richard Martinez,Business Administration,2.29,22
5369,James Jones,Business Administration,2.76,18
3516,Margaret Moore,Economics,3.61,22
7512,Matthew Jackson,Physics,2.78,19
6186,Mark Brown,Business Administration,3.97,20
5729,Anthony Jones,Economics,3.56,20
9843,Linda Perez,History,3.3,20
2502,William Gonzalez,Biology,2.98,20
5124,Mark Johnson,Mechanical Engineering,2.94,21
3246,Jessica Thompson,Biology,3.55,18
8301,Richard Perez,Psychology,2.13,24
1355,Jessica Robinson,Civil Engineering,3.41,23
5315,Jessica Taylor,Mechanical Engineering,2.1,22
5443,Betty Hernandez,Mathematics,3.17,23
3046,Nancy Harris,Chemistry,3.33,23
0675,Anthony Sanchez,Chemistry,3.0,18
2051,Mary Lewis,Mathematics,2.67,20
2952,Sandra Gonzalez,Business Administration,3.5,24
7341,William Lee,Civil Engineering,3.88,22
0764,Michael Wilson,Mechanical Engineering,2.33,18
2244,Barbara Wilson,Data Science,2.51,24
1302,Barbara Miller,Civil Engineering,3.6,20
7499,Mary Johnson,Civil Engineering,2.3,24
5324,Joseph Rodriguez,Chemistry,3.43,23
7640,Robert Johnson,Mechanical Engineering,2.65,19
5640,Charles Taylor,Mathematics,3.34,18
8516,Betty Hernandez,Physics,2.75,19
3504,Linda Davis,Mathematics,3.76,23
0005,Mary Moore,Data Science,3.25,21
3739,Sandra Garcia,Literature,2.37,25
9193,Mark Wilson,Physics,3.42,21
1294,Jennifer Ramirez,Chemistry,3.34,18
1017,Matthew Rodriguez,Electrical Engineering,2.41,19
0133,James Gonzalez,Computer Science,3.84,19
3764,Lisa Clark,Chemistry,2.09,23
7116,Robert Jones,Economics,2.16,22
8650,Barbara Anderson,Literature,3.31,22
9280,Charles Clark,History,2.81,18
0376,David Ramirez,Electrical Engineering,2.95,20
0396,Barbara Martin,Economics,2.86,19
6244,Betty Martinez,Mechanical Engineering,2.63,21
5591,Mary Martinez,Literature,2.01,25
8641,Jessica White,Psychology,3.44,19
6457,Linda Johnson,Physics,2.15,20
3975,Mark Lewis,Electrical Engineering,2.22,25
4637,Elizabeth Hernandez,History,3.87,25
1069,Patricia Martinez,Chemistry,2.48,20
4734,Mary Martinez,Mechanical Engineering,2.17,20
4483,Joseph Martinez,Mechanical Engineering,3.6,20
2766,Susan Wilson,Physics,2.7,18
2323,Jennifer Davis,Mechanical Engineering,2.8,24
2644,Barbara Hernandez,Biology,2.04,20
7592,William Anderson,Mathematics,2.66,20
4052,Susan Anderson,Electrical Engineering,3.79,21
8286,Richard Lee,Chemistry,3.49,20
3519,Joseph White,Mathematics,2.23,18
1784,Mark Lopez,Psychology,3.69,24
9855,Sarah Thomas,Computer Science,2.85,18
4378,David Anderson,Data Science,3.55,20
6973,John Thompson,Biology,2.18,24
7058,Joseph Ramirez,Psychology,3.2,20
2934,Linda Lopez,History,3.59,21
5712,Matthew Thompson,Mechanical Engineering,2.03,23
7687,William Taylor,Civil Engineering,3.47,23
5200,John Ramirez,Literature,2.84,25
3755,Anthony Johnson,Chemistry,3.16,21
5987,Robert Ramirez,Data Science,3.41,21
0763,Mary Jones,Civil Engineering,2.35,22
7328,Susan White,Biology,3.57,23
6341,Lisa Brown,Economics,2.05,18
0020,Elizabeth Williams,Literature,3.55,19
4767,David Thompson,Civil Engineering,3.09,18
2681,Matthew Hernandez,Data Science,2.1,21
3998,Michael Martinez,Physics,3.55,21
3724,Linda Wilson,Mechanical Engineering,3.53,18
3023,David Thomas,Psychology,3.54,22
5691,Michael Anderson,Psychology,3.74,18
2279,Charles Clark,Biology,3.8,19
8455,Richard Harris,Civil Engineering,2.47,25
8065,Mary Lee,Business Administration,2.29,25
3300,James Clark,Psychology,2.54,18
7086,Patricia Clark,Electrical Engineering,2.68,20
6298,Sarah Lewis,Business Administration,3.67,21
6509,Margaret Miller,Business Administration,3.64,25
5190,John Anderson,Business Administration,3.68,23
8514,Richard Taylor,Data Science,2.91,25
3702,Barbara Johnson,Mathematics,3.21,25
9111,Lisa Davis,Psychology,3.55,21
3393,James Harris,Psychology,2.14,18
9547,Nancy Lopez,Psychology,2.73,19
2201,Matthew Gonzalez,Economics,3.54,21
9688,Linda Thompson,Business Administration,2.15,21
7506,Mark Gonzalez,Civil Engineering,3.29,18
1164,Thomas Martin,Psychology,3.63,22
6805,Mary Gonzalez,Mathematics,3.41,22
3217,Sandra Ramirez,Mathematics,3.66,23
9811,Charles Miller,Literature,2.74,18
6237,Nancy Thomas,Literature,3.88,24
6685,Margaret Lopez,Computer Science,3.15,24
2638,Jennifer Ramirez,Computer Science,2.94,23
5827,Susan Jones,Business Administration,3.88,20
1198,Joseph Brown,Economics,3.32,20
9953,Susan Smith,History,2.26,24
1087,Betty White,Literature,3.92,19
5746,Sarah Wilson,Biology,3.72,18
1039,Lisa Brown,Computer Science,3.98,21
7895,Susan Clark,Computer Science,3.18,19
2271,Charles Rodriguez,Literature,3.14,19
0485,Christopher Anderson,Computer Science,2.1,21
3371,Robert Thomas,Psychology,2.81,20
6436,Thomas Smith,Mathematics,3.86,25
6144,Joseph Clark,Chemistry,3.7,18
1110,John Rodriguez,Business Administration,3.18,20
0780,Daniel Gonzalez,Biology,2.26,19
5564,Patricia Jackson,Mathematics,2.85,24
4214,Elizabeth Wilson,Computer Science,3.93,25
2190,Michael Lee,Mathematics,3.92,23
7502,Richard Thompson,History,3.13,19
8832,Charles Clark,Electrical Engineering,2.3,23
2397,Margaret Clark,Literature,2.24,21
5767,Barbara Gonzalez,Mechanical Engineering,3.71,25
2651,Betty Martinez,Psychology,3.06,20
1379,Barbara Johnson,Computer Science,2.99,19
4413,Susan Anderson,Psychology,2.53,24
8025,Christopher Thomas,Mechanical Engineering,2.73,19
2302,Sarah Jones,Psychology,2.23,25
8048,William Taylor,Chemistry,3.89,22
2873,Jessica Anderson,Economics,2.48,23
8476,Christopher Moore,Civil Engineering,2.43,21
0486,Barbara Gonzalez,Economics,3.16,25
6598,Matthew Brown,Electrical Engineering,2.7,18
8570,Anthony Williams,Economics,2.4,24
1692,Mark Rodriguez,Physics,3.28,19
6429,Robert Gonzalez,History,2.98,19
6968,Charles Wilson,Economics,3.15,21
5047,Barbara Davis,Business Administration,2.08,19
1359,Linda Harris,Biology,2.96,21
3507,Mary Hernandez,Business Administration,2.79,20
9698,Thomas Sanchez,Psychology,3.45,25
4999,Barbara Davis,Mechanical Engineering,2.66,23
6864,Jennifer Wilson,Psychology,2.34,20
2872,Karen Perez,Civil Engineering,3.55,25
5645,William Thomas,Biology,2.25,20
4816,Sarah Garcia,Physics,3.18,21
6042,Elizabeth White,Mathematics,2.24,21
6641,Charles Garcia,History,2.26,21
1719,John Anderson,Business Administration,2.92,24
1941,David Lewis,Computer Science,3.59,22
6650,Nancy White,History,3.69,23
7390,Anthony Harris,Business Administration,3.3,23
7403,David Thomas,Psychology,3.32,25
3596,Matthew Ramirez,Economics,2.16,22
0712,Michael Williams,Electrical Engineering,3.34,21
2855,Elizabeth Lee,Mathematics,2.41,21
2152,Thomas Robinson,Psychology,2.15,23
7839,Jessica Lopez,Computer Science,3.71,20
0264,Mark Anderson,Electrical Engineering,2.1,22
9055,Thomas Johnson,Psychology,3.57,24
7558,Charles Thompson,Literature,2.75,23
6155,Susan Garcia,Economics,2.51,21
7731,Charles Brown,Physics,3.07,25
8623,James Sanchez,Biology,3.07,23
0838,James Gonzalez,Economics,3.52,21
3482,Matthew Robinson,Economics,3.29,22
9770,William Sanchez,Data Science,2.12,19
9417,James Martinez,Electrical Engineering,3.72,25
3615,William Martin,Mechanical Engineering,2.7,20
5889,Patricia Robinson,Computer Science,2.21,19
6225,Thomas Moore,Business Administration,3.23,19
0340,Michael Jones,History,3.7,21
6199,Barbara Anderson,Mathematics,2.42,22
4440,Betty Taylor,Business Administration,2.16,19
3005,David Thompson,Chemistry,2.08,21
7914,Elizabeth Anderson,Mathematics,2.79,19
6349,Margaret Clark,Physics,2.57,20
2194,Richard Garcia,Civil Engineering,3.66,23
6796,Sandra Hernandez,Civil Engineering,2.83,20
7661,James Robinson,Electrical Engineering,3.92,21
0927,David Thompson,Civil Engineering,3.59,20
6771,Robert Perez,Mechanical Engineering,3.14,18
4503,Jessica Clark,Literature,2.17,25
4057,Linda Perez,Civil Engineering,2.46,24
9045,Richard Robinson,Computer Science,3.84,23
7709,Anthony Robinson,Civil Engineering,2.94,18
6082,Lisa Perez,Computer Science,2.83,21
4633,Sandra Jackson,Biology,3.71,19
3746,Mary Anderson,Economics,3.99,23
6395,Patricia Gonzalez,Mechanical Engineering,2.67,19
1377,William Lee,History,3.48,20
8109,James Robinson,Electrical Engineering,2.33,19
4404,Jessica Hernandez,Physics,2.13,18
1841,Mark Martin,Mathematics,2.87,19
2251,Thomas White,Mathematics,2.54,21
0267,Michael Perez,Mechanical Engineering,2.87,23
8449,Lisa Sanchez,Computer Science,2.28,23
1806,Karen Sanchez,Data Science,2.66,24
6234,Daniel Harris,Mathematics,3.1,25
6519,Christopher Martin,Data Science,3.33,25
0252,Sarah Garcia,Economics,2.12,23
4631,Jennifer White,History,2.61,20
7221,Jennifer Williams,Literature,3.17,19
1370,Christopher Perez,Data Science,3.3,20
4003,Charles Jackson,Economics,2.54,19
3636,Elizabeth Brown,Civil Engineering,2.01,19
5817,Michael Clark,Biology,3.92,24
9204,Mark Jackson,Economics,2.38,19
4028,Elizabeth Ramirez,Electrical Engineering,2.82,20
5609,James Lewis,Data Science,3.66,18
7789,Patricia Anderson,Civil Engineering,3.78,20
8946,Mary Martin,Biology,3.29,22
5349,Susan Martin,Biology,3.03,24
7663,Richard Lopez,Economics,2.59,19
4600,Daniel Moore,Electrical Engineering,2.93,19
8522,Linda Perez,Physics,2.91,23
7255,Karen Brown,Physics,2.62,22
1598,Daniel Lee,Economics,2.25,23
8600,Michael Sanchez,Electrical Engineering,3.44,18
3969,Mark Brown,Data Science,2.38,23
0078,Mark Jones,Mechanical Engineering,2.2,24
2941,Anthony Lewis,Biology,3.54,21
8362,Elizabeth Garcia,Biology,2.5,18
5074,Lisa Jones,Electrical Engineering,3.76,22
8237,Richard Garcia,Physics,2.95,19
2577,Christopher Davis,History,2.32,20
1532,David Davis,Literature,3.94,22
1149,Jennifer Davis,Biology,2.85,18
2366,Anthony Anderson,Chemistry,2.77,22
9523,Matthew Jones,Economics,3.84,21
1366,Christopher Lee,Business Administration,3.32,25
4545,Christopher Thompson,Physics,3.42,25
9321,Elizabeth Johnson,Biology,3.4,25
5285,Jessica Ramirez,Electrical Engineering,2.15,25
6773,Christopher Hernandez,Electrical Engineering,3.59,18
4402,James Davis,Literature,2.44,18
5206,Mark Sanchez,Mathematics,3.71,18
8635,Daniel Perez,Literature,3.61,25
7134,Sandra Jones,Civil Engineering,3.6,20
3465,Barbara Rodriguez,Electrical Engineering,2.86,22
9536,Mark Williams,Physics,3.49,21
9829,Charles Garcia,Chemistry,4.0,24
9343,Matthew White,History,3.42,21
4885,Charles Moore,Mathematics,3.4,21
6948,Sarah Perez,Data Science,3.61,20
3182,Betty Robinson,Biology,3.15,24
4184,Christopher Miller,Business Administration,3.25,25
1158,Sarah Lee,Physics,3.03,25
5680,Mark White,Computer Science,2.55,21
3058,Barbara Lewis,Chemistry,3.55,21
1499,John Taylor,Economics,3.2,21
9728,John Clark,Data Science,3.45,20
2501,Nancy Williams,Business Administration,2.38,21
1954,Elizabeth Thompson,Chemistry,3.44,23
0965,James Clark,Chemistry,3.97,18
2565,Jessica Thomas,Mathematics,2.01,22
8125,Charles Martinez,Business Administration,3.16,24
7531,Michael Sanchez,Mathematics,2.91,24
0694,Daniel Wilson,Electrical Engineering,3.54,21
4834,Sarah Robinson,Computer Science,3.62,23
5033,John Martin,History,3.65,22
2436,Lisa Lopez,Civil Engineering,3.5,20
6558,Mark Lopez,Economics,2.67,19
5783,Michael Clark,Literature,3.65,18
7426,Lisa Hernandez,Economics,2.13,22
6666,Patricia Jackson,Physics,2.42,23
1413,Patricia Robinson,Psychology,3.41,19
5057,James Martin,Physics,3.0,23
7040,Patricia Perez,Mechanical Engineering,3.95,24
2883,Linda Gonzalez,History,2.71,18
2850,Margaret Hernandez,Psychology,2.06,19
0935,Jessica Davis,Chemistry,3.77,20
7189,Robert Davis,Civil Engineering,2.27,25
3215,Anthony Taylor,History,3.62,18
5007,Daniel Miller,Literature,3.36,21
3183,Christopher Clark,Biology,2.22,19
7085,Joseph Williams,History,3.75,21
2567,Barbara Ramirez,Civil Engineering,3.35,23
5235,Mark Jones,Literature,2.24,20
4323,Joseph White,Mathematics,3.9,24
4009,Linda Harris,Literature,3.0,21
5494,John Williams,Civil Engineering,3.21,21
2149,Linda Brown,Computer Science,3.99,24
0933,Jennifer Davis,Computer Science,3.63,23
3748,Betty Jackson,Civil Engineering,3.35,18
1614,James Davis,Literature,3.86,19
2670,Thomas Sanchez,Computer Science,2.49,24
8121,Elizabeth Moore,Mathematics,3.43,18
8533,Sandra Johnson,Electrical Engineering,2.14,20
6941,Elizabeth Williams,Psychology,2.51,19
6549,Joseph Johnson,Electrical Engineering,3.04,24
0833,John Wilson,Business Administration,3.1,25
4729,Christopher Sanchez,Business Administration,2.38,19
0512,Elizabeth Jackson,Economics,3.15,18
6520,Michael Perez,Electrical Engineering,3.93,22
9501,Michael Lee,Civil Engineering,3.33,22
7664,Michael White,Mechanical Engineering,2.61,20
8710,Patricia Johnson,Physics,2.72,18
2280,Betty Smith,Civil Engineering,3.69,18
1685,John Smith,Business Administration,2.58,21
1759,Patricia Davis,Mathematics,2.73,25
5773,Charles Martinez,Electrical Engineering,2.09,25
0036,Matthew Jones,Business Administration,3.36,21
9496,Karen Lopez,Physics,3.51,25
3518,Robert Perez,Data Science,2.98,19
8765,Daniel Taylor,History,3.53,25
3682,Daniel Moore,Literature,3.65,25
1616,Susan Thomas,Psychology,2.88,23
5030,Margaret Williams,Mechanical Engineering,3.0,25
6040,Nancy Williams,Electrical Engineering,3.58,19
0239,Sarah Jackson,Mechanical Engineering,3.23,20
3240,Mary Rodriguez,Biology,2.95,18
3540,William Lopez,Data Science,3.17,23
5384,David White,Biology,2.82,19
5246,Christopher White,History,2.91,21
7813,William Brown,Biology,3.11,18
1511,Jessica Jackson,Business Administration,2.81,22
5158,Lisa Perez,Computer Science,2.5,19
3318,Barbara Lewis,Chemistry,3.61,23
6535,Karen Miller,Economics,2.21,23
9119,Linda Perez,Physics,3.44,18
3785,Barbara Lewis,Civil Engineering,3.65,21
9680,Matthew Davis,Economics,2.37,19
4586,Nancy Jackson,Mathematics,2.5,24
2711,Linda Taylor,Mathematics,3.69,25
8344,James Jones,Computer Science,3.48,19
4521,Matthew Lopez,Mechanical Engineering,2.92,22
1429,Jennifer Johnson,Business Administration,3.79,23
4227,Nancy Lee,Mathematics,3.44,21
1998,Nancy Hernandez,Civil Engineering,2.56,18
7526,Joseph Harris,Biology,3.42,24
1346,Joseph Anderson,Psychology,3.94,20
6554,Christopher Thompson,Psychology,2.27,19
5547,Matthew Robinson,Computer Science,3.48,25
8532,Matthew Jones,Business Administration,3.33,22
5308,James Harris,History,3.24,25
9339,Matthew Williams,Data Science,3.56,22
0185,Richard Brown,Psychology,2.89,25
0942,Sarah Thompson,Computer Science,3.79,22
5822,Patricia Lewis,Computer Science,3.91,22
6637,Sarah Wilson,Physics,2.97,24
0366,William Rodriguez,Electrical Engineering,3.92,20
2459,Matthew Martinez,Civil Engineering,3.65,25
0550,Mary Thompson,Civil Engineering,3.13,24
7510,Jessica Williams,Data Science,3.61,19
3706,Thomas Anderson,Chemistry,3.56,21
5707,Linda Garcia,Mathematics,2.93,18
5914,Daniel Martinez,Business Administration,2.59,18
3589,Joseph Davis,Electrical Engineering,2.62,24
0799,Nancy Wilson,History,3.06,25
3900,Nancy Lewis,Civil Engineering,3.2,18
6884,Matthew Miller,Business Administration,3.55,22
3956,Betty Davis,Biology,3.97,25
7069,Joseph Martin,Economics,3.76,20
1694,William Gonzalez,Literature,3.15,22
6424,Joseph Smith,Civil Engineering,3.71,19
3730,Patricia Robinson,Business Administration,2.38,19
2810,Thomas Wilson,History,3.96,21
2555,Robert Davis,Data Science,3.63,23
2853,Daniel Gonzalez,Literature,2.74,19
9797,Jennifer Anderson,Mathematics,3.19,25
5981,Mary Smith,Mechanical Engineering,2.54,25
6810,William Miller,Psychology,3.69,23
0950,Mark Gonzalez,History,3.37,22
0703,James Clark,History,3.94,23
3407,Michael Gonzalez,Electrical Engineering,2.63,20
2420,Michael Brown,Data Science,3.64,22
0856,Patricia Lee,Data Science,2.23,18
9298,Christopher Jones,Computer Science,2.76,25
0201,Patricia Davis,Psychology,2.8,21
2825,Mary Sanchez,Computer Science,2.72,20
8609,Jennifer Williams,Business Administration,2.62,20
4099,Christopher Ramirez,Physics,3.57,25
7986,Christopher Davis,Psychology,3.51,21
4821,Sarah Rodriguez,Business Administration,2.27,24
5566,Patricia Brown,Literature,2.82,23
6327,Nancy Harris,Economics,3.14,22
7452,William White,Electrical Engineering,2.83,19
3204,Sarah Rodriguez,Literature,3.65,23
3064,Michael Anderson,History,3.55,23
3651,Sarah Jones,Physics,3.06,23
7494,Mary Moore,Data Science,2.54,22
8744,Mary Garcia,History,2.38,21
5633,Barbara Moore,Mathematics,3.19,23
4755,Thomas Johnson,Psychology,2.41,23
9461,Mark Lee,Electrical Engineering,3.02,18
7971,David Smith,History,2.99,18
7402,Margaret Thomas,Psychology,3.33,19
8974,Charles Perez,Business Administration,3.64,21
1818,Barbara Rodriguez,History,3.58,22
2119,Sandra Jones,Mathematics,2.36,25
7376,Jessica Thomas,Chemistry,2.51,22
8441,Charles Gonzalez,Civil Engineering,3.59,21
0867,Mary Martinez,Physics,2.56,18
3526,Mary Wilson,Computer Science,2.77,20
6522,Richard Martinez,Biology,2.87,25
2716,Barbara Sanchez,Mathematics,3.6,25
6165,Joseph Jackson,Mechanical Engineering,3.57,23
3273,Mark Lee,Literature,2.58,24
5298,James Jackson,Data Science,2.28,18
8915,Mark Ramirez,Civil Engineering,2.05,20
5284,Margaret Lopez,Civil Engineering,3.62,23
4613,Lisa Miller,Economics,2.87,19
7525,Matthew Wilson,Computer Science,3.15,21
5019,Robert Clark,Business Administration,3.49,25
5300,James Anderson,Economics,2.29,20
1362,Barbara Perez,History,2.21,25
2908,Elizabeth Miller,Data Science,3.37,18
5445,Michael Jones,Mathematics,2.12,21
5387,Lisa Perez,Psychology,3.55,22
8174,Linda Perez,Business Administration,3.19,22
7151,William Jones,Chemistry,3.11,23
0895,Robert Perez,Mechanical Engineering,2.85,25
0696,Charles Robinson,Civil Engineering,3.14,22
5227,David Robinson,History,2.61,23
8685,Daniel Martin,Mathematics,3.69,19
4398,Jennifer Anderson,Psychology,2.39,19
6654,Jessica Thompson,Literature,2.58,20
5747,Joseph White,Data Science,3.06,20
7730,Margaret Jones,Business Administration,2.56,18
7771,Jennifer Miller,Economics,3.93,24
0301,Margaret Perez,Electrical Engineering,2.95,19
4453,Joseph Wilson,Literature,2.54,18
3426,Matthew Perez,Civil Engineering,3.96,22
5666,Lisa Robinson,Physics,2.67,23
8372,Patricia Williams,Electrical Engineering,3.1,21
9063,Thomas Williams,Data Science,3.93,23
7754,James Jones,Psychology,3.74,20
4769,Sarah Thompson,Economics,2.32,25
3925,Matthew Lee,Civil Engineering,3.36,23
7505,Charles Lopez,Electrical Engineering,3.59,20
8454,Joseph Harris,Physics,2.98,22
8382,Jennifer Miller,Economics,2.42,22
3088,Michael Robinson,History,2.46,25
8906,Michael White,History,2.27,25
3466,Thomas Miller,Economics,2.84,20
5859,John Clark,Mathematics,2.24,18
1262,Robert Gonzalez,Computer Science,2.98,20
5395,John Rodriguez,Mechanical Engineering,3.79,22
2069,Daniel Taylor,Physics,3.91,24
9815,Betty Robinson,Literature,2.69,25
2480,John Lopez,Mathematics,2.95,19
9013,James Lopez,Electrical Engineering,2.01,21
8716,John Moore,Chemistry,2.44,23
7343,Mary Thomas,Economics,2.42,21
5513,Joseph Anderson,Literature,3.66,21
3351,Patricia Jones,Economics,2.95,21
6513,Mark Rodriguez,Data Science,3.48,23
6518,Mary Lewis,History,2.32,25
7542,Nancy Robinson,Mathematics,3.21,18
8257,Thomas Jones,Physics,3.09,18
0566,James Martin,Computer Science,2.94,20
7729,James Moore,Business Administration,3.26,19
8203,Margaret Garcia,History,2.24,22
2386,Barbara Garcia,Mechanical Engineering,3.19,23
6534,Charles Wilson,History,2.08,21
3591,Michael Williams,Literature,2.66,25
1717,Barbara Brown,Chemistry,2.72,18
8658,Michael Garcia,Mechanical Engineering,2.03,18
3781,Betty Wilson,Literature,2.01,22
5957,John Anderson,Mathematics,2.02,22
0220,Patricia Davis,Computer Science,2.09,24
9997,Jessica Lee,Mathematics,3.03,25
6288,David Hernandez,Business Administration,3.08,18
5584,Charles Hernandez,Economics,3.51,22
1473,David Johnson,Civil Engineering,3.24,25
8473,Jennifer Lewis,Mechanical Engineering,2.78,22
4851,Nancy Gonzalez,Electrical Engineering,2.89,24
1636,David Brown,Biology,3.82,22
8323,Matthew Thompson,Electrical Engineering,2.08,21
8587,Christopher Moore,Civil Engineering,3.53,23
2990,Sandra Johnson,Business Administration,3.91,22
3218,Sandra Gonzalez,Electrical Engineering,2.21,24
7473,William Perez,Mechanical Engineering,3.86,21
7625,Margaret Jackson,Civil Engineering,2.21,24
8562,Joseph Rodriguez,Computer Science,2.88,24
3080,Charles Taylor,Psychology,3.67,23
2669,Sarah Hernandez,Chemistry,2.54,19
1985,Matthew Williams,Computer Science,2.79,24
6405,Joseph Lee,Electrical Engineering,3.96,22
4717,John Taylor,Chemistry,3.25,25
9322,Sarah Martin,Mathematics,2.43,25
5184,Mary Williams,Electrical Engineering,2.56,21
5693,Mark Clark,Data Science,2.86,22
6020,Barbara Perez,Business Administration,3.2,20
2387,Sandra Lewis,Civil Engineering,3.96,25
8190,Sarah Smith,Civil Engineering,2.88,22
7183,Mary Thomas,Business Administration,3.18,24
1455,Barbara Williams,History,3.02,25
9200,Barbara Gonzalez,History,3.16,24
7892,Mark Thompson,Economics,2.28,18
1645,Anthony Harris,History,3.88,21
5695,Nancy White,Electrical Engineering,2.94,21
8802,David Harris,Chemistry,2.24,23
7501,Richard Lewis,Chemistry,3.98,19
7492,Robert Ramirez,Mechanical Engineering,2.01,23
1115,Joseph Perez,Biology,3.73,23
4869,Betty Jackson,Data Science,2.73,20
5333,Daniel Martinez,Electrical Engineering,2.68,24
6746,Richard Smith,Computer Science,3.16,18
6680,Mark Ramirez,Mathematics,3.83,21
8793,Susan Lee,Economics,2.09,21
2742,James Miller,Civil Engineering,2.15,21
3606,Anthony Lee,Physics,2.68,21
2699,Robert Jackson,Biology,2.65,22
8072,Karen Lewis,Business Administration,3.2,25
7118,Margaret White,History,2.88,18
9517,Lisa Thomas,History,2.09,18
6894,James Thomas,Civil Engineering,3.88,19
2721,Anthony Rodriguez,History,2.48,25
9181,Mary Johnson,History,2.56,19
7745,Lisa Ramirez,Business Administration,2.98,22
2495,Mark Martinez,Mechanical Engineering,2.78,25
7604,John Perez,Psychology,3.27,24
8861,Linda Taylor,Psychology,2.92,20
9151,Margaret Williams,Mathematics,3.78,25
1601,Betty Martinez,Literature,2.01,23
5051,William Lopez,Literature,3.0,24
4864,Patricia Taylor,Electrical Engineering,2.58,25
9814,Elizabeth Williams,Civil Engineering,2.34,23
8764,Mark Davis,Business Administration,2.13,19
7951,Lisa White,Economics,3.01,25
2020,Jennifer Wilson,Mechanical Engineering,3.42,20
2061,John Lee,Electrical Engineering,2.27,21
2958,Charles Ramirez,Economics,3.67,20
7807,Patricia Hernandez,Economics,3.57,18
6411,Joseph Thompson,Literature,2.25,20
7944,Nancy Thompson,Computer Science,2.58,22
8044,Thomas Rodriguez,History,2.7,25
3449,Sandra Sanchez,Chemistry,2.14,22
2260,Patricia White,Chemistry,3.3,24
3560,Richard Smith,Civil Engineering,2.63,21
1369,Charles Williams,Data Science,2.8,22
0518,Barbara Anderson,Business Administration,2.8,25
7360,Matthew Clark,Physics,3.86,25
4039,Lisa Wilson,Physics,2.8,22
2198,Jessica Gonzalez,Computer Science,3.12,20
2466,James Taylor,Business Administration,3.47,23
2202,Margaret Lee,Electrical Engineering,3.17,22
9582,David Lewis,Mathematics,3.85,19
8538,Jessica Lopez,Computer Science,2.58,25
7388,Thomas Jones,Economics,3.12,25
5614,Robert Anderson,Mathematics,2.6,22
9514,Robert Garcia,Computer Science,2.86,23
4268,Daniel Johnson,Physics,3.78,20
4685,Karen Clark,Biology,2.93,21
8273,Christopher Taylor,Physics,3.57,22
8865,Mary Johnson,Physics,3.6,20
5937,Elizabeth Wilson,Literature,3.92,21
8334,Charles Johnson,Mechanical Engineering,2.32,19
6382,William Davis,Computer Science,2.39,21
8620,Charles Clark,Mechanical Engineering,2.48,18
3389,Mark Williams,Data Science,3.84,22
2390,Nancy Smith,Physics,2.71,23
0101,David Taylor,Chemistry,2.64,20
9268,Daniel Martinez,Mathematics,2.31,24
7518,Patricia Hernandez,Data Science,2.55,24
2657,Karen Anderson,Civil Engineering,2.69,21
6426,David Williams,Chemistry,3.92,21
4899,Christopher Taylor,Chemistry,3.43,19
4890,Nancy Davis,Mathematics,2.7,24
0762,Susan Robinson,Economics,2.86,21
4540,Nancy Miller,History,3.68,23
2899,Daniel Lewis,Psychology,3.07,22
0734,John Anderson,Business Administration,3.07,20
0215,David Perez,Physics,3.81,19
0846,Karen Martin,Psychology,3.17,19
8200,Matthew Clark,Psychology,2.86,22
4197,Margaret Wilson,Economics,2.61,25
4544,Susan Thompson,Electrical Engineering,3.18,24
9794,Betty Lewis,Business Administration,3.87,22
3676,Robert Wilson,Biology,3.72,19
8126,Jessica Jackson,Chemistry,2.38,25
9986,Charles White,Literature,3.21,18
8505,John Clark,Computer Science,2.26,25
1085,Anthony Williams,Economics,3.52,23
0837,Margaret White,Psychology,3.35,20
8385,Anthony Smith,Mechanical Engineering,3.08,25
6236,Jennifer Brown,Electrical Engineering,2.25,23
2948,Christopher Williams,Economics,2.08,22
3643,Mark Lopez,Psychology,3.59,20
2525,Anthony Martinez,Literature,3.97,22
7858,Susan Thompson,Electrical Engineering,2.3,19
0749,Richard Hernandez,Physics,2.82,21
8462,Karen Miller,Business Administration,2.71,20
2954,Elizabeth Miller,Psychology,2.26,20
9095,David Davis,Business Administration,3.08,22
3191,James Davis,Computer Science,3.29,23
7168,David Ramirez,Economics,3.51,22
9567,John Perez,Civil Engineering,3.79,18
5192,Robert Lewis,Civil Engineering,3.06,21
9462,Matthew Lopez,Computer Science,2.98,23
5830,James Harris,Psychology,3.2,21
3112,Jennifer Taylor,Computer Science,3.71,25
1263,James Jones,Civil Engineering,2.54,22
2195,Sandra Sanchez,Mechanical Engineering,2.17,18
8579,Joseph Thomas,Data Science,3.34,20
8108,Linda Perez,Mathematics,3.41,21
5841,Sandra Jones,History,3.74,25
2018,Christopher Lee,Mechanical Engineering,2.98,23
9820,David Rodriguez,Chemistry,2.8,25
9028,Robert Anderson,Mathematics,2.95,21
8261,David Hernandez,Civil Engineering,3.11,19
9636,Elizabeth Anderson,Data Science,2.36,24
0702,Susan Wilson,Data Science,2.68,21
3113,Charles Miller,History,3.54,20
5412,Karen Rodriguez,Electrical Engineering,2.93,18
4799,Anthony Jones,Data Science,2.69,19
9065,Michael Lewis,Civil Engineering,3.66,21
1521,Christopher Davis,Economics,2.1,20
3537,Jessica Martin,Literature,3.48,23
3075,Thomas Garcia,Civil Engineering,3.62,25
9700,Michael Miller,Psychology,3.77,19
2914,Anthony Jones,Economics,3.73,18
8622,Linda Anderson,Data Science,3.38,19
4019,Robert Anderson,Mathematics,3.2,23
3690,David Anderson,Business Administration,3.84,22
6418,Betty Garcia,Data Science,3.58,19
2239,Susan Perez,Electrical Engineering,3.97,18
8806,Anthony Robinson,Psychology,2.78,23
0242,Karen Williams,Computer Science,2.01,22
2673,Anthony Rodriguez,Mechanical Engineering,2.79,21
6336,Richard Rodriguez,Civil Engineering,2.5,20
7394,Lisa Harris,Economics,3.62,24
4879,Charles Williams,Civil Engineering,2.29,18
5028,Christopher Johnson,Chemistry,3.26,20
9293,Sandra Lewis,Chemistry,2.8,21
4957,David Garcia,Chemistry,3.02,25
2790,Sandra Moore,Mathematics,3.34,19
0622,Mary Martin,Mechanical Engineering,2.38,23
6870,Michael Johnson,Computer Science,2.09,18
1901,Mark Johnson,Business Administration,2.85,20
3580,David Taylor,Psychology,3.72,25
0800,Sandra Anderson,Mathematics,2.57,23
0439,Sarah Wilson,Data Science,2.96,22
2833,Joseph Lee,Computer Science,2.48,22
6106,Betty Wilson,Business Administration,2.43,20
9154,Daniel Martinez,Literature,2.76,24
0642,Margaret Ramirez,Biology,2.57,19
5932,David Martinez,Psychology,2.82,21
5646,David Brown,Chemistry,2.63,21
8677,David Harris,Data Science,3.64,23
7324,Patricia Sanchez,Psychology,3.69,25
6059,Richard Jackson,Business Administration,2.77,23
6189,Sandra Jackson,Physics,2.65,24
3144,James Johnson,History,3.86,21
2717,Daniel Davis,Chemistry,3.49,20
4428,Jennifer Jackson,Literature,2.79,22
8390,Thomas Rodriguez,Business Administration,2.28,18
3187,Charles Garcia,Electrical Engineering,3.94,20
6958,David Williams,Psychology,2.53,23
6837,Jessica Robinson,Economics,3.27,21
4642,Joseph Lee,Electrical Engineering,2.46,24
1969,Susan Johnson,Civil Engineering,2.14,20
7636,Sandra Wilson,Civil Engineering,2.43,20
8921,Karen Ramirez,Chemistry,2.09,19
8054,Linda Sanchez,Chemistry,2.31,20
0630,Patricia Smith,Economics,3.56,23
9506,Christopher Harris,Electrical Engineering,2.62,21
6724,Karen Jones,Electrical Engineering,3.21,23
5838,Mary Williams,Psychology,3.98,22
6723,Charles Gonzalez,Electrical Engineering,3.11,18
6162,Joseph Sanchez,Physics,3.35,23
8084,Michael Martin,Computer Science,3.84,25
9867,Sarah Robinson,Mechanical Engineering,3.32,22
8741,Matthew Thomas,Physics,2.92,18
8575,Mary Anderson,Biology,2.31,22
2576,Richard Wilson,Physics,2.75,22
6966,Daniel Moore,Mechanical Engineering,2.86,18
1469,Nancy Jackson,Business Administration,2.62,24
8422,Thomas Garcia,Business Administration,3.49,18
5391,Thomas Hernandez,Mathematics,3.16,23
8490,Betty Lee,Physics,2.33,25
4448,Betty Garcia,Physics,2.76,20
9764,Michael Sanchez,History,2.29,25
5606,Lisa Clark,Electrical Engineering,2.98,22
9726,Daniel Clark,Physics,3.84,20
0381,Jessica Johnson,Psychology,3.36,25
2220,Jennifer Miller,History,3.34,21
3895,William Lee,Civil Engineering,3.75,24
4643,Susan Gonzalez,Data Science,2.09,19
5671,Sandra Martinez,Economics,3.46,24
7111,John Moore,Computer Science,3.96,24
1731,Jennifer Taylor,Literature,3.1,25
8732,Karen Garcia,Civil Engineering,3.94,22
0348,Mark Smith,History,2.49,23
7674,John Taylor,Physics,3.24,23
9516,Susan Sanchez,Data Science,2.46,22
7028,William Johnson,Literature,3.12,21
4635,Daniel Lee,Mechanical Engineering,3.74,21
8039,Sarah Smith,Data Science,2.79,21
6425,William Thomas,Physics,3.17,20
5283,Christopher Clark,History,3.84,25
3554,Jessica Martin,History,2.5,18
9970,John Harris,Business Administration,3.75,20
4094,Sandra Sanchez,Computer Science,2.15,21
0677,Patricia Taylor,History,2.73,18
9836,James Lee,Electrical Engineering,2.48,19
5757,Barbara Jones,Mechanical Engineering,2.15,21
0077,Linda Clark,Literature,2.79,21
5216,Nancy Williams,Civil Engineering,3.54,20
0459,John Garcia,Chemistry,2.09,21
9795,Patricia Moore,Economics,3.83,25
4527,Jennifer Johnson,Literature,2.22,23
7427,Karen Smith,Literature,3.9,19
3106,Nancy Harris,Chemistry,2.97,23
3320,Richard Lewis,Economics,3.39,18
0765,James Thompson,Computer Science,3.38,19
9861,Joseph Gonzalez,Literature,2.69,21
6222,Anthony Harris,Electrical Engineering,3.88,22
5323,Thomas Davis,Civil Engineering,3.98,25
8729,Patricia Lopez,Data Science,2.63,25
9393,Elizabeth Wilson,Economics,2.23,25
0660,Christopher Johnson,Psychology,3.38,25
6945,James Jones,Chemistry,2.28,20
6783,Mark Johnson,Literature,2.51,18
5603,Karen Davis,Business Administration,3.98,18
2457,Margaret Ramirez,Biology,3.87,21
1850,Elizabeth Lee,Psychology,3.14,19
5711,Jennifer Clark,Mechanical Engineering,2.34,24
1992,Nancy Perez,Computer Science,2.05,21
4628,Jennifer Rodriguez,Psychology,2.15,21
3760,Robert Perez,Psychology,3.51,20
3326,Daniel Anderson,Physics,2.32,20
3056,Christopher Ramirez,Computer Science,3.77,19
9185,Linda Brown,Data Science,2.87,23
3251,Lisa Martinez,Electrical Engineering,3.06,21
7327,Jennifer Lewis,Physics,2.99,18
2189,Patricia White,History,2.17,25
2903,Thomas Brown,Data Science,3.61,25
9441,Betty Clark,Psychology,3.07,20
8787,Karen Smith,Electrical Engineering,2.64,23
4312,Michael Taylor,Physics,3.75,20
5077,Susan Anderson,Mechanical Engineering,3.56,20
1572,Jennifer Johnson,Economics,3.15,19
9049,Jessica Perez,History,3.86,23
1219,Michael Lee,Literature,2.05,18
7794,Barbara Sanchez,Mechanical Engineering,2.16,22
0789,Matthew Williams,Computer Science,3.33,18
0876,Joseph Hernandez,History,2.64,22
1468,Thomas Hernandez,Electrical Engineering,3.1,24
6604,Sandra Thomas,Chemistry,2.12,25
9966,Thomas Rodriguez,Physics,2.9,25
5521,Mary White,Computer Science,3.12,21
5716,James Lee,Chemistry,2.79,22
6661,Anthony Johnson,Mathematics,3.87,21
9648,David Hernandez,Psychology,3.79,19
0140,Jessica Lewis,Electrical Engineering,2.88,25
2348,Christopher Martin,Chemistry,2.48,20
4388,Sarah Garcia,Economics,2.05,21
2250,Robert Smith,Mathematics,2.22,20
5916,John Clark,Mechanical Engineering,2.51,24
8219,Mark Miller,Literature,2.77,18
0137,John Lewis,Economics,3.19,23
0097,James Garcia,Civil Engineering,2.08,23
3369,John Williams,Business Administration,2.94,22
4519,Margaret Thomas,History,2.16,19
4359,Joseph Johnson,Business Administration,2.79,23
0054,Betty Ramirez,Chemistry,3.13,24
7980,Michael Lee,Business Administration,2.18,22
3996,Anthony Johnson,Chemistry,3.48,18
8750,Elizabeth Lee,Civil Engineering,3.09,19
3958,Linda Moore,Business Administration,3.04,18
8057,Sandra Brown,Data Science,3.99,22
5462,Anthony Robinson,Mathematics,3.4,25
5224,Betty Thompson,Physics,2.93,24
8936,Mark Williams,Economics,3.72,20
0495,William Jackson,Physics,3.48,19
8092,Jessica Johnson,Economics,2.31,19
3735,Joseph Wilson,Civil Engineering,2.66,25
4142,Margaret Anderson,History,3.6,20
1791,Mark Jones,Business Administration,2.41,18
0074,William Thompson,Mathematics,3.91,22
1237,Joseph Taylor,Literature,2.32,25
8747,Nancy Jones,Mathematics,3.72,20
0556,Mary Martin,Mathematics,3.27,20
1895,Sarah Rodriguez,Biology,3.13,25
5166,Betty Davis,Mathematics,3.42,25
8055,Jennifer Anderson,Electrical Engineering,3.24,21
7859,Michael Lee,Psychology,2.68,25
3378,Mark Perez,Business Administration,2.03,22
0052,James Lewis,Literature,3.22,24
8104,Nancy Wilson,Mechanical Engineering,3.43,22
0397,Matthew Gonzalez,Civil Engineering,3.07,22
5474,Robert Perez,Chemistry,2.5,21
6701,David White,History,2.79,23
0608,Robert Thompson,Mechanical Engineering,3.21,24
6936,Nancy Anderson,Physics,2.33,20
9977,Jessica Davis,Mathematics,3.95,21
0277,Anthony Davis,Literature,2.62,18
4292,Richard Lee,Electrical Engineering,2.11,19
0481,Susan Wilson,Mechanical Engineering,2.49,18
5257,Patricia Rodriguez,Psychology,3.76,19
4441,Barbara Gonzalez,Psychology,2.39,23
8860,Jennifer Ramirez,Physics,2.42,20
1507,Betty Ramirez,Biology,3.11,20
8989,Mark Miller,Mechanical Engineering,2.73,18
8724,Elizabeth Rodriguez,Civil Engineering,2.73,19
5900,Lisa Robinson,Business Administration,3.89,21
9549,William Ramirez,Civil Engineering,3.87,19
1386,John Brown,Chemistry,2.68,22
9331,Elizabeth Jackson,Mathematics,2.96,22
9018,Jennifer Harris,Literature,2.16,22
6002,Jennifer Ramirez,Business Administration,3.54,24
1378,Linda Taylor,Data Science,3.8,19
3775,Jennifer Martin,Data Science,2.25,24
4018,William Harris,Chemistry,3.28,20
6058,Mark Rodriguez,Business Administration,2.77,20
5256,Charles Martin,Biology,3.98,20
9109,William Anderson,Psychology,2.41,21
9990,Christopher Robinson,Economics,3.24,25
8258,Barbara Harris,Business Administration,3.14,19
6253,Barbara Davis,Literature,2.0,25
2108,David Sanchez,Data Science,2.52,19
2765,Betty Taylor,Mechanical Engineering,3.71,25
5610,Mark Jackson,Electrical Engineering,3.83,21
5362,Mary Hernandez,Chemistry,3.63,20
4510,William Hernandez,Psychology,2.39,19
4090,James White,Biology,2.18,22
2013,Richard Martinez,Mechanical Engineering,3.49,24
6826,Jennifer Martinez,Mechanical Engineering,3.49,19
4667,Sandra Rodriguez,Business Administration,2.83,24
9731,Susan White,Psychology,3.18,19
1884,Lisa Smith,Physics,3.62,24
2702,Linda White,Chemistry,3.83,19
1607,Mark Sanchez,Electrical Engineering,3.6,19
1248,Thomas Robinson,Chemistry,3.2,18
2418,Richard Hernandez,Computer Science,2.85,22
3420,Joseph Williams,Mathematics,3.16,19
5898,Patricia Lewis,Electrical Engineering,2.64,20
4744,Lisa Miller,Data Science,2.83,18
4784,Sandra Rodriguez,History,2.11,25
8110,Jennifer Moore,History,3.24,24
9907,Betty Ramirez,Biology,3.92,20
8948,Patricia Robinson,Electrical Engineering,2.12,24
8207,Mark Williams,Civil Engineering,3.5,22
6072,Robert Lopez,Computer Science,3.7,24
1812,Matthew Gonzalez,Economics,3.21,25
9156,Thomas Lewis,Civil Engineering,2.33,18
4608,Christopher Williams,Civil Engineering,2.17,22
0374,Robert Rodriguez,Physics,2.03,25
3390,Linda Clark,Chemistry,2.34,24
2563,John Thompson,Mathematics,3.16,20
3036,Thomas Thompson,Literature,2.64,22
1664,Joseph Hernandez,Business Administration,2.94,24
2623,Michael Lewis,History,3.8,20
6879,Charles Davis,Computer Science,2.68,25
7418,Jessica Jackson,Chemistry,3.32,21
8878,Richard Anderson,Physics,2.03,22
5918,Lisa Lee,Data Science,2.08,21
6576,Karen Rodriguez,Psychology,3.35,19
0807,David Smith,History,2.56,21
8924,Charles Johnson,Mechanical Engineering,2.68,24
9769,Lisa Smith,Literature,2.27,23
7231,Matthew Moore,Business Administration,2.82,24
4200,Susan Thompson,Computer Science,3.71,24
2946,Michael Lopez,Civil Engineering,3.35,24
7732,James Robinson,Chemistry,2.65,19
8226,Betty Garcia,Data Science,2.11,22
2943,Robert Gonzalez,Electrical Engineering,3.33,24
8703,Elizabeth Clark,Business Administration,2.57,19
9600,Thomas Smith,History,2.26,22
3819,Barbara Jackson,Civil Engineering,2.12,23
3118,Betty Martin,Business Administration,2.47,24
2318,Barbara Davis,Mathematics,2.31,22
6353,Christopher Davis,Chemistry,3.55,23
9482,Mary Clark,Chemistry,3.45,24
4522,Sandra Perez,Mathematics,3.55,23
7877,Joseph Lewis,Mechanical Engineering,2.97,22
9789,Sarah Sanchez,Psychology,3.6,23
1675,Lisa Robinson,Psychology,2.31,19
7829,Jennifer Garcia,Mathematics,3.88,22
8888,Susan Anderson,History,3.19,18
5698,John Perez,Chemistry,3.61,20
1987,Margaret Garcia,Literature,2.96,20
9841,Karen Rodriguez,Economics,3.37,24
7519,David Lewis,Electrical Engineering,2.42,24
9819,Jessica Rodriguez,Business Administration,3.75,18
9595,Robert Johnson,Literature,2.45,23
6074,William Johnson,Chemistry,2.0,22
1556,Matthew Williams,Mathematics,3.14,19
1735,Robert Martinez,Electrical Engineering,2.83,23
8675,Jessica Lewis,Mathematics,2.44,23
2483,John Thompson,Mechanical Engineering,3.35,25
2727,Richard Thompson,Mechanical Engineering,2.67,22
7122,Susan Williams,Civil Engineering,2.26,24
1711,Lisa Garcia,Computer Science,2.54,23
3927,Robert Smith,Physics,3.58,21
1777,William Lewis,Physics,2.15,25
4578,Thomas Thomas,Mechanical Engineering,2.9,20
5500,Christopher Gonzalez,Mathematics,3.99,21
8515,Nancy Miller,Psychology,3.02,22
8347,Patricia Thompson,Economics,2.13,19
6239,Betty Lewis,History,2.77,21
7906,Michael Clark,Psychology,3.61,21
1541,Mary Taylor,Literature,2.75,22
0596,John Taylor,Business Administration,2.6,24
7156,Christopher Sanchez,Literature,2.86,20
0323,Nancy Smith,Business Administration,3.21,21
4939,John Davis,Chemistry,3.82,18
4955,Lisa Garcia,Business Administration,3.82,18
5518,Charles Davis,Physics,2.97,24
3089,Jessica Anderson,History,2.93,21
2199,Margaret Wilson,Mathematics,3.53,25
8827,Richard Martinez,Mathematics,2.7,23
1560,Karen Lewis,Computer Science,2.42,19
6794,Karen Hernandez,History,3.72,22
5935,Michael Lopez,History,3.48,19
4387,Patricia Lewis,Computer Science,2.28,21
9503,Charles Hernandez,Mathematics,2.41,18
3039,Sarah Martin,Psychology,3.5,21
9645,Daniel Davis,Mechanical Engineering,3.31,19
3684,Michael Lopez,Business Administration,3.49,19
7899,Elizabeth Lee,Biology,2.63,18
5297,Joseph Smith,Electrical Engineering,2.75,18
7865,Susan Jones,History,3.59,18
1665,Richard Anderson,Civil Engineering,3.43,23
9622,Christopher Brown,Psychology,3.65,22
9098,Anthony Taylor,Chemistry,2.87,19
3181,Sandra Robinson,Physics,3.92,21
1098,Lisa Rodriguez,Business Administration,2.27,25
4341,Linda Johnson,Electrical Engineering,3.17,18
4565,Susan Jackson,Mathematics,3.65,20
8035,Barbara Garcia,Business Administration,2.07,21
3380,Lisa Sanchez,History,3.92,21
4607,Joseph Anderson,History,2.22,23
7635,Sarah Garcia,Biology,2.53,19
3793,Charles Perez,Literature,3.44,22
6600,Anthony Martin,Mathematics,3.9,24
1182,Nancy White,Mathematics,3.25,19
5796,Lisa Thompson,Psychology,3.17,23
7024,Anthony Clark,Physics,3.31,22
8546,Elizabeth Wilson,Civil Engineering,3.53,20
1846,Linda Clark,Economics,2.01,22
6957,John Lopez,Electrical Engineering,2.61,20
1974,Mark Lewis,Literature,3.47,24
3879,Jessica Moore,Mathematics,2.66,25
4406,Mark Smith,History,2.14,25
9050,Matthew Thomas,Economics,3.37,18
1506,Patricia Lewis,Business Administration,2.6,25
3083,Mary White,Economics,3.36,21
2456,Susan Thomas,Electrical Engineering,3.52,23
1222,Mark Johnson,Psychology,2.26,18
3344,Mary Sanchez,Psychology,2.62,19
3410,Joseph Thomas,Psychology,2.06,25
5704,Linda Rodriguez,Psychology,3.7,18
2611,Nancy Davis,Data Science,2.83,21
4296,Nancy Martinez,Computer Science,3.49,20
6437,Betty Perez,Psychology,2.18,22
9071,Barbara Thomas,Mathematics,3.69,25
5499,Barbara Martinez,Business Administration,2.36,21
5270,Margaret Jones,History,3.12,24
2821,Jessica Perez,Biology,2.68,19
0384,Barbara Perez,Computer Science,2.85,24
4060,Thomas Robinson,Biology,2.14,23
4553,Lisa Anderson,Data Science,3.39,23
3499,Anthony Wilson,Business Administration,2.83,24
5560,Susan Moore,Economics,3.78,18
5128,Charles Davis,Physics,3.87,21
7901,Richard Rodriguez,Physics,3.28,23
7467,Charles Lewis,Mathematics,2.63,24
8733,Patricia Ramirez,Data Science,2.44,23
9458,Susan Miller,Electrical Engineering,2.26,23
8517,Sandra Williams,Biology,2.3,24
4560,Karen Gonzalez,Data Science,3.19,19
0499,Robert Lee,Psychology,2.86,25
8448,Margaret White,Civil Engineering,3.12,24
2461,Charles Thomas,Biology,2.61,25
3387,Charles Harris,Literature,3.01,24
1810,Lisa Miller,Data Science,3.14,21
4270,Mary Lopez,Electrical Engineering,2.99,18
7546,William Thompson,Mechanical Engineering,2.78,20
1173,Jennifer Harris,Mathematics,3.63,19
9100,Susan Rodriguez,Electrical Engineering,2.47,19
2472,Robert Thomas,Civil Engineering,2.81,18
9217,Patricia Thomas,Physics,2.41,19
8474,Matthew Martin,Data Science,3.14,24
7910,Linda Anderson,Business Administration,3.3,23
8133,Nancy Lopez,Mechanical Engineering,3.62,18
6328,Susan Sanchez,Electrical Engineering,2.35,18
4898,Susan Miller,Mathematics,2.83,21
4730,Christopher White,Mathematics,2.98,23
2612,Richard Martin,Psychology,2.58,22
9101,Betty Williams,Computer Science,3.6,18
8908,Anthony Thompson,Computer Science,2.43,20
7507,Jessica Miller,Computer Science,2.44,20
9241,Elizabeth Harris,Biology,2.35,25
1918,Elizabeth Ramirez,Psychology,3.97,21
9073,Lisa Sanchez,Mathematics,2.25,21
4127,Betty Hernandez,Literature,2.83,19
1147,Sarah Taylor,Psychology,3.51,18
0462,Linda Clark,Biology,2.01,24
6357,Margaret Clark,Business Administration,3.41,23
8755,Thomas Perez,Physics,3.93,19
6179,Sarah Hernandez,Mechanical Engineering,3.84,19
1779,Daniel Brown,Data Science,3.31,20
4421,Thomas Harris,Data Science,2.93,18
1919,Betty Miller,Business Administration,2.78,24
9420,Richard Davis,Physics,3.3,22
9822,Jessica Garcia,Biology,2.15,21
0362,Jennifer Wilson,Literature,2.65,22
6066,David Smith,Mechanical Engineering,2.4,25
2004,Karen Johnson,Psychology,2.35,22
8141,James Clark,Mechanical Engineering,2.98,21
7810,Barbara Lee,Psychology,2.4,19
9015,Nancy Miller,Electrical Engineering,3.42,23
5505,Robert Ramirez,Psychology,2.9,23
4897,Susan Anderson,Literature,2.2,23
9995,Mary Clark,History,3.66,21
0275,Mary Lopez,Physics,3.0,18
4865,Joseph Sanchez,Data Science,2.25,24
0826,David Jones,Civil Engineering,3.7,22
0551,Betty Moore,Economics,2.14,23
1688,Jennifer Sanchez,Psychology,3.2,21
1971,Thomas Taylor,Electrical Engineering,3.82,19
9666,David Brown,Civil Engineering,3.17,25
7283,Jessica Wilson,Civil Engineering,3.15,21
9637,Richard White,Data Science,2.82,23
9895,Joseph Wilson,Literature,2.69,20
5037,Robert Thompson,History,3.5,19
3434,Anthony Jackson,Business Administration,2.66,22
5408,Daniel Robinson,Economics,3.33,18
6631,Mark Ramirez,Electrical Engineering,3.13,22
0263,Charles Harris,Civil Engineering,2.38,22
0924,Lisa Ramirez,Mathematics,2.92,24
6270,Margaret Gonzalez,Data Science,3.44,21
5939,Sandra Moore,Biology,3.69,23
7169,Christopher Hernandez,Computer Science,3.55,18
1544,Daniel Lewis,Economics,3.7,23
2258,Karen Lopez,Psychology,2.8,25
1270,Thomas Miller,Electrical Engineering,3.89,23
2835,Sandra Harris,Economics,3.51,24
3773,Betty Smith,Data Science,3.16,22
7683,John Jones,Business Administration,2.92,24
1881,Richard Brown,Biology,3.55,21
9130,Susan Johnson,Psychology,3.06,18
3107,Sandra Anderson,Electrical Engineering,2.0,20
4357,James Lewis,Literature,3.81,21
3474,Sarah Moore,Data Science,3.89,20
9163,James Harris,Economics,3.24,24
5890,Margaret Thomas,Physics,3.96,25
8513,Jennifer Smith,Mechanical Engineering,3.29,21
9188,Elizabeth Harris,Civil Engineering,3.01,24
7804,Barbara Wilson,Chemistry,2.0,19
0186,Charles Lee,Psychology,2.01,24
6194,Nancy Ramirez,Mathematics,2.98,22
0028,Anthony Ramirez,Literature,2.39,24
6838,Jessica Thomas,Computer Science,2.64,24
9999,Anthony Anderson,Mechanical Engineering,3.2,19
8560,Richard Rodriguez,Psychology,3.19,23
1043,William Wilson,Biology,3.31,25
8904,Lisa Davis,Psychology,3.32,23
8058,Thomas Taylor,Physics,3.07,18
4401,Margaret Garcia,Mathematics,2.42,19
1462,Robert Jackson,History,2.35,24
0971,Robert Hernandez,Civil Engineering,3.97,18
2848,Nancy Johnson,Economics,2.66,18
7047,Elizabeth Smith,Literature,2.18,22
5353,Richard Brown,Literature,2.63,25
1089,Matthew White,Computer Science,2.08,19
4417,Sandra Jackson,Business Administration,2.11,18
7164,Joseph Miller,Biology,3.01,23
9788,William Gonzalez,Chemistry,3.84,21
5592,Christopher Martinez,Psychology,2.99,21
0657,Margaret Gonzalez,History,3.14,18
3077,Sarah Martin,Civil Engineering,2.21,19
3092,Charles Taylor,Mathematics,3.89,24
9936,Jessica Williams,Biology,2.44,19
7513,Michael Smith,Mathematics,2.59,22
9866,Christopher Sanchez,Psychology,2.35,19
8736,Patricia Williams,Economics,3.31,21
3133,Matthew Lopez,Economics,2.6,18
7301,Charles Martinez,Electrical Engineering,3.32,22
3067,John Clark,Electrical Engineering,2.63,25
9525,Karen Martin,Psychology,3.64,18
7841,Lisa Perez,Mechanical Engineering,3.52,20
9619,Linda Moore,Biology,3.42,24
5255,Joseph Gonzalez,Literature,2.86,24
6273,Anthony Garcia,Literature,3.46,23
1109,Mark Clark,Data Science,3.79,22
8581,James Lee,Mechanical Engineering,3.13,25
1474,Sarah Miller,Biology,2.92,22
8674,Nancy Thompson,Business Administration,2.39,19
2351,Thomas Miller,Physics,2.48,21
0259,Christopher Martin,Literature,3.37,25
3867,Daniel Smith,Electrical Engineering,2.77,24
0565,Linda Taylor,Electrical Engineering,3.75,25
8335,Patricia Lopez,Civil Engineering,3.12,23
0493,Patricia Davis,Mechanical Engineering,3.65,19
4433,John Clark,Chemistry,3.02,18
0522,David Anderson,Literature,2.9,25
5737,Jessica Williams,Economics,2.27,20
2822,Matthew Johnson,Literature,2.46,20
9824,Thomas Anderson,Mathematics,3.61,22
8077,Mary Lopez,Biology,3.25,20
0598,Linda Perez,Literature,2.03,24
4737,James Gonzalez,Chemistry,2.98,25
1785,Patricia Martin,Literature,3.29,22
6109,Matthew Martin,Chemistry,3.32,20
0024,Richard Hernandez,Mathematics,3.5,25
6688,John Miller,Physics,2.56,24
2084,Jessica Rodriguez,Psychology,2.73,22
3243,David Davis,Chemistry,2.71,20
0178,Barbara Anderson,Psychology,2.6,22
9948,Nancy Sanchez,Literature,3.04,20
2524,Margaret Hernandez,Electrical Engineering,3.44,18
6610,Daniel Brown,Literature,3.04,19
9315,Matthew Robinson,Data Science,3.64,23
3787,Lisa Wilson,Chemistry,3.79,21
4577,Sarah Ramirez,Mathematics,2.15,25
9097,Susan Martinez,Psychology,2.84,18
4619,Christopher Lopez,Computer Science,3.32,18
3742,Karen Moore,Mechanical Engineering,3.01,21
3403,John Ramirez,Economics,2.45,24
4204,David Thompson,Computer Science,2.35,25
1080,David Taylor,Physics,2.1,22
3714,Lisa White,Mathematics,2.75,21
0455,Margaret Miller,History,3.08,20
9413,Linda Martinez,Economics,3.94,23
3649,Robert Rodriguez,History,2.64,18
4180,David Williams,Mathematics,3.73,23
7363,Lisa Thomas,Literature,3.06,20
8220,Richard Miller,Biology,3.09,21
4004,Betty Garcia,Civil Engineering,3.99,20
4777,Joseph Williams,Physics,2.22,24
5872,Matthew Garcia,Psychology,3.86,24
1682,Charles Robinson,Chemistry,3.92,22
5572,Jessica Wilson,Psychology,3.61,21
0952,Christopher Thomas,Computer Science,2.42,23
3619,Christopher Rodriguez,Chemistry,3.12,25
9398,Matthew Ramirez,Psychology,2.37,19
6999,Charles Ramirez,Mechanical Engineering,3.84,20
2687,Jennifer White,Economics,3.9,19
1347,Matthew Sanchez,Psychology,3.93,21
1227,Robert Taylor,History,3.39,24
8130,Jennifer Lopez,Mechanical Engineering,3.37,22
4691,Margaret White,Data Science,3.82,23
1656,William Hernandez,Mathematics,2.56,20
8148,David Moore,Biology,3.78,21
7396,John Rodriguez,History,2.01,21
4486,Barbara Gonzalez,Mechanical Engineering,2.06,20
6789,Thomas Jones,Physics,2.95,23
0505,Nancy Martinez,Literature,3.22,22
8995,Joseph Jackson,Literature,3.51,24
4621,Barbara Anderson,Data Science,2.85,24
7514,Christopher Jones,Data Science,2.39,23
0639,Mary Taylor,Physics,2.35,24
2963,Sandra Moore,Mathematics,2.77,21
5765,Elizabeth Anderson,Physics,2.1,20
4326,Michael Smith,Economics,2.34,23
7741,Sarah Anderson,Electrical Engineering,3.04,22
7965,Richard Anderson,Business Administration,2.43,21
0670,John Gonzalez,Mechanical Engineering,2.49,22
6450,Richard Johnson,Data Science,2.94,24
7152,Mark Jones,Biology,3.54,21
4880,Michael Thompson,Physics,2.62,18
6182,Thomas Clark,History,2.57,25
9494,Elizabeth Jackson,Data Science,3.26,24
2027,Betty Davis,Civil Engineering,3.71,21
6241,Margaret Perez,Computer Science,2.46,19
1789,Mary Thompson,Psychology,2.2,24
6763,Linda Harris,Physics,2.86,20
5440,Thomas Rodriguez,Mathematics,3.67,22
6569,John Martinez,History,2.01,23
4403,Joseph Martin,Literature,3.9,20
6204,Jennifer Lewis,Economics,2.7,19
3857,Christopher Smith,Biology,2.62,24
7477,John Johnson,Physics,3.46,24
9947,Lisa Johnson,Psychology,3.32,18
5750,Jennifer Ramirez,Physics,3.78,22
3406,Susan Jackson,Computer Science,3.27,25
8357,William Martin,Business Administration,2.67,19
4962,Sandra Clark,Psychology,2.76,20
6125,Mark Martinez,Civil Engineering,2.15,18
9006,Susan Gonzalez,Business Administration,2.98,22
1254,David Thomas,Literature,3.86,20
3917,Sandra Williams,Physics,2.7,20
1094,Sandra Perez,Civil Engineering,2.31,21
1795,Matthew Taylor,Economics,2.39,22
1809,Lisa Rodriguez,Literature,3.67,25
5035,John Sanchez,Data Science,3.28,18
3010,Nancy Anderson,History,2.34,23
8760,James Garcia,Mechanical Engineering,3.32,18
9386,Barbara Lee,Psychology,2.06,24
8801,Susan Anderson,Data Science,2.51,23
7762,Linda Robinson,Mechanical Engineering,3.31,19
0961,Jessica Harris,Data Science,2.51,23
7930,Barbara Rodriguez,Psychology,3.62,20
9967,Charles Robinson,History,3.73,20
6306,Elizabeth Harris,History,3.16,20
9428,James Clark,History,2.36,19
9081,Barbara Sanchez,Business Administration,2.36,23
7332,Robert Brown,Literature,2.88,24
7562,Sarah Smith,Data Science,3.94,20
4116,Susan Martin,Physics,2.33,18
5620,Margaret Hernandez,History,2.11,21
7760,Daniel Jones,Civil Engineering,3.5,19
8170,Linda Lewis,Economics,2.59,18
8314,Linda Clark,Psychology,3.5,23
3812,Mary White,History,2.34,22
0968,Karen Gonzalez,Literature,2.3,21
5470,Sarah Davis,Biology,3.92,22
9378,Mary Harris,Business Administration,3.68,25
1935,Christopher Gonzalez,Mathematics,2.51,22
5675,Robert Clark,Psychology,3.12,23
2945,Lisa Taylor,Computer Science,2.38,18
5354,Thomas Wilson,Business Administration,2.51,19
8193,Elizabeth Moore,Physics,3.31,20
0093,Charles Lee,Computer Science,3.03,18
4693,David Johnson,History,3.66,25
5921,Nancy Brown,Mathematics,3.17,23
9190,Patricia Moore,Electrical Engineering,3.82,25
8602,Jessica Garcia,Data Science,2.12,18
2700,Jessica Rodriguez,Civil Engineering,2.51,21
2187,Charles Brown,Psychology,2.14,19
6174,Jessica Rodriguez,Literature,3.43,18
3659,Michael Thompson,Civil Engineering,2.71,22
8297,Sandra Taylor,Physics,2.66,25
3142,Matthew Miller,Chemistry,2.59,22
2136,Karen Gonzalez,Physics,2.75,18
0055,Joseph Jones,Mechanical Engineering,2.79,18
2032,Matthew Martinez,Literature,3.76,25
7666,William Brown,Electrical Engineering,2.01,19
2650,Sarah Smith,Mechanical Engineering,2.87,21
7848,Thomas Lee,Electrical Engineering,2.71,20
1151,Betty Moore,Business Administration,3.89,22
1513,James Martinez,Mechanical Engineering,3.16,23
0781,Patricia Gonzalez,Computer Science,2.27,23
8553,Jessica Anderson,Mathematics,2.26,24
3283,Susan Moore,Civil Engineering,3.89,18
8804,Michael Perez,Psychology,2.2,21
8063,Richard Thomas,Biology,2.14,23
4221,Robert Rodriguez,Literature,3.3,19
3503,Linda Hernandez,Mechanical Engineering,2.97,22
6774,Jennifer Martin,Literature,3.76,21
3321,Matthew Martin,Mechanical Engineering,2.02,23
7348,Linda Martin,Mathematics,2.27,24
5232,Mary Taylor,Business Administration,3.07,23
7013,Michael Garcia,Economics,3.61,25
5004,Mark Davis,Civil Engineering,3.41,18
1437,John Williams,Civil Engineering,3.24,25
8754,Anthony White,Civil Engineering,2.91,23
6203,William White,Chemistry,2.4,25
5524,Margaret Anderson,Computer Science,2.55,18
4651,Charles Wilson,Chemistry,3.07,22
2416,Barbara Clark,History,2.78,23
6477,Charles Thomas,Chemistry,2.47,24
2761,Patricia Harris,Computer Science,3.33,22
6034,James Hernandez,Chemistry,2.41,24
0115,Sarah Lewis,Literature,3.46,19
1525,Sandra Johnson,Biology,3.73,18
5886,Elizabeth Sanchez,Data Science,3.41,25
2107,Mark Hernandez,Physics,3.25,22
9847,Mark Miller,Computer Science,2.95,20
3759,Betty Brown,Business Administration,3.01,25
5989,Nancy Anderson,History,2.14,24
8059,Sandra Jackson,Economics,2.2,23
2708,Thomas Anderson,Electrical Engineering,2.46,21
0922,Elizabeth Harris,Data Science,2.24,22
9286,Sarah Ramirez,Mathematics,2.88,24
1579,Joseph Robinson,Data Science,3.88,24
2235,David Sanchez,Chemistry,3.39,19
3834,Sarah Jones,Literature,3.54,19
8106,Jennifer Ramirez,Chemistry,3.52,23
9278,Sandra Lee,Electrical Engineering,2.52,19
8759,Karen Lewis,Physics,2.05,22
7688,Patricia White,Psychology,2.7,23
7284,Mark Lopez,Mechanical Engineering,2.93,21
4046,Mary Thompson,History,2.56,25
8899,Mark Wilson,Mechanical Engineering,2.25,23
4450,Barbara Jackson,Physics,3.94,18
5253,Jessica Clark,Data Science,2.87,22
3722,William Moore,Psychology,3.84,19
2331,William White,Civil Engineering,2.0,18
2744,Lisa White,Civil Engineering,2.07,25
7605,Barbara Wilson,Computer Science,2.3,19
0879,Mary White,Physics,2.62,18
4937,Joseph Harris,Economics,2.97,24
4652,Thomas White,Electrical Engineering,2.35,23
9222,Lisa Sanchez,Civil Engineering,2.31,21
0075,Lisa Rodriguez,Civil Engineering,3.99,25
0306,Charles Clark,Psychology,3.2,23
7182,Patricia Sanchez,Literature,3.28,25
2371,Daniel Miller,History,2.82,23
7586,William Anderson,Psychology,3.88,25
7145,Anthony Moore,Psychology,3.96,21
6135,Nancy Thomas,Data Science,3.82,23
7672,Michael Jackson,Psychology,3.39,23
1526,Christopher Thompson,Economics,2.11,24
4058,Daniel Sanchez,Chemistry,2.92,23
6454,Michael Thompson,Physics,2.0,19
3252,Jessica Martinez,Mechanical Engineering,3.4,22
6850,Mary Robinson,Electrical Engineering,2.7,18
0297,Mary Martinez,Data Science,2.4,19
7533,Susan Perez,Physics,3.69,25
7650,Barbara Jones,Chemistry,3.55,18
1440,Joseph Brown,Electrical Engineering,3.76,25
6861,Patricia Anderson,Physics,2.43,23
7227,James Wilson,Literature,3.59,22
3423,Jennifer Thompson,Chemistry,2.31,18
1434,Daniel Martinez,Mechanical Engineering,3.02,19
7548,Jessica Robinson,Psychology,2.81,24
7481,Robert Robinson,Literature,2.34,25
0305,Mary Jones,Psychology,2.7,21
8913,John Gonzalez,Business Administration,3.97,21
9180,Charles Williams,Mathematics,3.02,24
5923,William Lewis,Chemistry,2.25,24
6051,Mary Clark,Civil Engineering,2.77,25
4383,Mark Taylor,Electrical Engineering,3.96,18
8880,Nancy Miller,Physics,3.24,24
8585,Daniel Robinson,Data Science,2.64,23
5343,Mary Perez,Literature,2.37,19
0732,Linda Rodriguez,Computer Science,3.4,25
6297,Linda Williams,Literature,2.27,18
7437,Anthony Clark,Psychology,2.86,25
0484,Susan Gonzalez,Mathematics,2.57,18
5291,David Davis,Psychology,3.27,22
2338,Jennifer Lee,Business Administration,2.23,24
2631,Charles Rodriguez,Mechanical Engineering,2.67,20
8198,Thomas White,Physics,3.83,25
6192,Sarah Perez,Computer Science,2.73,19
9029,Linda Taylor,Computer Science,3.91,25
5329,Linda Garcia,Data Science,2.45,25
3911,Margaret Moore,History,3.87,24
3896,Elizabeth Lopez,Mathematics,3.66,20
9168,Susan Brown,Mathematics,2.24,25
7214,James White,Mathematics,3.33,25
7659,James Lopez,Electrical Engineering,3.25,23
5348,Mary Moore,Physics,3.06,22
3333,Elizabeth Williams,Electrical Engineering,3.54,23
8350,Sandra Perez,Economics,3.17,24
9484,Christopher Garcia,Mathematics,3.12,20
4508,Margaret Gonzalez,Mechanical Engineering,2.63,18
9062,Mary Gonzalez,Business Administration,2.37,23
1126,John Lopez,Data Science,2.97,25
6314,Daniel Lopez,Data Science,3.73,21
5580,Jessica Lewis,Biology,2.5,23
9399,Michael Williams,Literature,3.96,25
3869,Betty Miller,Civil Engineering,3.53,22
8855,Betty Ramirez,Mathematics,3.06,18
9828,Nancy Williams,Economics,3.99,24
3385,Daniel Garcia,Data Science,2.39,22
0820,Susan Harris,Data Science,2.79,24
8268,John Hernandez,Electrical Engineering,3.88,24
1907,Matthew Hernandez,Mechanical Engineering,2.3,20
5226,Robert Ramirez,Business Administration,3.58,25
1848,Mary White,Business Administration,3.02,18
4350,Patricia Rodriguez,Biology,3.38,20
7415,Charles White,Chemistry,2.14,22
5487,Mary Harris,Literature,3.11,22
0415,Linda Anderson,History,3.58,22
1986,Sarah Perez,History,3.83,19
1960,Betty Jones,Physics,3.03,25
8381,Matthew Robinson,Economics,2.5,18
6069,Thomas Ramirez,Computer Science,2.65,18
5043,David Ramirez,Business Administration,3.82,18
0894,Sarah Brown,Civil Engineering,2.03,21
8840,Elizabeth Thompson,Literature,2.05,18
2225,Sarah Clark,Psychology,2.22,18
5703,David Gonzalez,Psychology,2.44,24
4604,Betty Sanchez,Economics,3.18,20
7643,Patricia Harris,Mechanical Engineering,4.0,19
2221,Susan Thompson,Physics,3.14,24
4412,James Lewis,Electrical Engineering,3.92,19
6782,Jennifer Robinson,Civil Engineering,3.81,25
1655,Anthony Wilson,History,2.52,19
1752,Robert Thompson,Business Administration,3.45,23
3924,Charles Taylor,Literature,2.38,20
6122,Mary Anderson,Literature,3.62,22
2100,Charles Lewis,Psychology,3.45,19
5373,Margaret Garcia,Physics,2.01,20
3623,James Davis,Mechanical Engineering,2.16,22
9114,Lisa Wilson,Mathematics,2.83,23
2837,Jessica Thompson,Literature,2.24,24
0647,Richard Lopez,Chemistry,3.7,19
8399,Michael Smith,Civil Engineering,3.96,23
7825,Margaret Johnson,Civil Engineering,2.47,24
2356,Elizabeth Lee,Data Science,2.8,23
9810,Mary Taylor,Physics,2.29,23
2379,Michael Sanchez,Electrical Engineering,3.54,21
1199,James Thomas,Electrical Engineering,3.99,25
6591,Richard Rodriguez,Data Science,3.83,24
6332,Patricia Lewis,Mechanical Engineering,3.34,23
7820,Anthony Clark,History,2.73,22
8566,David Moore,Physics,2.24,18
6704,Daniel Hernandez,Literature,3.01,21
8612,Elizabeth Lewis,Computer Science,3.04,23
7338,William Lee,Literature,3.85,20
3110,Nancy Lee,Chemistry,3.03,23
4449,Charles Moore,Biology,2.25,20
5542,James Wilson,Economics,2.77,24
4697,Karen Miller,Electrical Engineering,2.74,24
9725,Betty Jones,Chemistry,2.87,20
2357,Robert Davis,Physics,3.08,19
8939,Betty Garcia,Chemistry,2.68,22
5911,Patricia Moore,Mechanical Engineering,3.23,23
6515,David Lee,Chemistry,3.67,18
7655,Jennifer Lewis,History,3.86,20
7648,Mark Taylor,Computer Science,2.18,25
4591,Jessica Williams,Business Administration,3.95,24
2857,Robert Jackson,Civil Engineering,2.73,18
3930,Robert White,Physics,3.32,22
2597,William Anderson,Mechanical Engineering,3.55,21
4005,William Brown,Literature,3.29,21
5775,Karen Williams,Computer Science,3.49,20
9054,Linda White,Psychology,2.25,24
7970,Anthony Perez,Psychology,2.85,25
5774,Margaret Jackson,Business Administration,2.1,24
2367,Susan Lee,Chemistry,3.92,22
6317,Jessica Thomas,Business Administration,3.27,18
2438,Daniel Robinson,Data Science,2.16,18
7712,Elizabeth Smith,Biology,2.46,22
1842,Linda White,Chemistry,3.69,20
2445,Richard Smith,History,2.17,25
4571,Jessica Thompson,Chemistry,3.57,23
2285,Christopher Davis,Mechanical Engineering,3.73,22
2019,Robert Jones,Mathematics,2.42,21
8259,Karen Jones,Electrical Engineering,2.53,23
1575,Mark Harris,Chemistry,2.95,20
3966,Joseph Anderson,Civil Engineering,2.72,23
4997,Mary Garcia,Data Science,3.32,23
8925,Jennifer Williams,Data Science,3.87,22
5679,Thomas Martinez,Physics,3.99,21
6583,Daniel Gonzalez,Mechanical Engineering,3.06,24
5269,Daniel Harris,Biology,2.98,22
8000,Jennifer Sanchez,History,2.03,22
5905,Joseph Hernandez,Psychology,3.25,21
7107,Barbara Perez,Biology,3.58,22
6324,Joseph Harris,Chemistry,2.11,24
5536,Charles Thompson,Psychology,3.66,20
8608,Thomas Hernandez,Mechanical Engineering,2.26,18
8690,Robert Robinson,Mathematics,2.62,19
8225,Margaret Wilson,Psychology,3.33,25
4367,Charles Martinez,Physics,3.49,25
7472,Christopher Anderson,Biology,3.33,19
3765,Thomas Harris,Economics,3.03,24
1418,Michael Thompson,Physics,3.49,19
7837,Margaret Davis,Literature,3.15,22
2570,Matthew Lee,Mathematics,3.96,20
3086,Daniel Williams,Data Science,3.42,23
9898,Lisa Anderson,Electrical Engineering,2.46,23
8497,Christopher Johnson,Data Science,3.24,25
5424,Michael Thomas,Chemistry,3.14,20
9608,Richard Perez,Mechanical Engineering,3.01,24
4594,Mark Clark,Mathematics,2.58,25
8395,Nancy Anderson,Economics,2.17,25
4249,Sarah Lee,Business Administration,2.31,20
1131,James Johnson,Biology,3.44,19
5781,James Sanchez,Computer Science,2.19,22
8325,Jennifer Taylor,Literature,2.82,24
5958,Karen Johnson,Physics,2.36,19
6027,David Thomas,Mathematics,3.17,19
6949,William Ramirez,Economics,3.53,18
7150,Charles Thompson,Physics,2.89,18
3863,Nancy Taylor,Computer Science,2.0,22
7540,Christopher Lopez,Biology,3.39,20
5009,William Garcia,Business Administration,2.35,22
6348,Mark White,Psychology,3.18,24
4110,Susan Lopez,Psychology,3.32,22
3361,Anthony Taylor,Mechanical Engineering,3.71,23
1670,Patricia Anderson,Data Science,3.17,20
5656,Lisa Hernandez,Data Science,2.36,21
3382,Margaret Robinson,Civil Engineering,2.41,21
1240,David Davis,Physics,2.93,25
3430,Nancy Thomas,Chemistry,2.89,22
2569,Mark White,History,3.64,24
8678,Betty Clark,History,2.67,25
0155,David Johnson,Mechanical Engineering,3.33,18
1562,Elizabeth Thompson,Business Administration,3.18,19
0900,William Smith,Chemistry,3.82,19
5738,Christopher Lewis,Business Administration,3.26,18
7767,Betty Wilson,Data Science,3.88,18
4690,Jessica Clark,Civil Engineering,3.99,24
9553,Mark Thompson,Physics,3.21,25
1984,Anthony Perez,Civil Engineering,2.95,19
9306,Joseph Brown,History,3.87,22
8504,Matthew Davis,Mathematics,2.78,21
8968,Betty White,Computer Science,2.44,23
9559,Matthew Miller,Physics,3.86,23
6890,Daniel Jones,Mathematics,2.65,25
6345,Lisa White,Physics,2.98,23
5076,Lisa Smith,Chemistry,3.94,19
9538,Lisa Johnson,Business Administration,3.0,21
5152,Christopher Martin,Civil Engineering,3.62,24
4294,William White,Physics,3.5,19
1396,Jennifer Perez,Physics,2.18,21
3935,Nancy Gonzalez,Business Administration,3.86,19
4780,Matthew Jackson,Physics,2.35,25
9359,David Gonzalez,Psychology,2.6,21
5909,Charles Ramirez,History,2.08,23
8687,John Lee,Economics,3.67,24
4731,Mark Gonzalez,Mechanical Engineering,4.0,18
4738,Christopher Gonzalez,Mechanical Engineering,2.78,19
6358,Betty Johnson,Mathematics,3.36,24
7963,William Johnson,Chemistry,3.02,18
6413,Margaret Martinez,Literature,3.82,19
5370,John Miller,Psychology,3.31,21
7922,Margaret Robinson,Psychology,3.46,21
2175,Karen Wilson,Mathematics,3.86,25
3887,Sandra Lee,Electrical Engineering,3.53,23
9857,Charles White,Biology,2.79,25
0218,Jessica Thompson,Computer Science,2.67,22
5154,Thomas Jackson,Economics,3.43,18
5636,Jessica Williams,Electrical Engineering,3.39,24
9556,Karen Harris,Economics,3.86,23
5941,Elizabeth Thompson,Biology,2.37,25
7362,James Johnson,Business Administration,2.25,21
6527,Michael Harris,Psychology,3.65,21
2520,Robert Gonzalez,Biology,3.14,25
9082,Anthony Rodriguez,Physics,2.04,19
3412,Linda Wilson,History,3.09,22
8027,John Lopez,Chemistry,2.96,20
8676,Lisa Martin,Data Science,3.05,20
5519,Daniel Lee,Business Administration,2.75,23
2713,Betty Wilson,History,2.17,24
3017,Nancy Robinson,Mathematics,2.67,20
0136,Robert Davis,Psychology,2.74,20
6682,Daniel Moore,Mathematics,3.11,18
3890,Margaret Lewis,Physics,2.39,20
2455,Matthew Jones,Biology,3.56,20
4611,Karen Robinson,Mechanical Engineering,3.59,23
5805,Robert Moore,Literature,2.88,25
8211,Patricia Lopez,Psychology,3.79,23
4360,Betty Lewis,Economics,3.3,22
4175,Jessica Garcia,Physics,3.05,22
8712,Margaret White,Chemistry,2.53,22
8401,Nancy Lopez,Mathematics,2.07,20
2755,Mark Taylor,Mechanical Engineering,2.21,18
4863,Sandra Brown,Biology,3.9,18
2451,Thomas Moore,Computer Science,3.87,25
6902,David Gonzalez,Psychology,2.62,23
6056,Matthew Smith,Psychology,3.36,19
9620,Christopher Smith,Mathematics,3.06,19
3219,James Moore,Business Administration,3.11,24
1331,Jessica Martin,Chemistry,3.61,22
2609,William Thomas,Physics,2.16,21
5022,Joseph Moore,History,3.54,24
7629,Richard Miller,Literature,2.77,22
2686,Richard Harris,Mathematics,2.48,21
1145,Linda Martinez,Literature,2.89,22
4223,Lisa Jackson,Physics,3.95,21
9057,Jessica Jackson,Literature,2.3,24
4966,Sandra Lewis,Electrical Engineering,3.0,19
1220,Barbara Smith,Electrical Engineering,2.44,22
8773,Michael Moore,Business Administration,3.0,22
4254,David Johnson,Mathematics,3.93,19
3880,Karen Martinez,Computer Science,2.64,18
6586,William Thomas,Electrical Engineering,3.5,18
2728,Karen Thomas,Literature,3.82,24
5845,Jennifer Martin,Data Science,2.54,25
9712,Joseph Davis,Physics,2.76,23
0318,Charles Brown,Economics,3.11,25
0371,Matthew Martinez,Chemistry,3.95,21
0329,Richard Wilson,Mathematics,2.41,25
8483,Christopher Taylor,Biology,2.7,25
3288,Betty Martinez,Biology,3.5,23
4170,Mark Lee,Literature,2.72,19
4935,Linda Brown,History,3.26,22
1630,William Rodriguez,History,3.45,24
1181,John Robinson,Physics,2.49,23
6184,Jennifer Hernandez,Chemistry,2.5,25
2995,Jessica Rodriguez,Mechanical Engineering,2.88,20
7691,John Jones,Mechanical Engineering,3.02,25
9320,Joseph Lopez,Physics,3.8,19
2777,Betty Ramirez,Economics,2.16,25
8083,David Lopez,Chemistry,3.19,21
8909,Robert White,Electrical Engineering,3.63,18
3057,Christopher Harris,Computer Science,3.84,23
3226,Charles Smith,Mathematics,2.57,19
0792,Joseph Davis,Physics,2.64,23
7987,Elizabeth Johnson,Mathematics,3.46,19
1054,Charles Davis,Civil Engineering,2.61,20
0973,Elizabeth Wilson,Electrical Engineering,3.72,25
5005,Patricia Jones,Mechanical Engineering,3.22,21
9162,Mark Robinson,Computer Science,3.55,24
8704,David Davis,Mechanical Engineering,2.74,21
6760,Mark Thompson,Mathematics,3.23,25
2291,David Robinson,Literature,3.17,18
4504,Charles Gonzalez,History,2.31,20
6261,Lisa Thompson,Data Science,3.19,18
3689,Thomas Thomas,Biology,2.98,23
4130,Christopher Thomas,Biology,3.3,20
9586,Matthew Thompson,History,2.95,21
0602,Joseph Ramirez,Physics,2.5,25
2364,Joseph Davis,Economics,3.28,21
4532,Margaret Wilson,Literature,2.77,18
2969,Charles Thomas,Business Administration,3.14,25
1594,Thomas Sanchez,Mathematics,3.86,18
4602,Betty Lewis,History,2.11,22
4671,William Lopez,Business Administration,2.09,20
0419,Karen Gonzalez,Electrical Engineering,3.89,18
3281,Nancy Williams,Computer Science,3.86,21
0370,Daniel Garcia,Psychology,3.9,24
2997,Barbara Jones,Chemistry,3.03,23
3303,Elizabeth Gonzalez,Mechanical Engineering,2.03,22
6257,Nancy Williams,Psychology,2.7,25
2996,Patricia Williams,Chemistry,2.88,21
5959,Charles Moore,Literature,3.54,25
2166,Jennifer Rodriguez,History,3.28,19
7229,Daniel Lewis,Economics,3.57,25
1097,Nancy Johnson,Biology,3.34,22
3530,James Thomas,Mathematics,3.42,21
0880,Daniel Moore,History,2.0,21
6940,Lisa Gonzalez,Mathematics,3.24,25
0066,Robert Wilson,Biology,2.43,23
4396,Mary Harris,Chemistry,3.48,18
9904,Barbara Williams,History,2.38,18
3855,Susan Martin,Physics,2.9,19
5509,Matthew Jones,Biology,2.21,24
5359,Sarah Davis,Biology,2.9,18
6904,Anthony Robinson,Electrical Engineering,2.97,23
7228,Linda Anderson,Economics,3.75,20
4894,Patricia Martinez,Psychology,3.15,22
4054,John Davis,Chemistry,2.21,21
2304,James Ramirez,Physics,3.38,18
8181,Anthony Taylor,Mathematics,3.06,18
0398,Susan Moore,Civil Engineering,3.37,21
2890,Margaret Wilson,History,3.87,19
4778,Susan Anderson,Electrical Engineering,2.4,24
1762,Susan Hernandez,Business Administration,2.83,24
1972,Jessica Thomas,Mathematics,3.99,23
7919,Charles Lopez,Chemistry,3.57,23
3745,Elizabeth Brown,History,2.01,25
4140,Jessica Lewis,Business Administration,2.26,18
3221,Elizabeth Johnson,Electrical Engineering,2.66,19
7743,James Lee,Biology,3.82,23
0737,Thomas Anderson,Electrical Engineering,2.42,25
0189,Thomas Martinez,History,2.72,25
4074,Christopher Jones,Computer Science,3.05,20
8510,Elizabeth Brown,Computer Science,3.59,19
7201,Barbara Johnson,History,2.93,22
4085,Charles Davis,Data Science,2.81,18
9183,Thomas Perez,Data Science,2.86,19
4216,John Hernandez,Business Administration,2.73,24
8158,Susan Williams,Mechanical Engineering,3.3,18
4081,Daniel Rodriguez,Chemistry,3.33,23
1305,Mary Johnson,Computer Science,3.74,22
6251,David Moore,Civil Engineering,2.07,20
1555,Robert Lee,Chemistry,2.05,18
2561,Sandra Lee,Physics,2.62,22
5907,Karen Davis,Mathematics,2.87,23
4732,Lisa Thompson,Literature,3.79,18
7649,Sandra Perez,Mechanical Engineering,3.58,24
2682,Michael Moore,Mechanical Engineering,2.81,25
6664,Robert Ramirez,Electrical Engineering,2.61,23
1308,Matthew Taylor,Psychology,2.19,18
8466,Thomas White,Mechanical Engineering,2.47,19
8246,Betty Harris,History,2.59,20
9746,William Rodriguez,Business Administration,3.27,24
2033,Richard Thompson,Mechanical Engineering,3.34,18
3425,Matthew Johnson,Psychology,2.07,23
5041,Michael Jackson,Psychology,3.1,22
7079,Daniel Ramirez,Psychology,3.1,24
3146,Jessica Lee,Electrical Engineering,3.68,19
9787,Elizabeth Smith,Business Administration,3.15,19
2377,Lisa Anderson,Computer Science,3.13,25
0414,Michael Williams,Chemistry,3.65,19
0793,Mark Gonzalez,Physics,3.92,19
1154,Linda Lewis,Computer Science,2.46,22
2030,Richard Martin,Data Science,3.36,19
9177,Barbara Johnson,Data Science,2.76,23
2191,William Robinson,Physics,2.77,20
1003,Barbara Anderson,Mechanical Engineering,2.22,23
3821,Linda Wilson,Data Science,2.25,24
1980,Charles Taylor,Chemistry,2.79,20
2614,Betty Harris,Economics,2.71,25
1739,Betty White,Business Administration,3.17,22
8863,Jessica Rodriguez,Mathematics,2.07,18
2142,Christopher Jackson,Business Administration,3.01,25
8769,Patricia Anderson,Mechanical Engineering,3.3,19
5658,Matthew Hernandez,History,2.99,24
5231,Mary Lewis,Civil Engineering,2.34,19
5121,William Clark,History,2.5,19
2353,Mark Wilson,Mathematics,2.07,22
9869,William Harris,Data Science,2.74,24
3342,William Martinez,Mathematics,3.36,20
7609,Karen Lewis,History,2.83,22
9261,Lisa Lopez,Civil Engineering,2.17,19
6809,Anthony Davis,Psychology,3.64,18
7202,William Martin,Biology,2.97,24
2589,Robert Smith,Economics,2.38,21
0981,Joseph Davis,Economics,2.78,23
1195,Lisa Garcia,Civil Engineering,3.8,25
8770,Nancy Wilson,Computer Science,3.41,25
4873,Elizabeth Perez,Business Administration,2.24,24
9530,William Ramirez,History,3.79,18
9996,Betty Garcia,Physics,3.39,21
7912,Barbara Miller,Civil Engineering,2.31,23
8961,David Gonzalez,Data Science,3.11,20
4745,Anthony Wilson,Psychology,2.3,19
8159,Michael Moore,Civil Engineering,3.88,23
0496,Barbara Williams,Literature,2.02,23
8414,William Robinson,Electrical Engineering,3.74,23
3453,Matthew Jones,Literature,2.96,18
4336,Barbara Gonzalez,Biology,3.01,18
8679,Thomas Lewis,Civil Engineering,3.29,20
9201,Daniel Smith,Chemistry,2.31,19
0464,Robert Gonzalez,Mechanical Engineering,2.41,18
0674,Daniel Perez,Electrical Engineering,3.31,21
5531,Jessica Taylor,Data Science,3.47,21
2804,Robert Wilson,Chemistry,2.32,21
2526,Linda Jones,Physics,2.25,25
2762,Sandra White,Physics,2.88,24
9510,Mark Martin,Mathematics,3.82,19
8597,Charles Lee,Literature,2.59,24
2050,Sarah Anderson,Business Administration,3.41,22
4496,Charles Perez,Electrical Engineering,3.95,22
3216,William Martin,Economics,2.39,19
4105,Michael Wilson,Chemistry,2.69,25
1292,Jennifer Ramirez,Literature,3.46,24
4653,Susan Taylor,Civil Engineering,3.42,18
5669,Sandra Perez,Mathematics,2.46,24
3694,Mark Anderson,Business Administration,3.0,20
5286,Mary Miller,Data Science,2.79,21
2653,Margaret Brown,Chemistry,2.9,18
9742,David Davis,Civil Engineering,2.08,21
9165,Sarah Perez,Biology,2.44,21
2507,Patricia Lee,Mathematics,3.59,19
2034,Thomas Smith,Data Science,2.8,22
0907,Sarah Clark,Computer Science,2.32,24
9719,Robert Moore,Computer Science,3.74,21
7088,Thomas Taylor,Literature,3.39,23
2114,Michael Williams,Data Science,2.71,21
2981,Charles Thomas,Biology,3.82,23
2102,Jessica Davis,Civil Engineering,3.62,23
5644,Charles Sanchez,Data Science,2.04,24
7632,Matthew Wilson,Computer Science,3.0,20
7372,Linda Thompson,Physics,2.71,22
8592,Richard Johnson,Electrical Engineering,2.82,20
5194,Betty Jones,Civil Engineering,3.73,25
2053,Sarah Lee,Economics,2.26,23
1208,Patricia Lee,History,3.1,20
6708,Margaret Lewis,Physics,3.92,19
8748,Betty Harris,Mechanical Engineering,2.67,24
7842,Robert Williams,Computer Science,3.06,18
8853,John Hernandez,Literature,2.96,25
9626,Sandra Lee,Computer Science,2.79,19
1077,Mary Jackson,Economics,2.96,23
1412,Jennifer Ramirez,Physics,3.06,24
2126,Sandra Lopez,Computer Science,3.96,21
9411,Susan Moore,Data Science,3.53,20
6044,Patricia Martinez,Computer Science,2.89,21
9253,Jessica Miller,Computer Science,3.05,25
9346,John Robinson,Civil Engineering,3.51,18
8094,Michael Martin,Computer Science,3.21,20
9609,James Robinson,Computer Science,2.68,24
2275,Jennifer Gonzalez,History,2.08,18
3292,Christopher Garcia,Business Administration,3.87,25
9480,Elizabeth Taylor,Literature,2.65,25
9381,Karen Taylor,Psychology,3.07,20
5922,John Davis,Electrical Engineering,2.92,19
2852,Mark Hernandez,Electrical Engineering,2.31,21
2580,Jennifer Jones,Economics,2.91,20
4914,Matthew Hernandez,Civil Engineering,2.07,22
4757,Charles Perez,Literature,3.35,22
1063,Jessica Harris,Mathematics,2.58,19
5692,Thomas Moore,Physics,3.57,23
5236,Karen Rodriguez,Chemistry,3.09,18
1438,Jessica Clark,Business Administration,3.66,20
7292,Lisa Rodriguez,History,2.86,24
2828,Susan Martin,Literature,3.05,25
7406,Anthony Lopez,Mathematics,3.96,23
9225,Christopher Smith,Civil Engineering,3.66,23
9402,Sarah Davis,Biology,2.99,18
2009,James Ramirez,Psychology,3.0,25
3279,Mary Martin,Economics,2.11,21
8047,Patricia Anderson,History,2.29,19
4678,Betty Davis,History,2.73,18
3515,Elizabeth Miller,Mechanical Engineering,2.47,23
7311,Nancy Wilson,Economics,2.84,18
4264,Patricia Johnson,Data Science,2.62,18
4288,John Lewis,Economics,3.35,21
1929,David Garcia,Computer Science,3.7,24
6340,Jennifer Garcia,History,3.94,18
8176,Nancy Jackson,Mechanical Engineering,2.15,24
3048,Lisa Rodriguez,Electrical Engineering,3.52,24
0424,Anthony Robinson,Mechanical Engineering,2.46,24
9087,Patricia Martinez,Computer Science,3.81,20
4089,Michael Brown,Computer Science,2.13,19
4566,Daniel Anderson,Data Science,3.2,22
5150,David Anderson,Psychology,2.5,23
6521,Matthew Brown,Economics,3.33,23
6012,James Moore,Data Science,3.2,18
2255,James Clark,Literature,3.51,23
1259,Susan Harris,Chemistry,3.6,21
7273,Christopher Lopez,Electrical Engineering,3.61,21
6095,Barbara Martin,Mathematics,2.17,24
6077,Linda Lopez,Electrical Engineering,2.53,21
7371,Christopher Smith,Electrical Engineering,3.41,24
2513,Jessica Brown,Computer Science,2.79,23
0530,Lisa Wilson,Computer Science,2.34,20
6272,Michael Lopez,Chemistry,2.88,22
5933,John Perez,Civil Engineering,3.16,23
6001,Jessica Williams,Chemistry,2.67,20
3866,Robert Thompson,Chemistry,3.73,25
1101,Daniel Sanchez,Business Administration,3.54,20
9034,Richard Brown,Mathematics,3.05,19
0570,Richard Clark,Psychology,3.11,21
9670,Patricia Thomas,Data Science,2.63,19
2339,John Williams,Civil Engineering,2.32,22
8800,Patricia Garcia,Civil Engineering,3.4,22
9884,Barbara Lewis,Civil Engineering,3.93,25
5952,Michael Williams,Business Administration,3.87,25
6655,John Robinson,Psychology,2.94,22
9196,John Jackson,Computer Science,3.36,24
0939,Karen Hernandez,Civil Engineering,3.81,23
4498,Christopher Johnson,Biology,2.7,18
7126,Michael Rodriguez,Computer Science,3.79,19
5776,Sandra Thomas,Physics,3.77,19
8655,Joseph Smith,Physics,2.21,18
7325,Patricia Brown,Business Administration,2.25,21
5759,Sarah Davis,Literature,2.18,19
7272,Joseph Garcia,Computer Science,3.88,23
2730,Jessica Jackson,Physics,2.72,24
6981,William Smith,Computer Science,2.13,19
9469,Nancy Harris,Literature,3.3,23
5021,Elizabeth Ramirez,Electrical Engineering,3.56,18
4843,Daniel Lewis,Literature,2.88,20
5372,Margaret Martinez,Data Science,2.25,22
1311,Michael Rodriguez,History,3.38,22
9817,Nancy Thompson,Literature,2.14,19
5262,William Lewis,Chemistry,2.63,22
4813,Nancy Gonzalez,Physics,2.29,20
2956,Robert Davis,Literature,2.12,24
8664,Mark Lewis,Civil Engineering,2.25,19
8983,Betty Williams,Physics,3.84,22
6955,Richard Johnson,Mechanical Engineering,3.04,23
1353,Patricia Lee,Psychology,2.68,20
4369,Linda Rodriguez,Psychology,2.85,23
9753,Robert Williams,Literature,3.51,22
8151,Susan Rodriguez,Mathematics,2.38,21
8129,Patricia Wilson,History,3.73,23
3060,James Wilson,Computer Science,3.56,22
5554,Patricia Brown,Psychology,3.76,25
6334,Sandra Lee,Data Science,3.86,22
7204,Christopher Wilson,Psychology,3.77,21
6553,Christopher Brown,History,3.37,25
7159,Sarah Martin,Literature,3.37,25
6029,Sarah Wilson,Economics,3.67,23
2039,Joseph White,Physics,2.11,21
4476,James Rodriguez,Data Science,3.39,23
5438,Christopher Ramirez,Civil Engineering,3.28,25
0783,Elizabeth Clark,Chemistry,2.48,22
5848,Daniel Davis,Mathematics,3.97,25
4687,Linda Wilson,History,3.21,18
3131,Patricia Perez,Physics,3.0,23
0599,Robert Clark,Mathematics,3.67,19
4150,Nancy Sanchez,Literature,3.4,23
7756,Mary Rodriguez,Computer Science,3.59,21
6524,Jessica Smith,Data Science,3.82,19
5080,Thomas Hernandez,Economics,2.8,25
5170,William Lee,Computer Science,3.48,23
0686,Jennifer Jackson,Computer Science,2.66,23
3268,Mary Martin,Mathematics,2.97,20
0717,Thomas Williams,Biology,2.53,20
3302,Richard Gonzalez,Biology,2.1,21
4807,Lisa Lewis,Economics,3.21,20
0605,Elizabeth Williams,Physics,3.88,19
7498,John Martin,Mathematics,3.72,18
1033,Betty Thompson,Psychology,3.45,24
2209,Jennifer White,Chemistry,3.03,18
2986,Thomas Moore,Psychology,3.49,18
7840,Richard Taylor,History,2.4,19
9477,Robert Perez,Literature,2.24,23
8984,Karen Jones,Biology,2.3,20
9019,Michael Davis,Data Science,2.37,24
8943,Jessica Thomas,Electrical Engineering,2.69,21
0726,Thomas Ramirez,Mathematics,3.89,24
2185,Patricia Wilson,Electrical Engineering,3.38,19
5447,William Williams,Mechanical Engineering,2.56,20
1698,Jessica Lee,Psychology,2.99,20
3950,Michael Hernandez,Business Administration,2.98,25
5649,Margaret Rodriguez,Electrical Engineering,3.82,19
1106,Nancy Lewis,Civil Engineering,3.44,18
5850,Karen Rodriguez,Electrical Engineering,2.07,21
0266,Mark Thomas,Civil Engineering,2.22,25
4155,John Martin,Psychology,3.23,20
6116,David Johnson,Literature,3.33,20
6338,Nancy Ramirez,History,2.66,18
0713,Margaret Harris,Economics,2.73,25
7702,Jessica Martin,History,3.94,21
6397,Richard Martinez,Business Administration,3.57,25
9375,Michael Anderson,Economics,2.7,20
8316,Linda Taylor,Psychology,3.25,24
8593,Nancy Sanchez,Data Science,2.26,20
1108,John Davis,Mathematics,2.21,19
5908,Linda Lee,Mechanical Engineering,2.1,18
9299,Jessica Hernandez,Mechanical Engineering,2.75,18
3068,Jennifer Ramirez,Civil Engineering,2.81,22
6825,Thomas Clark,History,3.63,19
3941,Jennifer Miller,Electrical Engineering,3.65,20
5780,Jennifer Davis,Literature,2.34,18
0025,Sarah Thomas,History,2.5,23
7032,Mark Thompson,Literature,3.61,18
4772,Matthew Harris,History,3.44,22
2352,Michael Jackson,Literature,3.67,21
3963,Jessica Smith,Biology,3.95,25
0269,Thomas Miller,Chemistry,3.24,19
8189,Linda Brown,Physics,3.63,20
8684,Robert Gonzalez,Business Administration,2.11,18
1029,Karen Sanchez,Economics,2.42,19
7489,Barbara Brown,Economics,2.46,25
8709,Anthony Moore,Civil Engineering,2.54,21
3906,Sarah Smith,Mechanical Engineering,2.89,22
0782,Christopher Anderson,Psychology,3.61,19
1996,Patricia Davis,History,2.42,18
4934,Nancy Rodriguez,Economics,2.53,20
3893,Elizabeth Clark,Mathematics,2.63,18
9187,Joseph Ramirez,Chemistry,3.76,18
1821,James Hernandez,Mechanical Engineering,3.84,23
6934,Christopher Taylor,Biology,2.26,21
2449,Sandra Rodriguez,Biology,3.45,19
3533,Matthew Taylor,Computer Science,3.34,20
8613,Charles Lee,Psychology,2.46,23
0311,Mary Sanchez,Electrical Engineering,3.46,22
1298,Jessica Thomas,Economics,3.95,20
0086,David Taylor,Chemistry,3.47,21
7349,Joseph Williams,Mathematics,2.85,22
7685,Patricia Hernandez,Literature,3.61,21
2273,Michael White,Computer Science,2.89,18
7740,Richard Wilson,Physics,3.36,25
9526,Mary Lee,Business Administration,3.4,21
0627,Matthew Lewis,Mechanical Engineering,2.18,19
2254,Daniel Wilson,Psychology,2.19,19
2392,Charles Hernandez,Mathematics,3.49,18
5493,Karen Davis,Chemistry,2.41,19
1623,Anthony Miller,Civil Engineering,3.37,21
5221,Jessica Thomas,Economics,2.15,25
0461,James Harris,Mechanical Engineering,2.97,21
3678,James Wilson,Data Science,3.62,20
6142,Mark Johnson,Computer Science,2.57,23
1337,Thomas Jones,Computer Science,2.95,19
6326,Richard Garcia,Literature,2.54,22
3862,Robert Martinez,Physics,3.12,25
9853,Linda Jones,Mathematics,3.76,23
8224,Mary Harris,Physics,3.89,20
6495,Charles Perez,Economics,2.05,21
0872,Richard Sanchez,Chemistry,3.25,19
8869,Robert Smith,Literature,2.9,20
0436,Sandra Lewis,Psychology,3.46,23
5727,Jessica Moore,Literature,3.32,18
7391,Margaret Davis,Mathematics,3.39,23
3637,James Robinson,Biology,2.2,24
1502,Sarah Ramirez,History,3.88,22
7167,William Hernandez,Physics,2.65,25
9505,Lisa Thompson,Psychology,3.08,19
8410,Anthony White,Chemistry,2.53,20
7361,Mary Hernandez,Civil Engineering,2.11,23
4469,Mark Williams,Mathematics,3.85,23
2626,Susan Thomas,History,3.97,18
1374,Charles Sanchez,Electrical Engineering,2.1,24
4670,Christopher Thomas,History,2.63,21
2042,Mary Robinson,Computer Science,2.14,22
8452,Margaret Lee,Data Science,2.61,18
9369,Barbara White,Business Administration,3.08,24
6081,Christopher Thomas,Computer Science,3.14,22
7873,Betty Sanchez,Civil Engineering,3.91,23
0854,Elizabeth Taylor,Civil Engineering,2.01,18
4096,James Johnson,Civil Engineering,2.07,22
9449,Daniel Wilson,Civil Engineering,3.7,22
3271,Karen Anderson,Physics,3.06,21
2655,Elizabeth White,Biology,3.62,23
6859,Jennifer Lopez,Physics,2.04,20
8239,Margaret Martinez,Physics,2.85,23
6256,Joseph Wilson,Computer Science,2.17,21
9655,Thomas Johnson,Psychology,2.94,23
9401,Lisa Williams,Data Science,3.98,19
7218,Jennifer Perez,Data Science,3.59,24
6026,Barbara Garcia,Business Administration,3.32,18
3178,Sarah Perez,Data Science,2.74,23
7684,Karen Smith,Civil Engineering,2.48,23
5070,James Anderson,Literature,3.68,19
3918,Matthew Thomas,Civil Engineering,2.14,24
3833,Nancy Rodriguez,Chemistry,3.9,25
7355,Margaret Harris,Psychology,3.32,21
4668,Anthony Harris,Literature,3.63,18
7277,Daniel Lewis,Mechanical Engineering,3.55,20
3891,Daniel Davis,Data Science,3.17,24
5968,Jessica Johnson,Electrical Engineering,2.72,24
6731,Patricia Wilson,Biology,2.51,22
9625,William Gonzalez,Economics,2.84,23
7170,Matthew Lee,Biology,3.21,20
2712,William Perez,Civil Engineering,2.17,21
2962,Jennifer Taylor,History,2.13,19
2658,Margaret Sanchez,History,2.48,25
2527,Christopher Jones,Civil Engineering,3.88,22
6172,Matthew Thomas,Psychology,3.19,20
2147,Matthew Jackson,Chemistry,3.5,23
5517,Charles Williams,Psychology,3.72,22
0618,Thomas Robinson,Economics,3.98,18
9856,Mark Smith,Economics,3.32,24
1657,David Ramirez,History,3.73,22
4846,Mark Gonzalez,Mechanical Engineering,3.76,20
1264,Christopher White,Civil Engineering,3.12,25
2538,Sarah Smith,Business Administration,3.92,21
2253,Jessica Gonzalez,Business Administration,3.28,25
3711,Susan Sanchez,Civil Engineering,3.71,25
3145,Sandra Miller,Chemistry,3.06,23
7967,Linda Rodriguez,Literature,2.3,19
5598,Charles Brown,Literature,3.08,19
3509,Susan Jones,Literature,3.08,25
2953,Elizabeth Anderson,Physics,3.61,24
5060,Susan Thompson,Physics,3.51,19
5940,Charles Brown,Economics,2.38,23
0298,Jennifer Gonzalez,Literature,2.51,23
8639,Charles Perez,Business Administration,3.22,19
8331,Joseph Wilson,Literature,3.16,18
6937,Thomas Sanchez,Mathematics,2.84,25
1531,David Jackson,Data Science,2.05,23
2093,Margaret Lee,Physics,3.47,21
5381,Betty Lewis,Psychology,3.18,24
6171,Jessica Johnson,Business Administration,2.61,22
5072,Betty Anderson,Chemistry,3.93,19
1388,William Johnson,Mathematics,3.61,25
2112,Sandra Johnson,Electrical Engineering,3.94,18
6421,Daniel Williams,Mathematics,2.74,22
5082,William Martin,Civil Engineering,2.07,23
5731,Joseph Sanchez,Mathematics,2.26,24
2317,Christopher Miller,Chemistry,2.52,22
1335,Sandra White,Biology,2.54,23
5461,Lisa Hernandez,Psychology,3.34,25
2463,Richard Clark,History,3.35,21
4128,Linda Clark,Mathematics,3.38,20
4655,James Thompson,Mathematics,2.05,23
6333,Michael Harris,Computer Science,3.37,20
1548,Jessica Robinson,Psychology,2.94,20
5401,Jessica Gonzalez,Economics,2.65,25
1079,Mary Thompson,Biology,3.16,22
5482,Anthony Ramirez,Electrical Engineering,3.47,24
0857,Anthony Gonzalez,Computer Science,2.47,24
5543,Betty Martin,Biology,2.06,20
6697,Matthew Anderson,Physics,3.36,22
6347,William Moore,Electrical Engineering,3.28,22
9061,Michael Thompson,Mathematics,2.09,25
6108,Karen Clark,Physics,3.6,24
5962,Barbara Davis,Chemistry,2.99,25
2600,Nancy Taylor,Civil Engineering,2.28,25
7199,Patricia Wilson,Civil Engineering,3.13,19
9159,Charles Brown,Physics,2.39,24
4059,Charles Hernandez,Computer Science,3.71,25
0641,Betty Garcia,Mathematics,3.21,23
2827,Mary Brown,Physics,3.21,23
8266,Susan Martin,Chemistry,3.06,25
1381,Karen Taylor,Electrical Engineering,2.42,25
5626,Nancy Johnson,Computer Science,3.05,21
1695,Michael Harris,Literature,3.5,18
9192,Robert Miller,History,2.96,21
1013,Jennifer Clark,Physics,3.15,20
9448,Matthew Harris,Civil Engineering,3.25,19
8214,Sarah Smith,Data Science,3.39,23
7792,Sandra Martin,Economics,2.24,20
5267,Charles Ramirez,Civil Engineering,2.84,22
3084,Mary Davis,Data Science,3.98,20
7368,Sarah Anderson,Economics,3.81,22
9348,Susan Robinson,Mathematics,3.18,19
7581,John Lee,Electrical Engineering,2.05,21
6299,Anthony Davis,Economics,3.63,18
8307,Barbara Martin,Physics,3.97,24
8907,Christopher Jackson,Civil Engineering,2.31,22
1257,Anthony Miller,Biology,3.35,25
4703,Barbara Lewis,Literature,3.35,22
6041,Mark Garcia,Biology,3.0,24
0932,Linda Thomas,Psychology,2.96,22
0616,Christopher Moore,Business Administration,3.56,18
7404,Lisa Davis,Computer Science,3.63,20
7565,Margaret Anderson,Chemistry,3.58,19
9508,Joseph Jackson,Mechanical Engineering,3.63,24
1215,Jennifer Lopez,Computer Science,3.9,23
8312,Barbara Miller,Electrical Engineering,2.85,20
5766,William Ramirez,Literature,3.31,22
0920,Nancy Harris,Psychology,3.02,25
4500,Robert Gonzalez,Biology,3.44,25
4961,Charles Lewis,Mechanical Engineering,3.47,22
9144,Margaret Martin,Data Science,3.6,24
7682,Joseph Garcia,Biology,2.98,22
1118,Jessica Sanchez,Biology,2.77,19
7205,Mary Martinez,Computer Science,2.89,20
2473,Karen Gonzalez,Literature,3.24,24
5179,David Garcia,Literature,3.5,19
5295,Lisa Hernandez,Chemistry,2.44,18
7354,Robert Smith,Civil Engineering,2.04,19
7601,Daniel Lewis,Computer Science,2.92,19
8095,Charles Williams,Electrical Engineering,3.19,22
2902,Linda Sanchez,Psychology,2.5,18
1234,Sandra Garcia,Physics,2.73,19
9854,Elizabeth Martin,Physics,2.44,23
2842,David Smith,Data Science,3.16,23
3232,Michael Lewis,Data Science,3.32,18
4193,Mark Brown,Psychology,2.65,22
2399,Barbara Gonzalez,Chemistry,3.69,19
9614,Anthony Davis,Chemistry,2.12,18
3871,Lisa Thompson,Psychology,2.13,25
2419,William Jackson,Mechanical Engineering,2.18,25
5752,Barbara Wilson,Computer Science,3.6,21
5724,James Garcia,Data Science,3.41,25
3176,Michael Anderson,Mechanical Engineering,2.47,25
8355,Betty Lee,Business Administration,2.09,18
1868,Patricia Perez,Civil Engineering,3.13,24
8363,Jennifer Williams,Literature,3.6,20
1251,Sandra Ramirez,Electrical Engineering,3.9,22
2754,James Smith,Physics,2.15,24
5456,David Rodriguez,Literature,3.38,24
9287,Sandra Gonzalez,Computer Science,2.34,23
5562,Margaret Williams,Civil Engineering,2.5,18
5083,Anthony Rodriguez,Literature,2.94,19
8950,Anthony Moore,Psychology,3.71,18
1288,Elizabeth Hernandez,Computer Science,2.17,23
8584,Lisa Davis,Data Science,3.42,23
6560,Karen Robinson,Literature,3.25,18
7138,Anthony Jones,Chemistry,2.81,21
9285,Betty Lewis,Psychology,3.72,25
1734,Jessica Martin,Physics,2.83,23
7155,William Robinson,Biology,3.69,23
1443,Richard Jones,Mathematics,2.94,18
5928,Anthony Rodriguez,Electrical Engineering,2.36,24
7538,Margaret Rodriguez,History,2.11,22
2815,Nancy White,Psychology,3.0,19
5321,Matthew White,History,2.98,22
0341,Mark Brown,Psychology,3.04,25
6636,Matthew Thomas,Data Science,3.59,22
1887,Sarah Moore,Literature,3.58,24
4743,Mary Lopez,Biology,2.04,19
6843,Charles Thomas,Business Administration,3.57,23
6626,Barbara Robinson,Chemistry,2.08,20
7033,Richard Thomas,Psychology,3.1,23
5129,Mark Johnson,Civil Engineering,2.54,22
1275,John Lewis,Civil Engineering,3.81,22
9334,Lisa Jones,Economics,3.95,22
0307,Matthew Jones,Psychology,2.81,18
7147,Thomas Moore,Computer Science,3.4,18
0693,John Hernandez,Literature,2.25,25
6505,Nancy Taylor,Business Administration,2.83,20
1180,Susan Taylor,Civil Engineering,3.76,25
5802,Mary Martinez,Electrical Engineering,2.51,24
8196,Lisa Jackson,Business Administration,3.01,22
8944,Robert Ramirez,Computer Science,2.89,24
6229,Nancy Moore,Data Science,2.88,18
2116,Mary Wilson,Biology,2.16,22
2878,Linda Wilson,Mathematics,3.15,20
7055,Nancy Robinson,Mechanical Engineering,3.19,25
8149,Richard Wilson,Psychology,2.21,18
0126,David Rodriguez,Data Science,3.73,19
1965,David Johnson,Computer Science,3.59,24
5375,James Williams,Psychology,3.66,25
4742,Barbara Harris,Data Science,3.42,18
4186,James Lewis,Chemistry,3.83,22
2248,Jennifer Taylor,Civil Engineering,3.95,23
3460,Joseph Wilson,Data Science,3.06,24
4938,Sandra Thomas,Chemistry,3.6,24
3349,Susan Thomas,Electrical Engineering,3.38,20
0125,Betty Clark,Electrical Engineering,3.11,21
0897,Elizabeth Jackson,Literature,2.23,21
6475,James Lee,Economics,3.59,19
3612,Barbara Garcia,Chemistry,3.9,23
0744,Karen Thomas,Biology,2.44,24
5053,Anthony Anderson,Civil Engineering,3.57,18
8633,Mark Taylor,Business Administration,3.15,20
7972,Nancy Harris,Computer Science,2.69,22
4640,Betty Martinez,Psychology,2.93,24
1816,Charles White,Literature,3.07,18
9524,John Garcia,Business Administration,3.55,23
5655,Matthew Gonzalez,History,2.26,21
1864,Susan Brown,Psychology,2.03,18
8394,Robert Lopez,Chemistry,3.65,18
3531,Betty Williams,Literature,2.81,20
4475,Daniel Johnson,Psychology,3.31,21
6785,Joseph Johnson,Mechanical Engineering,3.8,23
9107,Karen Lopez,Economics,2.21,19
7957,Richard Anderson,Physics,3.51,24
6947,Daniel Wilson,Electrical Engineering,3.97,24
7259,Mark Sanchez,Mathematics,3.08,24
4458,Sandra Ramirez,Psychology,2.39,18
1336,Robert Harris,Mathematics,2.49,24
0815,Thomas Thomas,Mechanical Engineering,3.85,18
9717,Karen Jones,Electrical Engineering,2.65,22
2549,Barbara Johnson,History,3.1,18
0861,Richard Martin,Civil Engineering,2.04,25
1391,Sarah Sanchez,Chemistry,3.64,25
8996,Sandra Brown,Literature,3.68,21
5105,Christopher Lewis,Civil Engineering,3.78,18
6062,Mary Lee,Computer Science,2.87,23
2578,Sarah Martinez,Biology,2.57,21
5585,Margaret Thompson,History,3.62,21
8874,James Harris,Computer Science,2.55,18
6878,Linda Thompson,History,2.63,24
6163,James Thompson,Biology,3.22,25
3524,Mark Johnson,Physics,2.55,21
8691,Jessica Lopez,Economics,3.59,22
1503,Elizabeth Anderson,Economics,3.96,23
0502,Lisa Moore,Literature,2.49,22
2324,Jessica Smith,Electrical Engineering,2.98,18
1140,Jennifer Ramirez,Chemistry,2.85,23
6566,Patricia Miller,Computer Science,3.37,18
2347,David Robinson,Business Administration,3.59,19
2972,Mark Martin,Biology,3.86,23
0100,Sandra Thomas,Mathematics,2.6,21
5751,Mark Moore,Biology,3.55,22
5567,Jennifer Thomas,Civil Engineering,2.05,20
5062,Thomas Garcia,Biology,2.65,18
4477,Joseph Garcia,Mathematics,2.63,20
2955,James Lopez,Psychology,2.28,23
9103,John Hernandez,Literature,2.74,18
4381,Patricia Miller,Mathematics,2.31,25
0430,John Williams,History,2.88,25
7030,Nancy Harris,History,2.69,23
3705,Patricia Miller,Literature,3.24,19
9583,Mark Taylor,Business Administration,2.53,18
1882,Barbara White,Data Science,3.64,19
6022,Robert Smith,Psychology,3.87,18
5736,Jessica Rodriguez,Business Administration,3.85,22
1773,Lisa Lopez,Data Science,2.66,21
3674,Michael Sanchez,History,2.31,24
7900,Daniel Martin,Electrical Engineering,3.57,24
2535,Sarah Jackson,Economics,2.53,21
3485,Thomas Anderson,Literature,3.22,18
8313,Charles Robinson,Electrical Engineering,3.35,20
9663,Margaret Miller,Economics,2.1,18
5761,Barbara Wilson,Mechanical Engineering,2.82,18
5119,Joseph Williams,Electrical Engineering,2.6,19
8971,Michael Thomas,Mechanical Engineering,3.22,22
0842,Karen Williams,Electrical Engineering,3.29,19
6929,Charles Davis,Physics,2.78,22
5793,Margaret Miller,Physics,2.59,24
9900,Barbara Perez,Psychology,2.39,22
2002,Mark White,Mathematics,3.39,22
5400,Barbara Wilson,Biology,3.52,23
0982,Mary Harris,Biology,3.17,19
2131,Sandra Martinez,Physics,3.4,19
6105,Sarah Anderson,Economics,3.1,25
1582,Mark Wilson,History,2.46,18
7075,Robert Miller,Computer Science,2.56,21
9089,Linda Clark,Mechanical Engineering,3.38,21
1398,Patricia Perez,Economics,2.77,20
9139,David Smith,Economics,3.45,20
1099,Jessica Smith,Civil Engineering,2.01,22
7770,Linda Harris,Literature,3.09,24
2500,Sandra Gonzalez,Physics,3.03,25
6132,Mary Sanchez,Chemistry,3.3,24
4176,Mary White,Electrical Engineering,2.93,25
8766,Lisa Taylor,Economics,2.84,24
6992,Michael Wilson,Biology,2.06,21
5120,Jessica Miller,Biology,2.12,20
1557,Michael Miller,Literature,2.09,25
6815,James Williams,Economics,3.59,20
6532,Elizabeth Anderson,Chemistry,2.1,25
7430,Barbara Brown,Biology,3.38,24
5553,Robert Brown,Computer Science,3.13,24
6779,Anthony Miller,Physics,2.92,20
3743,Thomas Lee,Business Administration,2.14,24
7398,Sarah Jackson,Physics,2.02,24
7046,Matthew Lewis,Physics,3.71,19
3522,Mark Robinson,Electrical Engineering,2.97,18
9370,Elizabeth White,Literature,2.33,20
1624,Sarah Perez,Civil Engineering,2.75,18
7048,Susan Moore,History,2.15,25
8282,Karen Jones,Electrical Engineering,3.26,19
9864,Nancy Martin,Economics,3.57,25
4831,James Miller,Data Science,2.08,18
8692,Thomas Miller,Civil Engineering,3.12,18
6240,Karen Moore,Literature,2.69,22
5327,William Robinson,Biology,3.97,18
4505,Anthony Sanchez,Civil Engineering,3.79,21
2067,Michael Rodriguez,Physics,3.8,23
1076,Sarah Gonzalez,Psychology,2.92,20
2430,Richard Johnson,Electrical Engineering,2.2,19
5277,Nancy Taylor,Psychology,2.06,24
1323,Lisa White,Physics,2.6,23
1204,Sandra Lee,Economics,3.77,25
7267,Christopher Perez,Civil Engineering,2.45,18
8032,Thomas Thomas,Psychology,3.11,21
1768,Joseph Taylor,Electrical Engineering,3.84,23
6984,Daniel Robinson,Literature,2.48,19
6580,Robert Wilson,Psychology,3.75,25
7847,James Martinez,Data Science,2.67,23
0996,Jessica Moore,Business Administration,2.2,25
0510,Michael Thompson,Data Science,2.57,20
7504,Patricia Clark,Chemistry,3.34,24
9351,Robert Rodriguez,Chemistry,3.19,22
8543,Lisa Rodriguez,Mechanical Engineering,2.39,19
0710,Jessica Moore,Electrical Engineering,2.9,18
3629,Barbara Lee,Literature,3.23,24
8254,Susan Jones,Computer Science,3.06,18
7405,Sandra Robinson,Chemistry,3.04,24
1786,William Lewis,Computer Science,3.53,23
8408,Joseph Anderson,Civil Engineering,2.81,24
5931,Robert Brown,Economics,3.23,25
7344,Thomas Perez,Mathematics,3.68,23
7802,Christopher Jones,Mathematics,3.81,22
1041,Robert Rodriguez,Mathematics,3.12,24
1862,Richard Anderson,Electrical Engineering,3.22,18
8619,Joseph Garcia,Electrical Engineering,3.97,24
6897,Jessica Martin,Civil Engineering,2.09,18
2076,Patricia Hernandez,History,2.52,21
0858,Thomas Garcia,Chemistry,3.43,21
4347,Sarah Wilson,Business Administration,3.08,21
2854,Linda Martin,Electrical Engineering,3.61,24
0258,Robert Jones,Mathematics,3.29,22
5304,Susan Lee,Biology,3.48,20
3898,Charles Wilson,Physics,3.97,18
5869,Linda Lopez,Physics,2.75,22
0243,Christopher Moore,Computer Science,3.12,22
2159,Michael Thomas,Business Administration,3.85,22
0422,Anthony Harris,Economics,2.32,20
1801,Jessica Davis,Business Administration,2.73,24
2858,Mary Johnson,Psychology,2.15,24
8940,Susan Ramirez,Civil Engineering,3.71,18
2129,Charles Sanchez,Physics,2.15,18
2370,Charles Robinson,Literature,2.17,18
4542,Karen Brown,Physics,2.78,23
0046,Elizabeth Hernandez,Civil Engineering,3.87,21
9491,Mary Johnson,Data Science,2.95,22
9756,Margaret Gonzalez,Electrical Engineering,3.31,25
3817,Lisa Martinez,Literature,3.52,20
3538,Betty Clark,Computer Science,3.82,23
3394,Jennifer Clark,Psychology,2.26,25
9380,Nancy Robinson,Literature,2.4,25
3362,Matthew Miller,Electrical Engineering,2.22,24
2063,Barbara Clark,History,3.8,19
3990,Mary White,Chemistry,2.12,24
9806,Matthew Robinson,Data Science,3.73,25
9754,John Miller,Business Administration,3.83,18
0349,Christopher Jones,Mathematics,2.07,18
9309,Susan Rodriguez,Electrical Engineering,2.3,25
1501,Susan Robinson,History,2.51,22
7450,Anthony Jackson,Business Administration,2.61,24
2001,David Jones,Physics,3.35,23
3109,Mary Ramirez,Mathematics,3.95,22
4520,Jessica Lewis,Chemistry,3.34,22
6523,John Williams,Physics,2.03,23
0992,Daniel Jackson,Mathematics,2.38,25
5876,David Lopez,Economics,3.28,25
6018,Sandra Hernandez,Economics,3.86,20
1627,Mary Rodriguez,Psychology,2.14,23
5942,Mark Hernandez,Electrical Engineering,3.92,20
3868,Matthew Davis,Computer Science,3.61,19
7285,Richard Robinson,Civil Engineering,3.46,18
7264,Sandra Perez,Mechanical Engineering,3.25,20
3559,Karen Thomas,Chemistry,3.41,22
6070,Christopher Harris,Civil Engineering,2.45,20
0536,Charles Thompson,Civil Engineering,2.69,25
4583,Thomas Wilson,Chemistry,3.39,22
6686,Mark Thompson,Computer Science,2.59,25
8017,Joseph Jones,Civil Engineering,3.27,24
1622,Lisa Rodriguez,Economics,2.96,21
9442,Nancy Harris,Civil Engineering,2.21,18
2531,Susan Anderson,Business Administration,3.8,19
6866,James Johnson,Economics,3.14,22
8850,Elizabeth Garcia,Economics,3.02,21
6078,John Gonzalez,Business Administration,2.52,19
7432,Robert Taylor,Electrical Engineering,2.85,23
6367,Karen Thomas,History,2.1,20
2222,Elizabeth Taylor,Economics,2.14,23
8807,Christopher Lopez,Chemistry,3.13,19
9008,Barbara Harris,Literature,3.66,22
1592,Linda Rodriguez,Business Administration,3.98,24
1902,Barbara Brown,Business Administration,2.29,21
8071,Elizabeth Miller,Civil Engineering,2.55,25
4986,Daniel Smith,Biology,3.54,24
0609,Margaret Lee,Mechanical Engineering,2.14,21
0742,Charles Hernandez,Economics,3.3,21
2290,David Robinson,Chemistry,3.08,22
1911,Margaret Hernandez,Economics,2.04,25
6689,Michael Thompson,Psychology,3.67,20
4951,Thomas Garcia,Data Science,3.27,19
7606,Jennifer Gonzalez,Civil Engineering,3.27,19
1035,Nancy Taylor,Data Science,2.64,22
3626,Matthew Thomas,Biology,3.01,21
5374,Matthew Anderson,Business Administration,3.94,18
0410,Jessica Johnson,Mathematics,3.71,25
7724,James Martin,Mathematics,3.89,18
3830,Christopher Gonzalez,Electrical Engineering,2.77,21
1775,Jennifer Anderson,Physics,2.36,22
6086,Daniel Perez,Literature,3.53,21
6242,Robert Wilson,Mathematics,2.91,18
4295,Matthew Thomas,Economics,3.05,22
6038,Lisa Thomas,Computer Science,2.96,21
9124,Joseph Martin,Biology,3.0,23
2024,Jennifer Thompson,Business Administration,2.38,24
8791,Anthony Clark,Mechanical Engineering,2.78,19
4332,Betty Taylor,Civil Engineering,2.72,22
0228,Patricia Ramirez,Business Administration,3.61,21
6464,Thomas Robinson,Mathematics,2.9,20
1479,Thomas Garcia,Physics,3.62,18
5992,Patricia Wilson,History,3.84,19
6511,David Martin,Psychology,3.15,20
3696,Jessica Robinson,Civil Engineering,2.89,25
2306,Patricia Lopez,Business Administration,2.66,21
1233,Michael Miller,Data Science,3.95,25
7673,Charles Harris,Mechanical Engineering,2.14,21
1886,Christopher Martinez,Literature,2.99,24
5549,Mark Williams,Economics,3.66,19
8930,Margaret Anderson,Physics,2.72,18
7894,Robert Brown,History,2.04,18
4210,Betty Johnson,Electrical Engineering,3.0,24
2695,Elizabeth Perez,Economics,3.54,23
4465,Mark Clark,Literature,3.04,25
8221,Mary Harris,Computer Science,2.7,20
8697,David Davis,Biology,3.79,18
5994,Margaret Lee,History,2.84,19
9384,Karen Thompson,Computer Science,2.66,21
2165,Mark Thomas,Literature,3.79,21
3289,Jennifer White,Biology,2.94,20
2877,Daniel Ramirez,Chemistry,2.57,24
9079,Matthew Garcia,Electrical Engineering,2.79,25
5352,David Miller,Data Science,2.15,23
4835,Jennifer Perez,Civil Engineering,3.52,21
1476,Sarah Thomas,Electrical Engineering,3.72,18
2153,Joseph Hernandez,Chemistry,3.21,19
9935,Elizabeth Ramirez,Business Administration,2.6,22
0546,Betty Sanchez,History,2.23,24
7222,Nancy Rodriguez,Mathematics,3.94,24
5061,Jennifer Lee,Civil Engineering,3.34,22
0645,James Jackson,Psychology,3.66,25
1591,Joseph Perez,Data Science,3.69,25
2240,Margaret Robinson,Mechanical Engineering,3.33,24
4106,Thomas Hernandez,Computer Science,3.29,18
3115,David Perez,Data Science,3.79,20
3588,Barbara Williams,Business Administration,3.82,18
5772,Michael Williams,Business Administration,3.06,25
9807,Robert Smith,Chemistry,2.71,19
4689,William Rodriguez,Literature,3.48,24
8138,Susan Robinson,Data Science,3.24,24
0803,Lisa Anderson,Business Administration,2.75,18
0132,John White,Mathematics,2.11,22
4497,Linda Rodriguez,Computer Science,3.54,18
9692,Jennifer Gonzalez,Business Administration,2.74,25
0359,Richard Thompson,Civil Engineering,2.92,24
4837,Margaret Lee,Literature,3.54,24
4847,Barbara White,Chemistry,3.76,20
9960,Charles Lee,Chemistry,2.96,22
6248,John Harris,Computer Science,2.68,24
3886,Thomas Hernandez,Economics,2.04,20
1747,Linda Davis,Computer Science,3.22,22
7916,Mark Ramirez,Physics,3.52,20
6302,Patricia Martinez,Psychology,2.97,18
3263,Margaret Wilson,Literature,2.2,24
4949,Anthony Hernandez,Mechanical Engineering,3.7,25
7484,Linda Clark,Literature,3.58,23
4097,Michael Harris,Literature,2.59,18
6951,Jessica Thompson,Biology,2.14,24
4901,Robert Jackson,Mechanical Engineering,2.12,24
5661,Patricia Lopez,Literature,2.11,19
7237,Margaret Clark,Computer Science,2.86,19
1210,Richard Martin,Computer Science,2.44,25
2588,Mary Hernandez,Economics,2.12,19
8955,Patricia Anderson,Business Administration,3.68,25
4712,Joseph Martin,Physics,3.35,19
7622,Karen Jackson,Civil Engineering,2.82,18
0153,Charles Robinson,Economics,2.77,18
4183,Sarah Anderson,Civil Engineering,3.23,19
7529,Margaret Jones,Electrical Engineering,3.21,21
4161,James Taylor,Business Administration,3.5,22
7555,Daniel Thomas,Chemistry,3.7,20
3804,William Harris,Mechanical Engineering,2.91,24
2344,Thomas White,Physics,3.08,24
8153,Jennifer Anderson,Civil Engineering,3.84,20
3945,Daniel Davis,Computer Science,3.75,18
9597,Charles Thompson,Chemistry,2.13,23
1293,William Thomas,Literature,2.67,23
2868,James Brown,History,3.99,21
2785,Richard Anderson,Literature,2.3,19
2950,John Clark,Mathematics,2.76,19
6751,William Smith,Biology,2.32,20
9476,Elizabeth Harris,Literature,2.81,19
4000,Christopher Davis,Chemistry,2.16,23
2385,Mary Jackson,Civil Engineering,3.34,20
7056,Nancy Sanchez,History,2.43,19
6141,Barbara Robinson,Economics,2.82,21
5873,Jessica Moore,Data Science,3.59,19
4806,Mark Lee,Literature,3.22,23
0919,Patricia Taylor,Psychology,2.15,21
5314,Richard Sanchez,Economics,3.61,18
0753,William Lewis,Chemistry,3.19,22
0474,Susan White,Civil Engineering,2.56,22
4906,Mary Harris,Mathematics,3.36,19
2725,David Brown,Economics,3.52,22
7269,Sandra Jones,Chemistry,3.12,19
1646,Margaret Thompson,Business Administration,3.95,20
9774,Susan Sanchez,Literature,3.07,18
7110,James Martin,Biology,3.69,24
1480,Nancy Johnson,Business Administration,2.85,19
9254,Mark Clark,Civil Engineering,2.62,19
4708,Susan Lewis,Business Administration,2.85,24
3846,Patricia Brown,Chemistry,3.52,20
1121,Anthony Martin,Civil Engineering,2.33,18
0588,Susan Lewis,Literature,2.94,18
8864,David White,Biology,3.49,23
7994,Sarah Jones,Civil Engineering,4.0,18
5188,William Martin,Business Administration,2.96,23
6226,Daniel Thomas,Electrical Engineering,2.57,18
8742,Mary Davis,Computer Science,2.39,23
5383,John White,History,3.04,24
1315,John Anderson,Mathematics,3.18,24
6512,Jennifer Harris,Electrical Engineering,3.37,22
5546,Christopher Robinson,Chemistry,2.84,19
9827,Karen Rodriguez,Economics,3.93,23
7692,Margaret Taylor,Mechanical Engineering,2.36,23
1225,John Martin,Economics,2.08,18
2529,Robert Ramirez,Literature,3.62,21
6717,Michael Rodriguez,Economics,3.67,20
2361,Joseph Robinson,History,2.97,25
0251,Mary Moore,Mathematics,3.15,20
7486,Susan Taylor,Electrical Engineering,2.47,23
8617,Lisa Lopez,Civil Engineering,2.4,22
1633,William Moore,History,2.36,21
7213,Thomas Lee,Computer Science,2.23,23
1644,Christopher Ramirez,Mathematics,2.95,22
5439,Matthew Brown,Business Administration,3.93,19
8229,Michael Martin,Biology,3.53,23
9242,Barbara Sanchez,Mechanical Engineering,2.31,21
0606,Jessica Lopez,Computer Science,3.01,21
8115,Karen Thomas,Mechanical Engineering,2.23,23
2492,Mark Garcia,Literature,2.64,21
6325,Robert Rodriguez,Mechanical Engineering,2.5,20
6246,Patricia White,Mechanical Engineering,3.14,25
9785,Betty Jackson,Physics,2.65,24
5213,Jennifer Moore,Computer Science,2.98,21
0715,Barbara Smith,Computer Science,2.84,22
6730,Margaret Thompson,Mathematics,3.54,18
3826,Mark Martinez,History,3.04,22
6274,Mary Thomas,Literature,3.36,20
3912,Thomas Gonzalez,Electrical Engineering,2.73,23
3090,Thomas Anderson,Psychology,2.36,21
5272,Margaret White,Psychology,2.9,24
7460,Mark Harris,Electrical Engineering,3.26,23
6180,Margaret Taylor,Chemistry,3.45,24
8903,James Taylor,Computer Science,2.73,20
9042,Anthony Perez,Electrical Engineering,2.84,21
5446,Sandra Thompson,Business Administration,2.17,24
5654,Joseph Lopez,Literature,2.04,19
7935,Barbara Miller,Literature,2.27,25
8824,Lisa Smith,History,2.43,22
7316,Matthew Brown,Literature,3.81,22
2434,Sandra Anderson,Chemistry,3.85,24
8022,Margaret Thompson,Biology,3.02,24
4891,Michael White,Chemistry,2.18,25
4634,Charles Jackson,Biology,2.95,18
0042,Margaret Sanchez,Psychology,3.94,23
4377,Linda Taylor,Electrical Engineering,3.08,19
8318,Betty Garcia,Psychology,2.3,21
5568,Nancy Ramirez,Economics,2.78,23
6798,Joseph Thompson,Psychology,2.73,21
9304,Matthew Lee,Chemistry,3.58,24
1143,William Sanchez,Civil Engineering,2.66,20
2236,Christopher Hernandez,Physics,2.31,20
8327,Robert Smith,Biology,3.93,21
3122,Betty Rodriguez,History,2.82,22
6284,Nancy Rodriguez,History,3.97,24
2369,Patricia Miller,Biology,2.11,19
9031,Sarah Perez,Physics,2.09,24
7483,Charles Jackson,History,3.3,22
3993,David Williams,Computer Science,3.9,21
7736,Thomas White,Electrical Engineering,3.23,19
7905,Richard Jones,Economics,3.03,24
6807,James Martinez,Psychology,2.37,23
4479,Daniel Thomas,History,3.6,18
8337,Linda Wilson,Business Administration,2.38,18
4781,Barbara Gonzalez,Economics,2.67,24
8165,Sandra Garcia,Mathematics,3.25,24
2522,Karen Martinez,Data Science,2.28,23
1924,Jennifer Moore,Biology,3.09,18
7560,Nancy Moore,Biology,3.52,24
1858,Matthew Smith,Biology,2.14,18
9848,Joseph Brown,Civil Engineering,3.19,20
1527,Sandra Miller,Psychology,2.8,21
6684,Matthew Wilson,Biology,2.06,23
9048,Sarah Perez,Biology,2.57,22
0224,Michael Sanchez,Literature,2.98,19
9024,Anthony Miller,Electrical Engineering,2.86,25
5091,Jessica Ramirez,Physics,2.42,21
2594,Matthew Williams,Psychology,3.17,18
3920,Betty Martinez,Mechanical Engineering,3.02,22
0472,Daniel Davis,Computer Science,3.54,25
1989,Charles Thomas,Mathematics,3.92,24
7941,Thomas Thompson,History,2.52,19
7178,Sarah Brown,Biology,3.52,18
4719,John Sanchez,Biology,3.7,25
2146,William Anderson,Electrical Engineering,3.2,21
8998,Patricia Brown,Electrical Engineering,3.93,23
4375,Karen Thompson,Chemistry,2.62,18
9652,Michael Johnson,Electrical Engineering,3.37,19
0845,Robert Williams,Chemistry,3.06,25
7242,Betty Harris,Computer Science,2.62,21
8167,Margaret Jones,Chemistry,3.71,19
5927,Margaret Williams,Biology,2.63,20
8494,James Wilson,Mechanical Engineering,2.05,22
3073,Patricia Gonzalez,Mathematics,2.26,25
0888,Jennifer Lewis,Physics,2.18,19
6770,James Jackson,Mathematics,2.45,18
7569,James Lewis,Literature,2.14,20
8889,Matthew Hernandez,Data Science,2.45,20
0018,Robert Miller,Biology,3.3,19
8431,Michael Perez,Chemistry,3.91,20
6622,James Ramirez,Economics,3.31,19
1899,Anthony Martin,Civil Engineering,2.01,22
5296,Richard Martin,Physics,2.16,21
4135,Anthony Gonzalez,Computer Science,3.87,25
5153,Robert Lewis,Chemistry,2.31,22
1442,Barbara Johnson,Psychology,3.43,18
7451,Susan White,Literature,3.79,23
0601,Linda Davis,Mechanical Engineering,2.72,19
9012,Richard Thompson,Electrical Engineering,2.84,23
6561,John Johnson,Civil Engineering,3.69,22
4722,Richard Brown,Chemistry,2.49,23
8117,Nancy Williams,History,3.46,23
6744,Patricia Miller,Mechanical Engineering,3.32,18
5403,Charles Gonzalez,Chemistry,2.41,20
2634,Elizabeth Smith,Chemistry,2.62,21
1713,David Jackson,Business Administration,3.36,24
5260,David Davis,Mechanical Engineering,3.13,21
5460,Betty Gonzalez,Mechanical Engineering,3.32,23
6690,Jessica Rodriguez,Mechanical Engineering,2.44,19
5700,Charles Hernandez,Literature,3.01,18
7700,James Sanchez,Biology,2.6,24
1494,Robert Perez,Physics,2.98,18
9226,John Thompson,Civil Engineering,2.86,21
7141,Christopher Brown,Civil Engineering,2.78,18
2973,Anthony Sanchez,Computer Science,2.45,22
9973,Matthew Lee,Mathematics,3.73,23
7245,Thomas Thompson,Business Administration,3.45,22
8502,Richard Ramirez,Psychology,2.58,20
7708,Mary Brown,Biology,2.21,18
2870,Robert Miller,Electrical Engineering,2.0,24
9379,Barbara Brown,Economics,3.04,18
4415,Richard White,Computer Science,3.69,19
0339,Margaret Thomas,History,2.7,25
9801,David Brown,Psychology,3.16,20
1496,Richard Clark,Chemistry,2.95,23
0423,Betty Smith,Civil Engineering,2.8,24
4102,Christopher Garcia,Business Administration,2.29,22
9323,Michael White,Economics,3.35,23
7078,Susan Moore,Psychology,3.74,25
9618,Betty Garcia,Computer Science,2.28,18
1317,William Ramirez,Biology,3.96,19
7172,Mark Smith,Literature,2.45,23
8090,Linda Martinez,Chemistry,2.75,22
8847,John Rodriguez,Civil Engineering,3.57,25
8199,Patricia Perez,Economics,3.87,22
4460,David Miller,Data Science,3.73,23
6594,Charles Lopez,Mathematics,2.03,18
4982,Mary Jones,Business Administration,3.23,18
7679,Susan White,Economics,2.7,25
2037,Michael Hernandez,Physics,3.82,22
7195,Robert Sanchez,Chemistry,3.38,22
4728,Michael Wilson,Business Administration,2.19,18
5039,Charles Taylor,Electrical Engineering,2.52,18
2718,Christopher Taylor,Data Science,2.53,24
0977,Nancy Martinez,Chemistry,2.08,21
9929,Susan Smith,Chemistry,2.59,25
2330,Mary Sanchez,Physics,2.03,20
4352,Barbara Garcia,Mathematics,2.65,21
2441,Nancy Perez,Data Science,2.38,19
3683,Joseph Wilson,Electrical Engineering,3.99,18
8922,Sandra Jackson,Mathematics,2.6,19
1880,Jessica Lopez,Civil Engineering,3.36,19
9488,Richard Davis,Chemistry,3.23,23
3241,Matthew Moore,Civil Engineering,3.11,19
4334,Joseph Miller,Economics,2.41,24
3824,Karen Lee,Data Science,2.05,20
1166,Betty Jackson,Physics,3.3,23
7438,Susan Brown,Electrical Engineering,3.62,24
4632,Elizabeth Gonzalez,Civil Engineering,3.44,25
4720,Richard Rodriguez,Chemistry,3.11,23
3792,Richard Garcia,Mathematics,3.8,22
0534,Sandra Lopez,Computer Science,3.49,19
4771,Christopher Ramirez,Civil Engineering,2.5,20
7699,Barbara Anderson,Computer Science,3.76,20
9211,Thomas Wilson,Data Science,2.02,23
6693,Christopher Hernandez,History,3.67,22
0043,Linda Taylor,Business Administration,3.72,23
2564,Nancy Hernandez,Electrical Engineering,2.02,20
1229,Sandra Perez,Literature,3.45,24
9043,David Clark,Economics,2.24,19
2847,Margaret Clark,Economics,3.58,18
3929,Matthew Lopez,Electrical Engineering,3.06,21
2573,Betty Martin,History,4.0,18
1330,Margaret Ramirez,Mathematics,2.39,24
4335,Jessica Davis,Computer Science,3.47,21
3457,Betty Johnson,Mechanical Engineering,3.12,22
3404,James Brown,Psychology,2.86,25
1625,Joseph Sanchez,Physics,3.18,19
0986,Charles Ramirez,Business Administration,2.25,18
5003,David Smith,Literature,2.98,19
7025,Charles Anderson,Computer Science,3.2,25
4871,Elizabeth Robinson,History,2.61,22
7253,James Ramirez,Physics,3.18,19
7381,Mark Martinez,Mechanical Engineering,3.02,24
9497,Jessica Miller,Biology,3.29,21
8561,Patricia Harris,Psychology,3.85,23
3697,Lisa Sanchez,Mathematics,2.83,24
6818,Karen Hernandez,Economics,3.83,20
9143,Charles Gonzalez,Electrical Engineering,3.47,21
1940,Jennifer Thompson,Chemistry,2.44,22
4066,Linda Thomas,History,2.09,19
1395,Charles Perez,Computer Science,2.65,24
9527,Matthew Hernandez,Business Administration,3.61,19
9221,Sandra Robinson,Civil Engineering,2.13,21
2444,Elizabeth Miller,Computer Science,3.79,24
2485,Thomas Lee,Literature,2.46,25
0878,Richard Sanchez,Psychology,3.09,24
1213,Mary Robinson,Mathematics,3.62,19
8056,Charles Brown,Chemistry,3.58,20
6565,Nancy Rodriguez,Electrical Engineering,3.73,24
1070,Lisa Davis,Chemistry,2.5,21
1869,Joseph Davis,Biology,2.09,21
7827,John Taylor,Civil Engineering,2.39,19
4136,Michael Lopez,Literature,3.35,19
0841,Betty Wilson,Psychology,3.12,24
3020,Patricia Williams,Data Science,3.48,22
5582,Joseph Gonzalez,Electrical Engineering,2.05,21
7216,William Anderson,Biology,2.96,21
7843,Lisa Lopez,Civil Engineering,2.24,23
7690,Sandra Lopez,History,3.87,22
4658,Joseph Lewis,Mechanical Engineering,2.13,19
0200,Matthew Gonzalez,Biology,3.07,20
1680,Richard Gonzalez,Mechanical Engineering,2.95,18
8042,James Moore,Literature,3.29,22
9372,Linda Moore,Mechanical Engineering,2.09,22
4786,Sarah Perez,Mathematics,2.95,19
9066,Richard Lopez,Physics,2.02,18
0893,Mark Perez,History,3.89,19
0745,Thomas Perez,Economics,2.08,20
4494,Elizabeth Martinez,Physics,3.61,20
2073,Sarah Taylor,History,2.34,19
9409,Joseph Miller,Civil Engineering,3.38,18
0231,Sandra Sanchez,Biology,2.92,24
4952,Anthony Miller,Data Science,2.52,21
2939,Daniel Williams,Biology,2.17,25
5912,Sandra Jones,History,2.3,21
3727,Thomas White,Computer Science,2.61,18
4853,Christopher Davis,Computer Science,3.55,21
3180,William Jackson,Data Science,3.31,24
1647,Elizabeth Thomas,Physics,2.51,20
4636,Lisa Thomas,Mechanical Engineering,3.12,24
8595,Sarah Sanchez,Data Science,2.41,21
4530,Sandra White,Chemistry,3.3,20
7933,Christopher Thomas,History,3.39,19
3545,Sarah Williams,Mathematics,2.69,21
3138,Nancy Jackson,Electrical Engineering,2.73,21
3033,Mary Robinson,Electrical Engineering,2.18,24
8779,Jessica Williams,Physics,2.1,21
1958,Linda Taylor,Civil Engineering,2.15,25
5169,Matthew Taylor,Chemistry,2.81,20
3155,Thomas Thomas,Civil Engineering,3.2,18
1976,Jessica Garcia,Physics,3.83,22
3777,Thomas Taylor,Data Science,2.01,18
4118,Linda Jackson,Data Science,2.83,19
5023,Jennifer Taylor,Biology,3.34,25
4438,Karen Lee,Mechanical Engineering,3.2,23
7434,Mark Lee,Economics,2.45,18
5764,Matthew Moore,Electrical Engineering,3.93,20
5419,Betty Anderson,Business Administration,3.91,19
9017,William Wilson,Economics,2.7,23
6971,Linda Clark,History,2.84,20
5632,Linda Harris,Electrical Engineering,2.09,20
8698,Christopher Martinez,Literature,3.02,19
9068,Margaret Perez,Data Science,2.68,20
7753,Linda Johnson,Literature,3.39,25
6046,Sarah Smith,Data Science,3.36,22
5016,Richard Thomas,Computer Science,3.99,22
3986,Daniel Williams,Literature,2.3,18
6625,William Martinez,Chemistry,2.21,20
3630,Mary Moore,Mechanical Engineering,3.51,20
4820,Elizabeth Moore,Chemistry,2.62,23
1524,Richard Garcia,Mechanical Engineering,3.63,24
0282,Daniel Williams,Chemistry,3.85,20
7342,Betty Anderson,Chemistry,3.94,18
8041,Daniel Wilson,History,2.38,23
7800,Christopher Williams,Psychology,2.48,18
3937,Susan Lopez,History,2.95,19
9096,Daniel Wilson,Economics,3.1,21
9649,Mark Wilson,Physics,3.86,21
9611,Nancy Davis,Chemistry,3.48,23
3954,Susan Harris,Data Science,3.81,22
1402,Barbara Davis,Mathematics,2.96,25
3130,Daniel Thomas,Biology,2.72,20
8464,Daniel Martin,Civil Engineering,3.93,21
0166,Susan Williams,Biology,3.95,21
9106,Joseph Martinez,Civil Engineering,3.08,20
4526,Michael Harris,Economics,3.77,24
4581,Mary Martinez,Electrical Engineering,2.54,23
5576,James Garcia,Mathematics,3.67,24
4232,Jessica Lee,Computer Science,2.31,25
5813,Betty Taylor,Electrical Engineering,3.24,19
3475,Sandra Gonzalez,History,2.22,18
7988,Linda Anderson,Psychology,2.82,20
2979,Charles Martinez,Computer Science,2.45,18
5325,Elizabeth Miller,Chemistry,2.51,20
8098,Susan Martin,Literature,3.1,18
0470,Thomas White,Physics,2.64,19
5511,James Taylor,Physics,3.55,19
9741,Karen Clark,Economics,2.93,18
7613,Margaret Thomas,Literature,3.45,21
3995,Karen Sanchez,Mechanical Engineering,3.36,21
7385,Robert Martin,Civil Engineering,2.06,25
4569,Betty Lopez,Economics,2.58,23
1419,Mark Johnson,Data Science,3.77,24
4022,Barbara Anderson,Mathematics,2.73,25
5280,Elizabeth Taylor,Physics,2.42,20
4397,Sarah Williams,Computer Science,3.37,25
7136,Nancy White,History,2.01,23
7616,Richard Johnson,Literature,3.78,23
7921,Jessica Miller,Biology,3.43,22
8817,Patricia Johnson,Economics,2.81,18
4425,Lisa Wilson,Physics,3.66,24
8548,Mark Sanchez,Business Administration,3.72,23
2885,Michael Williams,Chemistry,2.76,18
7135,Betty Thompson,Electrical Engineering,2.59,23
2506,Richard Martin,Chemistry,3.4,19
7532,Thomas Williams,Civil Engineering,2.43,24
5934,Margaret Martin,Chemistry,2.66,23
7102,Margaret Sanchez,Mathematics,2.53,18
1729,Richard Moore,Mechanical Engineering,2.54,20
8031,Susan Smith,Mathematics,2.39,20
6882,Anthony Lee,Civil Engineering,3.22,24
0207,Charles Gonzalez,Physics,3.45,19
5590,Thomas Anderson,History,2.64,18
8289,Elizabeth Brown,Civil Engineering,3.28,21
1129,Susan Davis,Civil Engineering,3.05,22
6071,David Brown,Electrical Engineering,3.6,24
7018,Patricia Robinson,Economics,3.76,25
8728,Karen Johnson,Literature,2.33,21
5688,Mark Smith,Economics,3.29,22
0672,Elizabeth Miller,Data Science,3.37,19
9272,Betty Miller,Civil Engineering,3.99,23
1983,David Clark,Chemistry,3.21,18
4941,Sandra Johnson,Chemistry,2.37,24
1669,Richard Sanchez,Literature,3.71,25
3978,Robert Davis,Computer Science,2.76,21
1245,Susan Lopez,Chemistry,3.73,21
3249,Joseph Thompson,Data Science,3.29,23
6498,Patricia Sanchez,Computer Science,2.57,21
6149,Richard Thomas,Chemistry,2.97,24
5111,Jessica Martin,Mathematics,3.61,21
0420,Lisa Jones,Psychology,3.9,22
9598,Margaret Martin,Physics,2.96,25
5096,John Jackson,Physics,2.94,23
2683,Matthew Anderson,Economics,3.96,20
9872,James Clark,Economics,2.61,22
2749,Nancy Smith,Electrical Engineering,3.08,22
6043,Mark Martinez,Mechanical Engineering,3.12,20
4198,Richard Clark,Economics,2.89,22
7619,Patricia Davis,Business Administration,2.78,25
3571,William Harris,Biology,3.04,24
9240,Karen Ramirez,Computer Science,3.04,25
1874,Thomas Wilson,Mechanical Engineering,3.13,19
7758,Elizabeth Brown,Biology,3.39,23
2068,Charles Johnson,Psychology,3.45,22
3908,Karen Johnson,Business Administration,2.56,22
2496,William Anderson,Civil Engineering,2.37,18
0333,Joseph Jones,Mathematics,2.6,23
3266,Lisa Jones,Chemistry,3.12,19
4051,Mary Martin,Mathematics,2.51,20
0508,Sarah Thomas,Civil Engineering,3.81,25
0659,David Williams,Literature,3.23,19
1124,Sandra Rodriguez,Physics,3.6,21
3673,Joseph Moore,Electrical Engineering,3.96,18
5733,Linda Hernandez,Physics,3.05,19
0853,Nancy Lewis,Computer Science,3.12,23
9851,Sarah Thomas,Chemistry,2.92,25
0317,Barbara Smith,Data Science,2.38,21
7705,Anthony Sanchez,Economics,3.26,23
1341,Richard Anderson,Literature,3.22,25
4133,Daniel Harris,Civil Engineering,3.55,24
6906,Anthony Davis,Data Science,3.53,25
4558,Matthew Thomas,Data Science,3.04,20
9397,Susan Wilson,Psychology,2.88,24
5529,John Gonzalez,Mechanical Engineering,3.59,24
5355,Michael Sanchez,Biology,2.24,18
7449,Michael Jones,Psychology,3.6,20
3467,Elizabeth Perez,Literature,3.23,24
5363,Elizabeth Smith,Economics,2.51,24
9534,Barbara Sanchez,Literature,2.55,25
4262,Joseph Smith,History,2.63,24
0823,Elizabeth Rodriguez,History,2.5,22
2977,Charles Lee,Mathematics,2.57,20
7564,Patricia Lee,Chemistry,2.76,18
2223,Mark Moore,Business Administration,2.06,19
7022,Daniel Garcia,Literature,3.06,21
1375,Mark Rodriguez,Biology,2.33,18
0444,Sandra Smith,History,3.35,20
9246,Anthony Smith,Mathematics,2.49,24
6455,David Smith,Civil Engineering,3.27,24
0441,Thomas Wilson,Economics,2.84,18
9927,Mary Robinson,Data Science,3.2,21
2091,Michael Williams,History,3.81,20
7657,Betty Martinez,Computer Science,3.9,19
2704,Sandra Hernandez,Business Administration,2.91,22
6624,Daniel Sanchez,Electrical Engineering,2.92,24
5507,Margaret Williams,Business Administration,3.62,25
6371,Joseph Clark,Psychology,3.91,21
0475,Betty Davis,Mechanical Engineering,2.48,23
9747,Susan Clark,Economics,2.62,20
7140,James Williams,Biology,2.54,23
4471,Joseph Gonzalez,Physics,2.17,20
3595,Mark Jackson,Literature,3.66,23
7999,Mary White,Physics,2.56,18
3613,Michael Williams,Biology,2.61,25
8947,Mark Davis,Business Administration,2.36,24
8818,Barbara Clark,Electrical Engineering,2.42,24
6865,Barbara Thompson,Mathematics,2.56,19
6389,Robert Clark,Business Administration,3.6,21
4892,Matthew Harris,Biology,2.56,24
5763,Joseph Perez,Electrical Engineering,2.87,22
0096,Nancy Johnson,Data Science,3.75,20
7814,Daniel Taylor,Economics,2.23,22
6232,Nancy Miller,Literature,2.67,21
0320,David Lewis,Literature,3.28,20
6381,David Lee,Psychology,3.93,24
6883,Robert Clark,Biology,3.34,24
3388,Betty White,Business Administration,2.0,19
1020,Anthony Harris,Mechanical Engineering,3.56,22
6812,Daniel Anderson,History,2.67,19
7633,Linda White,History,2.51,18
8890,Joseph Perez,Civil Engineering,3.24,23
5421,James Lopez,Psychology,3.75,20
6678,Nancy Rodriguez,Computer Science,3.52,23
6797,Matthew Rodriguez,Physics,3.42,19
1052,Robert Johnson,Physics,3.23,24
3505,Patricia Brown,Economics,3.89,23
2503,Matthew Jackson,Chemistry,2.44,25
6275,Robert Hernandez,Mechanical Engineering,3.58,21
3788,Patricia Hernandez,Biology,2.55,22
2471,Linda Harris,Economics,3.57,22
2267,Mark Clark,History,2.26,18
1320,Daniel Hernandez,Civil Engineering,3.35,18
8849,Charles Garcia,History,3.82,21
5238,Patricia Jackson,Mathematics,3.87,18
5502,Jessica Moore,Chemistry,2.49,23
4451,Nancy Miller,Economics,2.05,18
3841,Linda Harris,Civil Engineering,3.27,21
4681,Jennifer White,Economics,2.32,24
1269,Robert Smith,Mathematics,3.36,23
7206,Daniel Lopez,Psychology,3.99,20
4499,Mark Taylor,Civil Engineering,3.21,23
3919,Richard Sanchez,Mathematics,3.47,25
7939,Sarah Thompson,Mechanical Engineering,3.67,21
8540,Karen Davis,Economics,3.16,22
4543,Michael Williams,Computer Science,3.16,23
4050,John Moore,Biology,3.02,25
4246,Sarah Anderson,Biology,3.84,18
7373,Nancy Ramirez,Economics,2.68,20
7777,Lisa Ramirez,Literature,3.02,25
2607,Thomas Miller,Computer Science,3.36,19
7305,Sarah Martin,Biology,2.86,23
8976,Christopher Lee,Economics,3.71,22
6991,Richard Harris,History,3.27,18
8270,Anthony Anderson,History,2.58,24
7251,Jennifer Perez,Mathematics,3.36,24
5198,Christopher Anderson,Computer Science,3.79,20
9157,Joseph Brown,Biology,3.61,25
8702,Barbara Taylor,Chemistry,3.65,18
7612,Betty Jackson,Biology,3.74,20
2184,Mary Thomas,Mathematics,3.77,20
7478,Mary Rodriguez,Physics,3.59,18
1988,Mark Anderson,Civil Engineering,2.42,18
4082,Christopher Gonzalez,Literature,2.52,22
9132,Jessica Thomas,Mechanical Engineering,3.23,18
0822,Robert Martinez,Business Administration,3.59,22
7611,James Perez,Chemistry,2.47,19
8486,Charles Thomas,Data Science,3.82,18
2881,Patricia Williams,Electrical Engineering,2.12,21
3585,Matthew Gonzalez,Chemistry,3.82,19
6965,Lisa Gonzalez,Economics,3.61,22
1746,Sandra Jones,Physics,2.17,24
0090,Susan Perez,Physics,2.55,19
2417,James Thomas,Psychology,3.15,23
3997,Jennifer Anderson,Mathematics,2.84,20
6547,Daniel Thompson,Computer Science,3.09,19
8099,Nancy Lewis,History,3.5,18
6291,Christopher Smith,Data Science,3.47,19
3185,Christopher Ramirez,Biology,2.44,19
9431,David Garcia,Economics,3.87,18
6790,Anthony Thomas,Civil Engineering,2.14,24
7461,Mark Gonzalez,Psychology,3.39,21
1193,Mary Moore,Physics,2.05,22
7784,Robert Moore,Literature,3.33,19
4011,Richard Thomas,Electrical Engineering,2.42,22
0757,Richard Clark,Psychology,2.5,22
0400,Jessica Brown,Computer Science,2.76,24
2414,Mary Wilson,Chemistry,3.92,21
3262,Jessica Robinson,Chemistry,3.06,20
3680,John Rodriguez,Data Science,3.09,18
5085,Mary Anderson,Electrical Engineering,3.61,18
3848,Thomas Perez,Civil Engineering,2.94,18
1530,Lisa Brown,Business Administration,2.19,18
5491,Lisa Lopez,History,2.78,25
8445,Christopher Ramirez,Business Administration,2.86,23
4649,Sarah Lee,Mathematics,2.91,23
1389,Joseph Jackson,Computer Science,3.77,21
2780,Richard Lee,Chemistry,3.74,23
7752,Christopher Jackson,History,3.46,22
8375,Matthew Thomas,Economics,3.95,18
3501,Anthony Jackson,History,3.24,21
7244,Lisa Clark,Chemistry,3.06,24
7238,David Garcia,Mechanical Engineering,3.54,18
7618,Elizabeth Hernandez,Literature,2.43,22
5279,Mark Miller,Computer Science,2.53,20
9502,James Sanchez,Chemistry,3.7,18
7043,James Jones,Physics,3.91,25
3443,Barbara Hernandez,Civil Engineering,2.89,21
4700,Betty Thompson,History,3.23,22
4978,Betty Thompson,Data Science,3.9,21
0006,Thomas Jones,Mathematics,2.16,25
8977,Margaret Clark,Electrical Engineering,3.64,21
6653,Mary Miller,Literature,3.62,20
4930,John Thomas,History,3.92,24
9324,Linda Perez,Mechanical Engineering,3.73,18
2851,Betty White,Civil Engineering,3.11,18
6211,Sarah Lewis,Psychology,3.03,24
6888,Mark Thompson,Data Science,2.21,23
3143,Thomas Smith,Civil Engineering,2.61,21
2085,Mary Gonzalez,Mathematics,3.36,25
9083,Sandra Thomas,Electrical Engineering,2.19,20
4844,Joseph Brown,Psychology,2.81,19
6592,James Jackson,Biology,3.8,25
5344,Susan Lewis,Physics,3.95,23
6691,Robert Williams,Mathematics,2.3,24
5067,Jessica Miller,Literature,3.31,19
8308,John Smith,Chemistry,3.53,24
4920,Sarah Wilson,Biology,3.29,22
2041,Susan White,Literature,2.61,22
5143,Jessica Lewis,Mechanical Engineering,2.7,22
5409,Susan Moore,Economics,2.67,25
1146,Elizabeth Garcia,Mathematics,2.34,25
7066,Joseph Robinson,Physics,3.08,25
5967,Daniel Thomas,History,3.51,23
3228,John Gonzalez,Business Administration,3.8,18
8821,Linda White,Electrical Engineering,3.95,21
8518,Nancy Thomas,Psychology,3.66,19
0027,William Perez,Psychology,2.03,23
7144,Daniel Lee,Computer Science,3.36,19
0727,Barbara Lee,History,2.2,24
4173,Lisa Perez,Business Administration,3.47,20
3114,Linda Johnson,Business Administration,2.61,25
9446,Robert Hernandez,Psychology,3.18,19
6311,Daniel Williams,Mathematics,3.28,23
1894,Nancy Perez,Business Administration,3.72,21
8379,Betty Harris,Biology,3.55,19
7149,Richard Jones,History,3.98,18
5139,Susan Garcia,Biology,3.47,19
5663,David White,Psychology,3.46,24
7119,Mary Perez,Literature,3.58,21
1776,James Robinson,Economics,3.07,23
0626,John Lee,Biology,2.43,21
4349,William Clark,Economics,2.41,21
9512,David Wilson,Biology,2.12,25
2925,Joseph Martin,Business Administration,3.84,21
4279,Elizabeth Thomas,Electrical Engineering,2.59,22
1889,Patricia Thompson,Physics,2.93,20
0452,Patricia Sanchez,Biology,2.98,22
5425,Linda Smith,Economics,2.81,25
9954,Elizabeth Jones,Economics,3.28,20
6548,Richard Taylor,Mechanical Engineering,3.46,25
8346,James Martin,Psychology,3.9,20
5753,Charles Ramirez,Mathematics,2.21,20
4573,Sarah Thompson,Economics,2.08,22
1137,Barbara Rodriguez,Biology,3.58,24
4564,Robert Anderson,Chemistry,3.81,21
5378,Patricia Ramirez,Electrical Engineering,2.68,19
6528,Robert Perez,History,3.9,25
3164,Richard Gonzalez,Mechanical Engineering,2.53,22
0387,Betty Brown,Economics,2.88,22
3652,William Robinson,Chemistry,2.85,20
3728,Margaret Harris,Electrical Engineering,2.61,24
5000,Thomas Sanchez,Mathematics,3.88,19
5728,Susan Jackson,Electrical Engineering,2.13,23
7541,John Anderson,Data Science,2.5,20
3269,Christopher Moore,Civil Engineering,2.66,25
3644,James Thompson,Business Administration,3.67,18
7711,Christopher Smith,Mathematics,3.61,25
0634,William Perez,Mathematics,3.42,18
6267,Jessica Wilson,Physics,2.62,25
1771,Thomas Martinez,Data Science,2.45,21
2608,Patricia Garcia,Chemistry,2.87,25
9870,Sarah Harris,Mechanical Engineering,2.39,22
4065,Sarah Garcia,Business Administration,3.83,20
6745,Sandra Rodriguez,Mathematics,2.25,19
5442,Richard Ramirez,Computer Science,3.33,23
2938,Betty Davis,Civil Engineering,2.22,24
0406,Daniel Clark,Mathematics,2.62,19
6755,Betty Rodriguez,Data Science,2.21,19
2900,Mary Lee,Data Science,2.59,25
2662,Margaret Davis,Economics,3.28,19
3878,Christopher Garcia,Literature,3.15,21
2532,Betty Hernandez,Biology,2.5,18
9748,Nancy Brown,Electrical Engineering,2.92,19
9173,Robert Lewis,Chemistry,3.96,19
5794,Sandra Hernandez,Physics,3.29,23
1684,Michael Clark,Literature,3.2,19
4088,Nancy Anderson,Civil Engineering,2.54,22
3441,James Robinson,Biology,2.0,21
5862,James Sanchez,History,3.94,20
0653,Jennifer Jackson,Business Administration,2.09,24
5974,William Clark,Data Science,3.21,24
5050,David Moore,Psychology,2.59,20
0685,Daniel Jackson,Mechanical Engineering,2.93,22
2088,David Jones,Literature,2.83,23
7041,Sarah Anderson,Electrical Engineering,3.05,20
2426,Linda Moore,Physics,2.64,20
9052,Susan Johnson,Computer Science,3.11,23
9543,Charles Moore,Computer Science,3.34,19
6049,Margaret Taylor,History,3.1,18
0590,James Thompson,Mechanical Engineering,2.0,23
8938,Sandra Miller,Chemistry,3.08,24
2442,Margaret Taylor,Psychology,2.96,20
1232,Betty White,Business Administration,3.69,20
9844,Mary Robinson,History,4.0,18
0158,Joseph Williams,Computer Science,3.97,19
9189,Mark Harris,Physics,3.14,20
7007,Jennifer Miller,Literature,3.42,25
9038,Richard Lee,Physics,2.33,23
7239,William Williams,Mathematics,3.7,19
2647,Charles Moore,Computer Science,2.89,20
4291,Joseph White,Electrical Engineering,3.24,20
2143,Anthony Clark,Psychology,3.19,20
5464,Nancy Moore,Physics,2.43,21
0058,Elizabeth Jackson,Electrical Engineering,3.41,24
0722,Michael Moore,Economics,3.54,25
4533,Christopher Lee,Civil Engineering,3.23,23
9778,Karen Williams,Computer Science,3.22,21
1512,Linda Lopez,Mathematics,3.7,23
0832,Joseph Ramirez,Electrical Engineering,3.78,21
4114,William Gonzalez,Business Administration,2.43,19
8004,Mark Wilson,Data Science,3.33,18
8280,Barbara Hernandez,Biology,2.98,21
4325,James Thompson,Business Administration,2.3,24
3335,John Rodriguez,Psychology,3.17,18
5617,Betty Lewis,Business Administration,3.72,22
3450,John Wilson,Chemistry,3.13,20
4616,Christopher Johnson,Electrical Engineering,2.93,19
4462,William Hernandez,Literature,2.53,19
2546,Betty Williams,Biology,3.9,19
9874,Jessica Lee,Electrical Engineering,3.03,23
1753,Betty Taylor,Civil Engineering,3.07,25
1891,William Jackson,Civil Engineering,2.09,18
9957,Charles Ramirez,Electrical Engineering,2.84,24
2200,Barbara White,Biology,3.68,25
1697,Nancy Garcia,Computer Science,3.66,18
4905,Barbara Anderson,History,2.04,25
9086,Elizabeth Ramirez,Mechanical Engineering,3.93,23
0128,Joseph Hernandez,Business Administration,2.29,20
8666,David Lopez,Literature,3.81,23
4956,Margaret Lee,Physics,3.0,22
8900,Susan Clark,Economics,3.46,18
7179,Patricia Hernandez,Psychology,3.31,19
2584,Robert Harris,Mechanical Engineering,2.76,20
4669,William Thompson,Electrical Engineering,2.59,22
6054,Betty Thomas,Business Administration,2.07,20
4002,Sandra Lopez,Data Science,3.14,18
1127,Richard Lewis,Business Administration,2.9,20
5718,Elizabeth Thompson,Civil Engineering,3.56,18
2170,Karen Lopez,History,3.92,25
9738,Mark Garcia,Literature,2.57,25
8288,Jessica Martinez,Chemistry,2.77,18
3492,Nancy Moore,Mechanical Engineering,2.67,20
8808,Nancy Moore,Economics,2.06,19
1200,Margaret Sanchez,Business Administration,2.11,24
1638,Linda Rodriguez,Business Administration,2.92,19
9224,Thomas Smith,Literature,2.53,20
7508,Mary Perez,Electrical Engineering,2.31,18
0152,David Harris,Literature,3.13,23
1188,Joseph Davis,Mechanical Engineering,3.97,24
5180,Sarah Harris,Business Administration,3.5,25
7491,Richard Lopez,Chemistry,2.72,23
4915,Barbara Jones,Mathematics,3.02,23
2144,Richard Lewis,Biology,2.72,24
6484,Matthew Gonzalez,Civil Engineering,3.97,25
4351,Thomas Garcia,Business Administration,2.8,25
3910,Patricia Davis,Computer Science,2.1,20
5147,David Lopez,Civil Engineering,2.81,22
3346,David Ramirez,Mechanical Engineering,2.48,25
4272,Karen Taylor,Mathematics,2.27,22
5183,Christopher Lee,Biology,2.57,25
8565,James Martinez,Literature,2.24,22
9260,Barbara Johnson,Mathematics,3.33,24
9562,Michael Harris,Mechanical Engineering,2.96,24
6868,Karen Robinson,Mathematics,3.3,19
1343,Thomas Brown,Economics,2.79,19
0651,Michael Moore,Business Administration,2.88,23
9485,Christopher Martin,Mathematics,2.65,22
4033,Jennifer Garcia,Economics,3.05,19
9333,Nancy Miller,Mechanical Engineering,3.77,20
1964,Elizabeth Williams,Economics,3.34,25
6615,Margaret Lewis,Chemistry,3.44,19
3853,Thomas Smith,Literature,2.22,24
1113,Joseph Thompson,History,2.92,21
1122,Richard Johnson,Literature,2.53,18
3044,Margaret Jackson,Biology,2.66,20
1312,Joseph Brown,Civil Engineering,2.45,24
8320,Charles Harris,Civil Engineering,2.94,21
0931,Christopher Martinez,History,2.96,21
2579,Daniel Taylor,Physics,2.16,19
8701,Daniel Robinson,Biology,3.33,25
8238,Richard Martinez,Psychology,2.63,18
7811,Sarah Martinez,Mechanical Engineering,2.16,24
9571,Christopher Hernandez,Electrical Engineering,3.45,25
0821,Anthony Jackson,Psychology,2.07,18
0936,Margaret Hernandez,Mechanical Engineering,3.33,20
5138,Susan Smith,Mathematics,2.64,25
0998,Elizabeth Johnson,Electrical Engineering,3.81,22
8883,Sandra Hernandez,Economics,2.73,25
9489,Susan Jackson,Mathematics,2.75,19
0958,Christopher Garcia,Physics,3.03,21
3566,Mary Thomas,Biology,2.48,21
4861,Patricia Sanchez,Biology,3.39,21
3111,Barbara Jackson,Civil Engineering,2.22,21
2536,Matthew White,Civil Engineering,2.66,20
7973,Michael Garcia,History,2.74,18
9105,Lisa Garcia,Civil Engineering,2.7,25
6930,John Robinson,Data Science,3.53,20
4673,Betty Thompson,Chemistry,2.54,21
7454,David Brown,History,2.57,20
4345,Thomas Clark,Physics,2.4,25
6396,Daniel Johnson,Electrical Engineering,2.41,25
0035,William Lee,Computer Science,2.26,19
6209,Mary Gonzalez,Computer Science,3.56,25
2697,Richard Davis,Literature,2.59,21
0960,Michael Rodriguez,Business Administration,2.83,20
6570,Christopher Lewis,Psychology,2.75,21
3502,Linda White,Mathematics,2.8,19
7886,Daniel Gonzalez,Business Administration,2.36,25
7956,Mary Sanchez,Electrical Engineering,2.66,19
6658,Barbara White,Psychology,3.75,22
2724,Nancy Lee,Psychology,2.46,23
3872,Margaret Ramirez,Data Science,2.95,21
1528,Nancy Gonzalez,Biology,2.73,22
0241,Lisa White,History,3.32,23
8856,Jennifer Gonzalez,Computer Science,3.27,20
0828,Anthony White,Mechanical Engineering,2.67,25
1604,Robert Lewis,Electrical Engineering,2.51,23
9016,Sandra White,Mathematics,3.61,21
7260,Mary Harris,Physics,3.79,19
1235,Linda Martin,Computer Science,2.01,23
4092,Christopher Taylor,Economics,2.27,23
7579,Margaret Lee,Electrical Engineering,2.39,18
4563,Thomas Thomas,Computer Science,3.5,24
3006,Sarah Sanchez,Business Administration,2.45,23
9989,Barbara Lopez,Physics,2.48,23
2296,Charles Moore,Data Science,3.05,20
7350,Sarah Rodriguez,Mechanical Engineering,3.23,25
8786,Elizabeth Taylor,History,2.78,18
3116,Mary Ramirez,Mathematics,3.43,25
3139,Daniel Miller,Literature,3.73,21
4073,Sandra Taylor,Computer Science,2.92,20
1790,Richard Lee,Physics,2.0,22
5559,James Martinez,Civil Engineering,2.91,23
6596,James Brown,Chemistry,3.61,18
0993,David Wilson,Business Administration,3.68,23
1612,Betty Hernandez,Biology,3.19,18
0887,Christopher Gonzalez,Mathematics,3.07,24
7651,Margaret Jackson,Chemistry,3.73,20
6735,Jennifer Miller,Electrical Engineering,2.58,18
6939,William Davis,Computer Science,2.12,21
5804,Daniel Williams,Economics,2.21,18
7062,Anthony Wilson,Literature,3.13,19
1588,Lisa Ramirez,Mechanical Engineering,2.76,21
1545,David Jackson,Data Science,3.52,19
3119,Margaret Martinez,Psychology,2.29,18
6669,Anthony Jones,Biology,2.8,20
7749,Anthony Jones,Mechanical Engineering,2.32,24
3981,Nancy Ramirez,History,2.24,18
7744,Daniel Harris,Electrical Engineering,3.27,23
9440,Elizabeth Jones,Electrical Engineering,2.52,20
9355,Jennifer Martinez,Mechanical Engineering,2.04,21
2167,Daniel Jones,History,3.4,18
8834,James Brown,Mechanical Engineering,2.26,20
3510,Sarah Perez,Business Administration,2.32,21
7953,David Johnson,Business Administration,3.17,25
4562,Charles Brown,Psychology,3.86,23
3899,Linda Harris,Electrical Engineering,3.21,24
8423,Patricia Lee,Chemistry,3.99,20
1160,Charles Rodriguez,Psychology,3.39,22
5413,Susan White,Chemistry,3.6,22
0514,Mary Lewis,History,3.07,25
1104,Joseph Jackson,Mathematics,2.43,19
3750,Mark Rodriguez,Computer Science,3.1,18
0964,Christopher Anderson,Computer Science,3.19,24
1163,Linda Lewis,Mechanical Engineering,2.75,20
0117,Jessica Miller,Data Science,3.44,23
3608,Susan Thomas,Literature,3.45,24
9641,John Thomas,Psychology,3.87,21
3770,Susan Garcia,Economics,2.29,23
9075,Betty Martin,Business Administration,3.09,25
9638,Daniel Anderson,Literature,2.91,20
0344,Daniel Martinez,Mechanical Engineering,3.89,20
5539,John Rodriguez,Physics,2.33,20
1049,Jennifer Garcia,Electrical Engineering,3.89,21
3681,Michael Taylor,Psychology,3.57,21
4061,Thomas Robinson,Mathematics,2.35,20
1982,Michael Hernandez,Economics,3.99,24
7397,Robert Thomas,Business Administration,2.05,22
8479,Sandra Clark,Literature,2.08,19
7177,William Martinez,Data Science,2.34,23
6118,Sandra Garcia,Electrical Engineering,3.18,20
6537,William Sanchez,Mathematics,2.78,18
5107,Thomas Perez,Literature,3.29,21
3295,Charles Thompson,Mechanical Engineering,3.81,23
8835,Mary Rodriguez,Physics,3.82,21
3470,Michael Lee,Chemistry,2.56,23
6932,Sandra Miller,Literature,2.68,21
8645,Michael Thompson,Biology,2.89,23
4342,Betty Martin,Data Science,3.46,18
2705,David Davis,History,2.06,22
9007,David Moore,Chemistry,2.72,23
7787,Mary Taylor,Psychology,3.98,23
2103,Betty Robinson,Chemistry,2.26,20
2060,Lisa Thompson,Business Administration,2.38,18
8727,Jessica Smith,Biology,2.84,19
1133,Sarah Wilson,Economics,3.63,22
7962,Richard Perez,Chemistry,2.57,23
1403,Jennifer White,Economics,2.2,21
1290,Lisa Lopez,Business Administration,2.76,23
9295,Mary Moore,Business Administration,3.54,20
3946,Nancy Clark,Electrical Engineering,2.92,18
0949,Lisa Garcia,Mathematics,3.64,23
3923,Betty Sanchez,Business Administration,3.34,22
5038,Mark Lee,Data Science,3.59,18
5947,Mark Harris,Literature,2.74,24
1832,Jennifer Lee,Civil Engineering,3.96,20
0319,Susan Perez,Physics,2.89,18
8005,Betty Lee,Economics,3.65,18
5310,Lisa Hernandez,Economics,2.8,25
9813,Mary Davis,Mechanical Engineering,2.85,22
0009,Jennifer Clark,Civil Engineering,3.68,23
8689,Matthew Miller,Psychology,2.31,24
8837,David Rodriguez,Literature,3.45,21
2646,Robert Wilson,Business Administration,2.13,21
6126,Elizabeth Ramirez,Computer Science,3.39,21
9885,Jessica Williams,Mathematics,2.3,22
3258,Michael Sanchez,Data Science,2.09,19
9859,David Perez,Literature,3.87,21
4889,Christopher Robinson,Computer Science,3.24,23
1743,Linda White,Data Science,3.49,20
8317,Jennifer Lopez,Electrical Engineering,3.48,24
2927,William Jackson,Chemistry,2.56,25
8201,Mary Wilson,Chemistry,3.3,24
4315,Elizabeth Martinez,Electrical Engineering,3.01,21
0053,Mary Anderson,Business Administration,3.47,25
7433,Thomas Williams,Psychology,2.08,19
2591,Lisa Johnson,Data Science,2.27,22
7123,Thomas Harris,Computer Science,2.74,22
4808,Robert Brown,Data Science,3.48,25
1827,Elizabeth Thompson,Economics,3.31,18
5573,William Rodriguez,Economics,2.14,18
4371,Nancy Harris,Psychology,2.12,20
8797,Daniel Miller,Psychology,2.14,22
1876,Sandra Jackson,Electrical Engineering,4.0,22
0188,Charles Martin,Mechanical Engineering,2.03,24
9064,Elizabeth Johnson,Civil Engineering,2.17,19
4119,Mary Anderson,Computer Science,3.34,22
8669,Nancy Miller,Data Science,2.06,23
7668,Barbara Sanchez,Computer Science,2.43,23
9763,Lisa Taylor,Biology,2.91,23
6252,Mary Gonzalez,Physics,2.03,24
6304,Joseph Sanchez,Mathematics,3.29,22
1040,Patricia Rodriguez,Biology,2.46,19
9771,David Gonzalez,Computer Science,3.13,19
6916,William White,Electrical Engineering,3.86,25
2621,Mary Perez,Electrical Engineering,2.13,21
2504,Sarah Gonzalez,Data Science,2.21,23
1796,Patricia Brown,Data Science,3.81,24
0771,Jennifer Ramirez,Psychology,2.94,19
1489,William Miller,History,2.74,21
8085,William Brown,Computer Science,2.79,24
8348,David Smith,Business Administration,2.51,25
2266,Jennifer Hernandez,Mathematics,2.43,18
3593,Jessica Miller,Chemistry,3.79,20
5930,Robert Smith,Chemistry,2.29,18
6543,Sarah Lee,Civil Engineering,2.64,20
9560,Elizabeth Robinson,Computer Science,3.1,24
7019,Lisa Sanchez,Computer Science,3.48,24
9577,Nancy Jackson,Electrical Engineering,2.64,21
4304,Anthony Davis,Physics,2.08,18
8830,Sandra Robinson,Economics,3.47,21
9197,Betty Williams,Literature,3.74,19
4040,Matthew Thompson,Literature,2.54,18
2287,James Sanchez,Economics,3.22,19
4339,Jennifer Clark,Psychology,3.72,25
2340,Daniel Brown,History,3.17,20
7517,Thomas Taylor,Chemistry,3.72,22
6482,Lisa Williams,Mathematics,3.42,22
8179,Karen Jones,History,2.71,21
3483,Elizabeth Thompson,Mathematics,3.64,20
5155,Richard Wilson,Civil Engineering,3.29,25
9292,Linda Moore,Psychology,2.87,24
3456,Anthony Wilson,Civil Engineering,3.1,19
1084,Mary Hernandez,Data Science,3.9,20
4386,Charles Lee,Psychology,2.27,25
6572,Robert Clark,Civil Engineering,2.38,24
5168,Jessica Thomas,Chemistry,3.24,21
0525,Nancy Gonzalez,Chemistry,2.92,19
3752,James Thomas,Computer Science,3.02,20
0916,William Johnson,Biology,3.22,21
5313,Christopher Lopez,Data Science,3.43,21
3598,Michael White,History,2.19,23
9125,Joseph Jackson,Electrical Engineering,2.11,20
4422,Nancy Davis,History,2.86,19
6216,Anthony Thompson,Physics,3.29,18
7573,John Anderson,Literature,3.95,20
2677,Charles Sanchez,Mathematics,3.47,20
4010,Richard Lee,Literature,3.75,18
8751,Mark Perez,Biology,3.83,24
2803,Charles Wilson,History,2.22,19
1169,Margaret Smith,Biology,2.54,21
4374,Karen Smith,Psychology,3.14,25
3432,Richard Lewis,Chemistry,2.43,24
5820,James Harris,Biology,2.83,21
6065,Michael Clark,Economics,3.19,23
2664,Mary Gonzalez,Physics,3.4,25
5977,Susan Smith,History,3.43,23
7428,James Taylor,Business Administration,2.05,18
4554,David Clark,Computer Science,3.36,18
6227,Sarah Miller,Computer Science,2.83,20
1654,Barbara Johnson,Psychology,3.42,18
3814,Barbara Lopez,Physics,3.86,22
1307,Betty Williams,Economics,3.15,22
4741,Matthew Williams,Literature,2.25,21
3733,Susan Williams,Physics,2.1,18
0750,Daniel Garcia,Economics,3.27,18
1139,Joseph Gonzalez,Data Science,3.16,19
3150,Lisa Lewis,Civil Engineering,3.22,21
9459,Susan Thomas,Biology,2.53,18
5925,Linda Jones,Literature,3.89,25
4803,Joseph Rodriguez,Economics,3.67,19
9044,Patricia Harris,Chemistry,2.87,23
1291,Barbara Smith,Psychology,3.99,18
6201,William Miller,Literature,2.99,21
2045,Lisa Ramirez,Data Science,2.66,25
8785,Barbara Lee,Business Administration,3.72,20
7527,Karen Hernandez,Computer Science,3.43,21
0711,Anthony Moore,Physics,2.07,21
4333,Charles Johnson,Mechanical Engineering,2.85,22
9891,Sarah Wilson,Chemistry,3.7,24
5635,Jessica Lopez,Literature,2.41,23
5881,John Lewis,Mathematics,2.5,25
1584,Elizabeth Miller,Economics,3.87,25
6224,James Taylor,Data Science,2.34,25
1519,Sarah Johnson,History,3.65,18
1674,Michael Thomas,Biology,2.18,18
5514,Patricia Smith,Mechanical Engineering,3.27,18
3527,Thomas Jones,Literature,2.48,19
2547,Anthony Harris,Physics,2.02,18
4552,Charles Anderson,Mathematics,2.98,23
5574,Patricia Lewis,Physics,2.8,18
6924,Jessica Lewis,Physics,2.52,22
2615,Mark Martin,Computer Science,2.56,22
0106,Lisa Perez,Psychology,3.78,24
4557,Daniel Williams,Physics,3.92,20
9654,Robert Thompson,Electrical Engineering,3.97,25
7359,Robert Wilson,Data Science,2.04,22
3611,Matthew Lee,History,3.71,18
6873,Jennifer White,Physics,2.04,20
8928,Thomas Lee,Civil Engineering,3.7,24
3257,Barbara White,Mathematics,3.17,19
9195,Daniel Taylor,Economics,2.63,24
0434,Mark Rodriguez,Literature,3.96,21
9863,Margaret Miller,Business Administration,3.17,22
8279,Barbara Miller,Economics,3.93,18
3811,Jennifer Davis,Biology,2.59,25
3582,Susan Williams,History,3.28,22
1535,William Davis,Psychology,3.43,21
0488,Nancy Perez,History,2.88,21
0520,Richard Harris,Business Administration,3.29,18
6912,Thomas Hernandez,Chemistry,2.68,25
9674,Karen Martinez,Chemistry,2.78,21
1424,Patricia Taylor,Psychology,2.44,22
8935,Jennifer Thompson,Economics,2.03,20
1679,Elizabeth Robinson,Economics,2.33,25
2286,Sarah Robinson,History,2.68,21
3657,Elizabeth Gonzalez,Psychology,3.9,19
4012,David Williams,History,3.95,20
4506,Patricia Harris,Literature,2.85,24
0409,Lisa Smith,Literature,3.05,24
1824,Mary Williams,Computer Science,2.76,24
