Student_ID,Student_Name,Department,GPA,Age
2505,Ahmed Ahmed,Physics,2.84,19
4431,Ayesha Sheikh,Chemistry,2.52,21
931,Hina Malik,Physics,3.97,22
9499,Ayesha Raza,CE,2.51,26
7373,Zainab Malik,CS,3.28,26
3394,Fatima Ahmed,EE,2.78,24
4520,Bilal Raza,ME,3.58,21
4001,Fatima Sheikh,BBA,2.21,25
8169,Fatima Ahmed,CS,2.06,23
3343,Fatima Chaudhry,EE,3.94,21
8033,Usman Malik,CE,3.66,20
8981,Kamran Abbasi,ME,2.26,25
3446,Fatima Butt,Physics,2.4,19
9094,Usman Ansari,Math,2.83,18
8950,Hassan Mughal,EE,2.4,25
3154,Fatima Ahmed,CS,2.71,23
5089,Tariq Malik,CE,2.0,20
3066,Noor Ansari,CS,2.18,19
4734,Ahmed Khan,ME,3.48,19
4349,Ahmed Abbasi,Chemistry,2.22,23
3535,Noor Ahmed,Math,2.49,22
1652,Kamran Syed,CS,3.05,18
8496,Fatima Sheikh,Math,2.95,21
4588,Omar Ahmed,ME,3.77,23
5405,Noor Ansari,BBA,3.23,24
5029,Yahya Ahmed,EE,2.2,23
3621,Fatima Qureshi,BBA,2.29,22
4392,Yahya Qureshi,CS,2.57,21
7081,Usman Chaudhry,Chemistry,2.13,24
7352,Maryam Abbasi,Physics,3.76,19
9417,Usman Malik,CE,2.49,26
2745,Ayesha Qureshi,BBA,3.79,22
4238,Tariq Abbasi,Physics,3.85,24
8360,Tariq Malik,CS,3.76,22
9706,Ahmed Abbasi,Math,2.55,22
8745,Ahmed Qureshi,ME,3.32,23
4815,Zainab Qureshi,Chemistry,3.9,26
9331,Zainab Qureshi,Chemistry,2.23,26
9788,Sara Ahmed,Math,2.53,25
3109,Maryam Butt,Math,2.97,26
1575,Omar Mughal,EE,2.91,22
1876,Hassan Sheikh,Chemistry,2.33,19
641,Fatima Ansari,CS,2.06,26
1313,Noor Syed,EE,3.74,22
5761,Tariq Sheikh,Physics,2.7,20
9261,Hassan Mughal,Physics,2.57,20
3007,Noor Raza,BBA,3.85,19
5834,Noor Ansari,CE,2.47,24
4356,Usman Raza,CS,3.61,22
939,Ahmed Raza,Chemistry,2.76,22
3770,Fatima Abbasi,Chemistry,2.28,18
7456,Sara Sheikh,CE,2.49,21
9902,Fatima Khan,CE,2.03,25
3971,Hina Raza,Chemistry,3.42,19
9967,Usman Ahmed,Math,2.36,24
1089,Ayesha Syed,Physics,2.91,23
5448,Noor Syed,Physics,2.3,20
468,Ayesha Abbasi,CS,3.22,26
6450,Fatima Ahmed,CE,3.77,18
7578,Yahya Malik,EE,3.02,21
5309,Omar Butt,Math,2.26,20
516,Zainab Butt,Math,2.81,22
3910,Yahya Ansari,Physics,2.51,18
4243,Fatima Sheikh,EE,3.06,22
7584,Ahmed Abbasi,EE,3.23,25
1657,Bilal Butt,Math,2.95,23
8588,Usman Qureshi,BBA,3.69,21
4084,Ahmed Ansari,CE,3.26,22
4465,Tariq Chaudhry,Physics,2.46,26
2023,Yahya Ansari,EE,3.26,19
7468,Ahmed Syed,Chemistry,2.97,18
771,Noor Khan,CE,3.04,26
7347,Fatima Malik,BBA,2.88,25
1041,Omar Khan,EE,3.0,22
3730,Ahmed Raza,BBA,3.53,21
6755,Hina Ansari,Chemistry,2.22,19
4965,Yahya Syed,CE,2.15,22
9380,Noor Butt,BBA,2.8,20
6328,Fatima Malik,Physics,3.76,23
3165,Kamran Butt,CS,3.15,20
2675,Yahya Ahmed,CE,3.53,24
964,Maryam Chaudhry,Chemistry,2.51,18
1431,Noor Khan,Math,2.1,23
9787,Bilal Ansari,CS,2.13,20
4584,Ayesha Mughal,Chemistry,3.5,20
910,Kamran Syed,CE,2.3,18
9614,Omar Qureshi,CE,3.84,23
8173,Maryam Mughal,ME,3.81,18
9520,Hina Chaudhry,CS,2.13,24
3209,Usman Ansari,CS,3.4,22
3312,Ahmed Butt,BBA,2.41,21
5926,Zainab Butt,Physics,2.66,19
7771,Fatima Syed,ME,3.14,20
6614,Omar Mughal,CS,3.74,24
7537,Usman Chaudhry,CE,3.76,18
8416,Hina Raza,BBA,2.82,22
4357,Hassan Khan,CS,3.3,25
1932,Noor Khan,CE,2.04,21
7800,Omar Khan,Math,2.19,20
3801,Sara Ahmed,ME,3.15,25
4562,Bilal Qureshi,BBA,2.74,18
8532,Bilal Abbasi,ME,2.39,26
8249,Zainab Chaudhry,CS,3.62,25
7649,Hassan Ahmed,CE,2.02,21
2809,Sara Ansari,Physics,2.82,19
9390,Noor Chaudhry,CE,3.46,21
410,Ayesha Abbasi,CS,3.41,22
1921,Sara Raza,EE,3.52,23
9336,Fatima Abbasi,ME,3.37,18
5600,Bilal Qureshi,Math,3.98,26
3276,Usman Butt,CS,2.02,18
3514,Noor Sheikh,BBA,3.3,19
8495,Usman Qureshi,CE,2.16,20
6374,Omar Chaudhry,ME,2.02,23
7405,Fatima Raza,EE,3.66,21
6587,Kamran Raza,Physics,2.14,21
4467,Usman Sheikh,Physics,3.75,25
5250,Zainab Mughal,EE,3.39,20
9411,Maryam Chaudhry,CE,2.34,19
8062,Ahmed Khan,EE,2.6,21
5970,Ayesha Syed,CE,3.78,24
1978,Kamran Syed,CS,3.06,22
7029,Omar Syed,Math,2.99,26
8772,Bilal Chaudhry,BBA,2.24,25
8084,Fatima Butt,CE,3.48,23
3699,Ahmed Raza,CE,2.73,20
5667,Ahmed Butt,Physics,2.36,22
4986,Usman Ahmed,BBA,2.41,26
2168,Yahya Chaudhry,CE,2.6,24
4842,Omar Sheikh,Physics,3.9,25
683,Ayesha Chaudhry,Physics,3.86,18
7162,Usman Malik,CS,3.46,21
88,Bilal Syed,ME,3.92,18
9834,Usman Mughal,CS,2.2,24
2737,Fatima Butt,Math,3.1,19
6536,Yahya Ahmed,Physics,3.19,18
4043,Hassan Sheikh,BBA,3.7,23
4057,Usman Abbasi,Physics,3.94,26
284,Maryam Ansari,Chemistry,2.65,21
722,Kamran Sheikh,EE,3.06,22
2760,Kamran Butt,CS,3.82,23
7593,Usman Mughal,BBA,2.75,22
4186,Noor Chaudhry,BBA,2.25,22
1032,Usman Khan,Physics,3.66,19
6415,Sara Malik,CE,3.23,20
2632,Yahya Ahmed,Physics,3.89,20
5396,Maryam Chaudhry,Math,3.41,24
8984,Fatima Sheikh,CE,3.73,26
921,Sara Khan,Physics,2.02,18
9754,Hassan Abbasi,CE,2.91,23
2313,Fatima Sheikh,Math,2.37,21
550,Bilal Mughal,ME,2.9,26
3392,Noor Qureshi,CS,2.99,21
3954,Yahya Mughal,ME,2.32,23
7073,Bilal Khan,Chemistry,3.76,20
428,Sara Ahmed,Math,2.14,22
4694,Hassan Butt,Math,3.21,21
7290,Tariq Ansari,Math,2.48,21
2426,Hassan Ahmed,EE,2.64,21
1561,Ahmed Butt,CS,2.55,22
2358,Kamran Raza,EE,3.11,25
2878,Usman Ansari,BBA,2.34,21
8934,Hassan Abbasi,Math,2.39,24
1345,Yahya Mughal,CE,3.24,18
1251,Maryam Qureshi,BBA,2.03,25
8393,Kamran Chaudhry,BBA,3.42,19
2007,Sara Qureshi,Physics,3.95,22
8619,Usman Syed,BBA,2.31,20
9052,Usman Abbasi,CE,2.84,22
3018,Tariq Sheikh,CE,2.54,26
562,Bilal Mughal,BBA,2.77,26
241,Omar Mughal,CS,2.34,19
9318,Bilal Mughal,Physics,3.03,19
2712,Kamran Syed,ME,2.47,18
8842,Kamran Abbasi,Math,2.58,19
3102,Kamran Malik,EE,3.5,18
5330,Hassan Ahmed,CS,3.77,20
5352,Hassan Qureshi,CS,2.87,23
1573,Bilal Chaudhry,Physics,3.29,26
6767,Sara Ahmed,Math,2.57,18
7186,Omar Abbasi,Chemistry,3.06,23
6239,Maryam Ansari,ME,2.3,21
3944,Ayesha Syed,Physics,2.4,23
7812,Ahmed Chaudhry,Physics,2.25,22
8948,Usman Ahmed,BBA,2.47,19
523,Hassan Butt,EE,3.57,18
4637,Ahmed Ahmed,EE,3.31,19
3434,Hina Chaudhry,Chemistry,3.7,19
8246,Ahmed Ahmed,EE,3.45,24
6512,Noor Raza,ME,2.83,25
5293,Yahya Ansari,Math,2.96,21
595,Omar Ahmed,CS,2.63,21
2080,Omar Sheikh,CE,2.7,19
2204,Bilal Chaudhry,BBA,3.83,21
6768,Hassan Chaudhry,CS,2.13,22
1685,Noor Sheikh,ME,3.78,24
8390,Zainab Butt,EE,2.19,24
801,Ayesha Abbasi,EE,3.18,26
7495,Zainab Qureshi,CS,2.99,18
6095,Maryam Malik,Physics,3.41,20
5020,Bilal Syed,EE,2.72,24
9373,Sara Abbasi,Physics,2.31,23
5524,Hassan Mughal,CE,3.69,20
3386,Omar Syed,Math,2.44,21
4102,Ahmed Raza,CS,2.71,21
2815,Hina Ahmed,Physics,2.68,18
9070,Bilal Sheikh,CS,2.8,18
6660,Maryam Ahmed,CE,3.64,20
7287,Yahya Syed,Chemistry,3.7,26
6650,Noor Qureshi,ME,3.52,22
898,Hassan Syed,Math,2.76,22
9832,Noor Syed,Chemistry,2.11,19
591,Yahya Syed,BBA,2.25,22
9181,Bilal Butt,CE,2.23,22
7689,Hassan Butt,CE,2.42,23
5403,Noor Qureshi,BBA,3.62,20
8211,Noor Sheikh,ME,3.11,26
9388,Ahmed Ansari,Math,2.66,24
4945,Usman Raza,Math,3.27,19
6293,Tariq Ansari,BBA,2.18,26
4386,Yahya Sheikh,ME,2.31,24
1782,Hassan Chaudhry,CE,2.23,18
7190,Ayesha Abbasi,Physics,2.03,25
1750,Hina Ahmed,CS,2.59,19
103,Ahmed Ansari,ME,2.27,20
5725,Hassan Chaudhry,Math,3.58,22
5285,Hina Qureshi,EE,3.66,19
4232,Hassan Raza,EE,2.56,18
9843,Omar Abbasi,CS,2.69,25
9043,Kamran Mughal,ME,3.57,22
2422,Usman Khan,ME,2.17,24
3773,Hassan Syed,EE,2.92,19
4121,Yahya Raza,Math,2.84,20
1091,Noor Abbasi,Math,3.2,18
7886,Tariq Butt,CS,2.55,18
1033,Fatima Malik,Math,3.96,26
1666,Zainab Ahmed,BBA,3.86,18
4579,Fatima Qureshi,Chemistry,3.05,22
8638,Maryam Malik,Math,2.24,18
6546,Fatima Qureshi,ME,3.86,25
9321,Bilal Raza,BBA,2.94,23
5499,Ayesha Qureshi,Math,3.69,25
5716,Kamran Khan,Physics,3.16,21
9215,Tariq Mughal,BBA,3.48,23
2127,Ayesha Khan,Math,3.55,22
7201,Ahmed Ahmed,EE,3.39,26
5518,Fatima Sheikh,Physics,2.48,23
2781,Usman Sheikh,Physics,2.59,21
9946,Hassan Syed,Chemistry,2.17,19
785,Bilal Malik,ME,2.71,23
3527,Usman Sheikh,EE,2.42,26
1367,Bilal Ansari,Math,3.74,24
4113,Sara Sheikh,EE,3.71,19
4769,Yahya Butt,BBA,2.82,19
6048,Omar Butt,EE,3.27,23
8165,Fatima Syed,BBA,2.75,20
1244,Hina Chaudhry,Physics,2.96,18
3732,Bilal Qureshi,ME,3.48,24
7199,Tariq Malik,BBA,3.41,21
7154,Bilal Chaudhry,Physics,2.66,22
2533,Maryam Malik,EE,2.33,24
7122,Fatima Ahmed,EE,3.7,22
1868,Zainab Abbasi,CS,2.98,23
1992,Tariq Ahmed,BBA,3.31,20
8361,Ahmed Khan,ME,2.92,21
8684,Hina Qureshi,Chemistry,2.12,24
3908,Ahmed Sheikh,ME,3.66,26
1656,Kamran Ansari,Chemistry,2.46,26
8120,Ayesha Ahmed,Chemistry,3.66,25
7793,Fatima Ansari,Math,3.49,24
4999,Fatima Qureshi,Math,3.39,25
2046,Zainab Abbasi,CS,2.58,22
457,Tariq Raza,ME,2.33,25
7183,Usman Khan,Chemistry,3.8,20
1753,Hassan Ahmed,CS,2.66,19
1774,Ahmed Chaudhry,EE,2.5,19
891,Fatima Ahmed,CS,2.38,24
8990,Kamran Raza,BBA,2.82,25
5007,Zainab Sheikh,Chemistry,3.0,19
3804,Maryam Sheikh,Math,3.52,24
699,Ahmed Syed,Chemistry,2.81,21
8487,Sara Butt,Physics,2.69,19
7055,Ayesha Raza,CE,3.23,26
6350,Yahya Malik,Physics,2.02,23
1060,Noor Malik,Physics,3.58,26
5273,Hina Chaudhry,CE,2.31,21
2749,Sara Syed,CE,3.43,23
6924,Ayesha Ahmed,CS,3.26,18
4301,Usman Butt,Math,3.04,19
9434,Yahya Sheikh,CE,2.34,23
6655,Noor Butt,CE,2.54,20
1860,Yahya Abbasi,Math,3.07,19
8063,Fatima Chaudhry,Physics,2.92,24
9694,Yahya Raza,ME,3.63,21
7050,Ayesha Butt,EE,3.75,22
8122,Yahya Malik,BBA,2.73,25
6868,Ayesha Raza,EE,2.51,22
350,Hina Sheikh,Physics,2.37,21
5501,Maryam Abbasi,EE,3.05,19
4172,Yahya Syed,Math,3.82,19
738,Maryam Butt,Chemistry,2.35,21
500,Yahya Malik,Physics,3.13,25
5682,Bilal Abbasi,CS,3.03,22
4469,Ahmed Abbasi,EE,2.9,23
3885,Ahmed Ahmed,BBA,3.53,22
6599,Noor Raza,Chemistry,2.08,25
8088,Sara Abbasi,CS,2.61,25
6621,Fatima Mughal,BBA,2.56,21
9922,Hassan Sheikh,CS,3.89,22
7014,Usman Syed,BBA,2.41,19
752,Hina Ansari,BBA,2.59,20
6487,Yahya Mughal,BBA,2.07,25
4813,Tariq Syed,BBA,3.1,25
8300,Noor Malik,ME,3.44,18
290,Sara Butt,Chemistry,2.18,26
8299,Sara Ansari,CS,2.92,24
8765,Hina Ahmed,CE,3.68,19
4566,Ayesha Ahmed,CE,3.33,19
266,Zainab Mughal,Math,2.64,26
9019,Zainab Abbasi,CE,3.36,18
4265,Maryam Butt,EE,2.08,21
3739,Usman Ahmed,BBA,2.11,26
7155,Omar Mughal,Math,3.69,23
6251,Omar Chaudhry,EE,2.87,22
5210,Ayesha Ahmed,Math,3.67,23
630,Hina Sheikh,Physics,3.75,20
944,Yahya Ansari,CE,2.23,25
1731,Fatima Raza,Math,3.57,19
5012,Maryam Ahmed,Chemistry,2.01,25
9874,Maryam Ansari,ME,3.22,18
5037,Omar Chaudhry,ME,2.35,20
7617,Yahya Butt,CS,2.63,18
1820,Kamran Qureshi,CE,3.87,19
2514,Tariq Butt,ME,2.17,19
5251,Hassan Ahmed,BBA,3.07,24
5421,Tariq Ahmed,BBA,3.44,18
3676,Kamran Syed,Physics,2.38,25
8216,Tariq Khan,EE,3.15,18
9847,Omar Malik,CE,3.26,21
9400,Yahya Sheikh,Chemistry,3.88,26
4724,Zainab Khan,Math,2.11,19
800,Ayesha Khan,Math,2.95,23
4626,Kamran Qureshi,Chemistry,2.81,26
3335,Yahya Raza,CE,2.74,20
6790,Sara Sheikh,CE,3.54,19
4125,Ayesha Malik,EE,3.44,20
6572,Sara Sheikh,Chemistry,3.74,23
1087,Hassan Syed,EE,2.01,19
4021,Hassan Malik,Physics,3.17,22
7602,Usman Sheikh,Math,3.58,19
6653,Hassan Khan,Math,2.95,19
7176,Kamran Ahmed,ME,3.49,24
3084,Tariq Abbasi,BBA,2.63,26
9650,Maryam Raza,CS,2.89,22
5426,Noor Sheikh,Physics,2.57,19
9851,Bilal Ansari,Math,3.4,25
5809,Yahya Khan,BBA,2.49,18
4180,Omar Chaudhry,CS,2.77,23
6859,Ahmed Raza,EE,2.88,20
1567,Usman Khan,Math,2.96,24
3270,Yahya Malik,Chemistry,2.71,22
388,Noor Syed,ME,2.5,24
7520,Bilal Qureshi,Math,3.05,21
1141,Fatima Butt,Chemistry,3.95,20
4309,Tariq Ansari,Math,2.15,22
2472,Zainab Mughal,EE,3.24,18
857,Maryam Khan,CS,3.92,20
2131,Fatima Khan,CE,3.52,23
3056,Hassan Qureshi,CE,3.51,23
9320,Fatima Malik,Math,2.46,20
4824,Zainab Butt,Math,2.61,21
7686,Tariq Chaudhry,EE,2.91,22
3472,Kamran Syed,ME,3.6,18
7051,Noor Sheikh,BBA,2.15,19
4788,Zainab Qureshi,BBA,3.35,19
7086,Omar Raza,BBA,2.11,23
3505,Noor Mughal,CS,2.71,24
5604,Hina Chaudhry,ME,3.94,21
2544,Hassan Qureshi,Chemistry,2.43,20
9582,Zainab Mughal,Physics,2.32,25
5811,Hassan Sheikh,CS,2.23,20
4914,Usman Syed,Physics,3.94,20
134,Omar Qureshi,ME,3.42,18
6834,Omar Abbasi,BBA,2.75,20
8389,Ayesha Chaudhry,Math,2.34,24
7569,Sara Sheikh,CE,2.42,18
1856,Yahya Malik,Physics,3.34,18
1256,Usman Ansari,CS,2.89,18
3797,Yahya Sheikh,Physics,3.6,19
7966,Noor Butt,CE,2.47,26
5632,Omar Mughal,Chemistry,2.05,22
5145,Bilal Chaudhry,Chemistry,2.6,22
4990,Hassan Ahmed,Math,3.37,20
3552,Usman Malik,Math,2.44,24
1098,Usman Syed,CS,2.22,20
1598,Tariq Malik,EE,2.11,20
5697,Maryam Sheikh,CS,2.36,18
4685,Noor Qureshi,BBA,3.39,26
7346,Yahya Syed,CS,2.06,19
5289,Yahya Ansari,ME,3.91,24
7876,Hassan Ahmed,BBA,3.62,25
7716,Sara Qureshi,BBA,3.92,19
5082,Zainab Raza,EE,3.63,21
7570,Zainab Malik,Chemistry,2.15,26
4721,Kamran Malik,Math,2.8,20
4994,Bilal Malik,CS,2.0,19
1102,Noor Malik,CS,3.63,21
4934,Hassan Raza,Math,2.89,23
2359,Hassan Qureshi,ME,2.67,21
5281,Hina Khan,CS,3.84,25
2822,Noor Chaudhry,CS,3.94,20
1694,Maryam Sheikh,BBA,2.91,26
6418,Omar Ansari,EE,3.72,25
7939,Kamran Qureshi,Physics,2.44,26
8704,Kamran Raza,CS,2.51,26
9530,Maryam Abbasi,Math,3.15,24
9536,Hassan Abbasi,CS,2.53,26
1135,Zainab Qureshi,BBA,3.19,20
9217,Hassan Ansari,EE,3.31,21
5447,Bilal Qureshi,Math,2.41,25
7949,Hina Chaudhry,EE,2.77,24
5226,Tariq Khan,Chemistry,2.25,22
3873,Kamran Malik,ME,2.88,18
8777,Kamran Mughal,EE,3.35,19
4781,Kamran Chaudhry,Physics,3.63,26
3750,Omar Chaudhry,BBA,3.11,24
7356,Bilal Abbasi,BBA,2.11,22
7131,Omar Ansari,ME,3.91,23
9636,Omar Butt,Math,2.78,22
4219,Ahmed Ansari,BBA,3.79,25
4822,Hina Malik,BBA,3.25,20
1515,Omar Malik,BBA,2.37,24
3061,Zainab Mughal,ME,3.16,25
2790,Tariq Abbasi,Math,3.86,18
4878,Fatima Butt,Chemistry,3.38,23
5468,Zainab Khan,CE,3.72,22
9937,Fatima Syed,EE,2.75,18
3422,Ayesha Ahmed,ME,2.07,22
9024,Fatima Malik,Physics,3.46,20
4366,Tariq Qureshi,EE,3.49,19
1701,Hina Sheikh,EE,2.13,24
204,Bilal Abbasi,Physics,2.01,19
3866,Hina Sheikh,ME,3.54,19
2767,Omar Raza,EE,2.56,20
8662,Zainab Raza,Physics,2.86,18
7449,Usman Malik,Chemistry,3.19,18
3052,Omar Sheikh,CS,3.12,26
4120,Sara Butt,EE,2.57,18
5314,Bilal Ahmed,ME,3.99,21
7841,Hassan Abbasi,Physics,2.97,20
4472,Hassan Mughal,EE,3.76,25
4992,Ahmed Mughal,Physics,3.86,24
3566,Kamran Khan,BBA,3.3,19
8597,Fatima Butt,EE,2.2,24
9964,Yahya Butt,Chemistry,3.51,26
92,Hina Ansari,BBA,3.67,26
1629,Bilal Ahmed,Physics,3.07,23
9346,Yahya Syed,Math,2.73,23
3912,Hina Mughal,BBA,2.89,20
4868,Hina Syed,Math,3.85,26
6225,Maryam Ansari,EE,3.78,18
248,Omar Butt,Math,2.83,26
2838,Yahya Malik,EE,2.84,18
5558,Usman Syed,BBA,2.86,24
7607,Usman Ansari,BBA,3.14,22
928,Tariq Malik,BBA,2.48,22
6127,Yahya Khan,CS,2.15,20
9147,Tariq Chaudhry,Chemistry,3.14,26
8511,Bilal Qureshi,ME,3.04,22
3085,Ahmed Malik,ME,2.85,20
6403,Kamran Abbasi,CS,2.7,19
3091,Omar Abbasi,CE,3.07,19
4130,Ahmed Raza,CE,3.17,23
624,Noor Qureshi,CE,2.77,25
9453,Hassan Khan,Chemistry,3.06,22
1955,Hina Ahmed,Physics,2.55,24
8797,Hina Khan,EE,3.6,25
1182,Ayesha Ahmed,Chemistry,3.5,22
6816,Omar Khan,BBA,2.42,23
62,Maryam Syed,BBA,3.24,26
382,Tariq Sheikh,BBA,2.83,26
5212,Ayesha Qureshi,Physics,2.71,25
1100,Omar Sheikh,EE,3.91,24
3290,Ayesha Qureshi,CS,3.49,18
5739,Hassan Qureshi,BBA,3.97,18
9039,Ayesha Khan,CE,2.17,22
9129,Omar Syed,Chemistry,2.19,20
4403,Hassan Malik,Physics,3.16,26
9780,Kamran Chaudhry,CE,2.28,19
6580,Fatima Mughal,BBA,3.19,21
352,Noor Abbasi,BBA,2.56,23
1918,Ahmed Mughal,Chemistry,2.56,21
5950,Ahmed Syed,ME,2.5,18
6237,Ahmed Ansari,ME,3.55,24
5735,Fatima Syed,CS,3.09,22
1771,Bilal Butt,CS,2.49,21
7084,Bilal Ansari,CE,3.95,21
4230,Hina Sheikh,ME,3.11,23
8538,Hassan Mughal,Chemistry,2.1,18
4540,Noor Ahmed,Math,3.34,24
6617,Kamran Syed,CS,2.54,24
2947,Ayesha Khan,Chemistry,2.11,20
2531,Omar Butt,BBA,2.74,22
9419,Hassan Sheikh,Physics,3.99,23
896,Bilal Syed,ME,3.43,24
9644,Tariq Ansari,Math,2.92,21
5079,Fatima Sheikh,ME,3.2,24
7589,Sara Chaudhry,BBA,2.86,26
3240,Bilal Sheikh,EE,2.55,22
3080,Maryam Ahmed,CS,3.21,24
1389,Kamran Khan,Physics,2.6,19
9313,Maryam Sheikh,ME,3.05,26
8722,Yahya Raza,Physics,2.15,26
3896,Noor Ahmed,Math,3.3,21
2522,Usman Khan,Physics,3.94,24
8651,Hassan Chaudhry,CE,3.62,18
6811,Zainab Ansari,Math,2.73,18
3031,Hina Butt,Chemistry,2.72,19
3258,Omar Raza,CE,2.99,21
7104,Usman Syed,CS,3.74,19
9431,Hassan Chaudhry,Physics,2.39,23
3337,Kamran Abbasi,Physics,2.01,18
4941,Fatima Mughal,EE,2.61,18
6228,Yahya Khan,EE,3.68,26
3450,Maryam Abbasi,ME,3.71,20
3900,Tariq Sheikh,Physics,2.56,21
9893,Fatima Khan,BBA,2.6,20
3229,Hassan Ahmed,Physics,3.94,23
819,Tariq Mughal,CS,3.23,22
2259,Usman Sheikh,Physics,2.17,21
3314,Ahmed Khan,EE,2.34,21
5280,Maryam Khan,Physics,2.78,26
8755,Zainab Raza,EE,2.08,19
3457,Sara Khan,ME,3.93,23
4587,Fatima Abbasi,EE,3.69,23
7914,Hina Khan,EE,4.0,23
7606,Kamran Sheikh,CE,2.52,24
5318,Maryam Ahmed,Math,2.42,26
6263,Bilal Malik,Math,2.66,20
7331,Hassan Ansari,Chemistry,2.03,20
8315,Noor Raza,CS,3.26,21
8937,Bilal Ansari,Chemistry,2.88,22
1487,Hassan Ansari,BBA,3.75,18
4926,Hassan Syed,BBA,2.97,23
7303,Ayesha Syed,ME,2.78,25
3898,Ahmed Abbasi,ME,3.67,20
5407,Ahmed Sheikh,Chemistry,2.6,18
9330,Sara Qureshi,EE,2.49,23
1254,Noor Mughal,ME,3.17,20
9509,Ahmed Ansari,ME,3.56,23
2721,Hassan Butt,Math,2.04,22
6753,Zainab Sheikh,ME,3.0,24
9193,Fatima Khan,EE,2.2,25
6322,Ahmed Malik,ME,3.0,24
2848,Sara Khan,Physics,2.75,21
6439,Sara Malik,Math,3.31,23
5831,Tariq Sheikh,Math,2.55,19
269,Kamran Syed,ME,2.44,21
4292,Maryam Ansari,Chemistry,2.02,21
1342,Tariq Ansari,Math,3.65,26
3581,Fatima Qureshi,Math,2.58,19
9618,Maryam Ansari,Physics,2.39,23
8041,Fatima Chaudhry,EE,2.66,18
1249,Bilal Mughal,BBA,2.84,18
3633,Kamran Ahmed,CS,2.5,23
464,Fatima Abbasi,ME,3.01,21
5680,Bilal Syed,CS,3.49,23
3927,Noor Sheikh,CE,2.55,22
4418,Maryam Mughal,CS,2.13,19
1373,Ayesha Chaudhry,BBA,2.82,22
8572,Bilal Syed,CS,3.39,23
9940,Noor Butt,Math,3.59,23
5510,Ayesha Abbasi,Physics,3.72,25
9627,Hina Mughal,Chemistry,2.6,23
7991,Yahya Sheikh,ME,2.19,23
9798,Bilal Syed,Math,3.26,23
3890,Hassan Syed,Physics,2.43,23
8732,Ahmed Syed,Math,3.9,21
5125,Tariq Sheikh,CS,3.02,23
29,Ahmed Ahmed,ME,2.06,26
8362,Maryam Qureshi,EE,2.74,25
676,Maryam Malik,ME,3.06,20
725,Omar Abbasi,Physics,3.99,20
3951,Kamran Butt,ME,3.49,25
5151,Yahya Sheikh,EE,3.93,21
3856,Fatima Qureshi,BBA,2.01,18
8098,Hassan Butt,EE,3.73,25
1822,Kamran Malik,Chemistry,3.84,18
4030,Hassan Ansari,ME,3.2,26
793,Maryam Sheikh,ME,2.3,19
6216,Zainab Sheikh,CE,2.37,18
4363,Tariq Ahmed,Physics,4.0,25
2785,Kamran Qureshi,EE,3.92,19
7284,Usman Chaudhry,BBA,3.98,22
3346,Hina Qureshi,CE,2.96,20
1703,Ahmed Mughal,Math,2.59,18
4602,Ahmed Ansari,Math,3.25,20
5412,Fatima Abbasi,CS,3.28,26
2641,Yahya Sheikh,Physics,3.91,25
6124,Noor Raza,CS,3.14,23
4108,Usman Butt,EE,3.93,18
6870,Usman Chaudhry,EE,3.5,18
7108,Hina Syed,Physics,3.92,22
6192,Tariq Malik,Physics,3.73,18
9630,Maryam Khan,Physics,3.58,21
8896,Ahmed Malik,Physics,2.3,20
2105,Hassan Khan,EE,3.53,18
9156,Noor Malik,CS,3.54,21
4269,Tariq Malik,Chemistry,2.65,18
3404,Tariq Sheikh,Math,2.2,24
6864,Ayesha Qureshi,Chemistry,2.6,18
3642,Tariq Malik,CS,2.87,24
33,Zainab Raza,ME,3.07,25
1911,Fatima Ahmed,CS,3.59,20
1310,Bilal Raza,Physics,2.13,19
6775,Hassan Khan,Math,2.57,18
3618,Kamran Abbasi,ME,3.97,25
6268,Yahya Butt,ME,3.62,26
5170,Hina Mughal,Chemistry,3.05,23
706,Usman Sheikh,Chemistry,3.05,26
3587,Tariq Raza,ME,3.16,19
5497,Omar Malik,CS,3.83,25
6972,Tariq Qureshi,EE,3.07,25
1245,Ayesha Raza,EE,3.27,19
3891,Tariq Chaudhry,ME,3.5,19
2255,Maryam Khan,Math,3.33,23
8980,Ayesha Mughal,EE,2.88,19
971,Kamran Chaudhry,Math,3.44,26
2226,Sara Mughal,CS,3.25,20
8834,Zainab Syed,EE,3.75,18
6954,Tariq Khan,Math,3.23,26
6627,Hassan Butt,Math,2.8,23
3736,Yahya Syed,ME,3.0,19
2771,Yahya Syed,BBA,3.41,19
4302,Ayesha Qureshi,Math,3.97,21
6711,Ayesha Malik,ME,3.18,26
2162,Bilal Butt,Math,2.75,21
7709,Hassan Butt,Math,2.82,19
6909,Hina Abbasi,EE,3.86,26
2694,Omar Malik,EE,3.73,23
7852,Ayesha Sheikh,Math,3.76,19
6256,Yahya Butt,Chemistry,2.97,24
8149,Sara Mughal,ME,2.5,25
190,Ahmed Qureshi,EE,3.97,20
2620,Tariq Mughal,Math,2.52,20
4556,Omar Butt,Physics,2.21,18
4821,Omar Butt,BBA,2.51,20
6598,Usman Qureshi,Math,2.5,26
8584,Maryam Malik,Chemistry,2.4,22
7415,Tariq Malik,Physics,3.94,24
4837,Yahya Mughal,BBA,2.66,26
1178,Hassan Chaudhry,Physics,2.95,21
47,Hina Abbasi,Physics,3.81,19
7212,Zainab Sheikh,Math,3.1,19
2213,Yahya Sheikh,CE,2.94,24
4521,Yahya Ansari,Chemistry,2.3,20
1618,Ayesha Ansari,Math,3.7,18
3227,Noor Abbasi,ME,3.75,21
7386,Yahya Syed,CE,3.96,26
5935,Kamran Syed,CE,2.12,19
8771,Tariq Qureshi,Chemistry,3.62,20
8625,Noor Syed,ME,2.97,23
1012,Hassan Butt,BBA,3.37,22
707,Ayesha Raza,EE,2.78,18
6633,Omar Butt,EE,2.34,23
493,Tariq Chaudhry,Math,3.71,19
8713,Maryam Mughal,CS,3.72,26
2657,Ayesha Chaudhry,CE,3.33,22
2060,Kamran Malik,Chemistry,2.86,26
9120,Hina Raza,Physics,3.86,19
3448,Hina Sheikh,CE,2.73,21
675,Hassan Ansari,Math,2.96,21
816,Zainab Qureshi,BBA,2.89,26
9045,Maryam Sheikh,EE,3.17,25
4342,Kamran Syed,Physics,3.7,19
802,Hina Ahmed,Chemistry,2.12,25
4624,Yahya Malik,BBA,3.45,26
2442,Usman Malik,EE,2.06,18
1296,Bilal Sheikh,ME,2.45,22
6478,Sara Malik,Chemistry,2.03,21
4104,Bilal Chaudhry,CE,2.56,19
96,Sara Khan,EE,2.61,23
3367,Noor Syed,ME,3.13,23
1319,Usman Syed,Physics,2.03,22
6408,Noor Malik,CE,2.3,20
7961,Zainab Ahmed,Math,2.46,22
1653,Usman Qureshi,BBA,2.88,20
9108,Ahmed Raza,EE,3.79,24
2775,Ahmed Ahmed,CS,3.79,20
5738,Kamran Chaudhry,Math,3.86,20
1909,Usman Qureshi,ME,2.71,20
7191,Sara Qureshi,Math,3.39,23
228,Hassan Butt,BBA,2.94,22
6899,Bilal Raza,BBA,2.5,23
5610,Sara Abbasi,CS,3.78,24
7307,Ahmed Sheikh,Chemistry,2.6,25
1984,Fatima Abbasi,Math,3.1,25
2206,Maryam Chaudhry,Chemistry,3.96,18
2076,Omar Qureshi,Math,2.09,26
2773,Hassan Abbasi,EE,2.86,19
8993,Tariq Syed,ME,2.3,24
9705,Kamran Chaudhry,CS,3.82,18
7818,Ayesha Butt,CS,3.14,26
5538,Ahmed Butt,Math,3.27,21
7731,Hassan Chaudhry,CE,2.29,25
8905,Sara Malik,EE,2.52,21
9029,Hassan Mughal,Physics,2.63,18
6861,Omar Syed,EE,3.36,21
1325,Omar Abbasi,Chemistry,2.87,22
8544,Bilal Chaudhry,CS,2.04,25
8015,Usman Raza,CE,2.35,19
7265,Ahmed Malik,CE,3.33,25
7554,Omar Mughal,CS,2.77,22
7271,Fatima Ahmed,ME,3.46,23
2573,Zainab Malik,Chemistry,2.5,24
8234,Tariq Sheikh,CS,3.33,22
553,Noor Syed,CE,2.34,24
307,Fatima Ansari,Math,3.63,22
4066,Omar Syed,Chemistry,3.23,22
4212,Kamran Ahmed,Math,3.66,20
3225,Kamran Malik,ME,2.28,26
8760,Ahmed Sheikh,Physics,3.31,25
9347,Hina Qureshi,CS,2.73,21
5264,Noor Mughal,Chemistry,2.39,22
9590,Tariq Mughal,CS,2.94,19
7011,Yahya Malik,ME,3.94,18
2192,Yahya Ahmed,CE,3.44,25
2433,Tariq Ansari,Physics,3.96,25
4950,Hina Mughal,EE,3.64,20
4581,Ayesha Qureshi,CS,2.73,26
8502,Maryam Sheikh,CE,3.24,22
5973,Sara Abbasi,CE,2.06,25
425,Hassan Raza,Math,2.79,20
5110,Bilal Raza,ME,2.14,18
8074,Ayesha Abbasi,BBA,3.15,19
1123,Hina Mughal,EE,3.06,23
5397,Noor Abbasi,ME,3.36,24
9567,Usman Raza,BBA,3.1,18
1969,Ayesha Syed,CS,3.03,22
3317,Ayesha Abbasi,CE,3.95,20
5750,Yahya Sheikh,Chemistry,2.41,19
1569,Zainab Qureshi,CE,2.28,22
151,Sara Ahmed,Physics,2.89,21
8402,Hassan Qureshi,CE,2.55,25
5244,Hassan Butt,ME,3.64,23
6542,Fatima Sheikh,ME,2.28,20
9136,Bilal Ansari,CS,2.32,18
6401,Yahya Mughal,Chemistry,3.94,25
7880,Ahmed Abbasi,EE,3.23,23
2316,Ayesha Sheikh,CE,3.73,24
9161,Sara Mughal,BBA,2.72,18
7173,Tariq Mughal,ME,2.66,21
5358,Hassan Ansari,Physics,2.23,24
5665,Bilal Abbasi,Physics,2.98,26
212,Omar Raza,Math,2.88,22
7308,Sara Khan,BBA,2.28,26
6720,Noor Raza,Physics,2.95,21
6739,Tariq Abbasi,BBA,3.41,19
6330,Kamran Ansari,Math,3.97,26
8498,Maryam Chaudhry,Chemistry,2.21,23
8929,Zainab Syed,ME,2.83,23
1037,Tariq Ansari,CE,2.88,21
3861,Zainab Malik,Physics,3.77,26
224,Bilal Ansari,BBA,2.69,25
5196,Bilal Chaudhry,EE,2.27,23
4098,Bilal Ahmed,EE,3.24,23
6701,Sara Khan,CE,2.76,25
5589,Ayesha Malik,ME,3.35,21
2373,Kamran Malik,ME,2.87,24
5306,Noor Raza,BBA,2.61,21
6436,Tariq Syed,Chemistry,3.22,26
1695,Omar Butt,CE,3.59,20
1348,Hassan Malik,Chemistry,3.24,23
2845,Sara Ansari,Physics,2.15,25
8644,Zainab Ansari,CE,3.66,18
4978,Ahmed Qureshi,CS,3.17,21
8646,Yahya Sheikh,BBA,2.43,21
1167,Kamran Ahmed,Physics,2.69,25
7846,Hina Mughal,Physics,3.13,21
445,Sara Abbasi,EE,3.88,23
8845,Noor Raza,BBA,3.22,25
7779,Hassan Malik,CS,2.18,24
717,Usman Mughal,EE,3.43,25
5773,Zainab Sheikh,ME,3.33,21
4159,Fatima Syed,BBA,2.34,18
7089,Yahya Ahmed,EE,3.35,25
371,Ahmed Qureshi,EE,2.43,26
8485,Fatima Malik,ME,2.91,18
6276,Omar Abbasi,Math,2.38,23
7478,Yahya Malik,BBA,2.5,18
3809,Ayesha Syed,EE,3.02,26
9748,Bilal Sheikh,Chemistry,2.59,22
8395,Ahmed Butt,BBA,3.83,26
7439,Tariq Chaudhry,ME,2.02,23
4134,Omar Malik,BBA,3.38,22
5561,Fatima Ahmed,EE,3.32,21
1776,Kamran Raza,EE,3.6,24
1986,Omar Khan,Math,2.2,19
8228,Ayesha Mughal,Chemistry,2.61,25
1414,Ayesha Raza,ME,3.93,19
1461,Usman Qureshi,Physics,2.88,18
6199,Sara Sheikh,CE,3.33,22
1624,Noor Malik,BBA,2.27,18
6677,Noor Ansari,Math,3.6,20
8124,Bilal Butt,ME,3.37,22
3427,Noor Syed,CS,2.88,21
1311,Ahmed Chaudhry,BBA,3.72,25
2594,Omar Qureshi,EE,2.67,26
6576,Hina Sheikh,Physics,2.33,18
4398,Yahya Syed,Chemistry,3.2,26
3345,Maryam Raza,Math,2.08,21
3495,Usman Abbasi,Physics,2.12,19
2638,Ayesha Qureshi,Math,3.57,18
723,Omar Khan,Physics,2.18,23
295,Usman Syed,CS,2.94,20
3568,Bilal Chaudhry,BBA,2.59,23
7917,Ayesha Sheikh,Chemistry,2.48,23
6062,Yahya Qureshi,EE,2.47,22
4910,Kamran Ansari,Chemistry,3.46,22
4633,Zainab Sheikh,Chemistry,3.57,19
3756,Sara Syed,Physics,2.59,25
2077,Hassan Ansari,BBA,3.4,24
2596,Omar Ansari,Chemistry,3.42,18
2140,Maryam Khan,EE,3.49,26
6069,Maryam Mughal,EE,2.34,21
8202,Ayesha Abbasi,BBA,3.78,20
1667,Bilal Butt,ME,2.8,24
784,Hassan Syed,Chemistry,3.35,20
5584,Bilal Qureshi,Math,3.2,23
5272,Hina Mughal,CS,3.58,22
8469,Kamran Malik,CE,2.65,18
1967,Omar Abbasi,Math,2.56,24
8153,Zainab Abbasi,Physics,3.36,25
1665,Kamran Ansari,CS,3.38,19
4305,Maryam Butt,Chemistry,3.22,24
4527,Ayesha Ahmed,BBA,2.86,26
9415,Maryam Chaudhry,CE,3.83,20
7144,Fatima Ansari,CE,3.87,21
7350,Noor Ansari,Physics,2.11,22
8301,Omar Abbasi,EE,2.45,24
9343,Hassan Ahmed,CE,3.54,24
6667,Ayesha Abbasi,BBA,2.93,18
753,Zainab Abbasi,EE,2.39,25
2780,Kamran Ahmed,BBA,3.81,25
6873,Hina Chaudhry,ME,3.21,18
5644,Fatima Raza,Physics,3.5,21
3005,Ahmed Qureshi,Physics,2.12,24
2827,Hina Raza,CE,3.52,22
8906,Omar Butt,Physics,2.3,21
1730,Omar Mughal,Chemistry,2.3,24
8044,Ayesha Syed,Chemistry,2.43,22
7185,Hassan Malik,Physics,3.97,24
5379,Omar Abbasi,EE,3.12,18
8208,Fatima Raza,CE,2.45,26
3665,Ayesha Qureshi,EE,3.28,19
4796,Sara Abbasi,Physics,2.17,26
3850,Kamran Raza,Chemistry,2.93,19
9481,Usman Ansari,Math,2.66,24
6190,Tariq Syed,Chemistry,3.11,21
1719,Maryam Sheikh,CS,3.13,18
455,Sara Syed,ME,2.77,25
7645,Maryam Khan,CS,2.71,24
8118,Zainab Ansari,EE,2.31,24
7744,Ayesha Butt,EE,2.8,20
6802,Bilal Khan,BBA,2.71,24
8998,Maryam Sheikh,BBA,3.1,26
2897,Bilal Mughal,CE,3.56,24
8569,Usman Butt,CS,3.98,18
9384,Tariq Mughal,Chemistry,2.56,21
4129,Tariq Chaudhry,Physics,2.5,23
866,Usman Chaudhry,CE,2.52,18
7012,Sara Syed,CS,2.78,18
7281,Hassan Malik,EE,2.98,21
7518,Fatima Ansari,Physics,2.9,20
1324,Yahya Khan,ME,3.49,19
8712,Usman Khan,CS,2.91,22
8490,Maryam Abbasi,Chemistry,2.79,18
5742,Ayesha Syed,Physics,2.89,18
9270,Omar Qureshi,Physics,2.48,19
7642,Usman Khan,BBA,3.66,22
4898,Ayesha Raza,CE,3.39,18
2124,Hina Qureshi,EE,2.37,20
6381,Omar Butt,EE,2.7,20
5224,Sara Raza,ME,3.61,22
5805,Kamran Qureshi,BBA,2.33,21
6552,Hassan Ahmed,ME,2.3,22
7444,Kamran Ahmed,ME,2.05,25
133,Yahya Sheikh,ME,3.72,26
9123,Hassan Chaudhry,CE,3.57,26
9836,Zainab Ahmed,Chemistry,3.51,18
5911,Omar Sheikh,EE,3.48,26
9578,Hina Syed,CS,2.83,26
3123,Kamran Raza,CS,2.45,25
4761,Tariq Butt,Math,2.5,19
7482,Tariq Syed,EE,3.23,21
5961,Omar Malik,EE,3.39,18
263,Zainab Chaudhry,Chemistry,3.84,21
2214,Kamran Chaudhry,Math,2.03,25
6311,Sara Khan,CS,2.14,20
1754,Noor Butt,EE,3.29,21
4783,Hassan Chaudhry,ME,2.45,19
6145,Fatima Raza,CS,3.64,21
9494,Ayesha Abbasi,CE,3.93,18
7464,Yahya Sheikh,EE,3.1,25
4449,Hassan Khan,Physics,2.16,22
6326,Ahmed Butt,EE,3.96,24
2136,Hassan Abbasi,Physics,3.08,26
8326,Kamran Ansari,EE,2.47,24
1729,Yahya Malik,Chemistry,2.76,23
3451,Yahya Ahmed,Math,3.04,19
568,Omar Mughal,CE,3.03,18
3573,Usman Raza,Physics,3.66,18
8324,Zainab Ahmed,Chemistry,3.44,22
3853,Maryam Sheikh,Physics,3.7,23
4063,Sara Chaudhry,EE,3.12,19
6248,Hassan Ansari,Chemistry,2.45,22
7823,Ahmed Abbasi,Physics,2.44,21
6334,Omar Qureshi,Physics,3.05,21
2073,Zainab Qureshi,Math,2.73,23
1297,Maryam Mughal,EE,2.5,22
7217,Kamran Chaudhry,CS,2.95,19
8223,Zainab Khan,ME,3.7,19
2820,Yahya Chaudhry,BBA,2.56,25
2342,Usman Chaudhry,Physics,3.98,24
3518,Omar Chaudhry,Math,3.32,23
2567,Omar Mughal,BBA,2.38,25
959,Fatima Malik,EE,2.9,18
3984,Tariq Raza,CS,2.03,23
2390,Kamran Qureshi,Chemistry,3.66,22
6959,Usman Qureshi,ME,3.8,24
3302,Tariq Qureshi,Math,3.66,26
5238,Noor Chaudhry,EE,2.54,24
3591,Hina Ansari,CS,3.27,18
681,Sara Ahmed,ME,2.15,23
3195,Ayesha Chaudhry,Math,3.98,23
795,Maryam Ahmed,Chemistry,2.02,19
9765,Yahya Chaudhry,Math,2.8,24
376,Zainab Khan,Math,3.69,26
2957,Usman Ansari,BBA,3.25,18
3595,Hina Raza,Chemistry,3.94,24
8862,Yahya Abbasi,CE,3.79,21
1883,Hassan Khan,BBA,2.45,24
1508,Sara Malik,ME,3.2,18
5840,Hassan Qureshi,ME,2.53,26
4551,Tariq Sheikh,Math,3.23,20
2470,Ayesha Syed,CS,2.4,18
9676,Ahmed Mughal,CE,3.26,26
35,Maryam Syed,EE,3.71,23
2630,Zainab Malik,EE,3.59,18
1845,Tariq Ansari,Physics,2.1,22
2423,Kamran Khan,EE,2.18,21
1836,Usman Abbasi,BBA,2.76,24
6195,Omar Sheikh,CE,2.45,19
1541,Maryam Sheikh,ME,2.55,19
8767,Zainab Ahmed,BBA,3.02,26
2278,Tariq Ahmed,Physics,2.17,25
5577,Hina Butt,Math,3.39,20
8746,Ahmed Malik,ME,3.94,19
6926,Ahmed Sheikh,BBA,3.36,24
8660,Noor Ahmed,EE,3.18,26
6378,Sara Sheikh,EE,3.58,24
634,Hassan Ahmed,Chemistry,3.42,19
8977,Hassan Abbasi,CE,2.75,23
2322,Tariq Qureshi,CS,2.41,19
1837,Usman Qureshi,CE,3.22,24
7879,Kamran Qureshi,ME,3.29,20
4050,Kamran Butt,EE,3.99,20
3130,Zainab Chaudhry,ME,2.44,18
1534,Noor Chaudhry,Math,3.7,22
2483,Tariq Sheikh,EE,2.62,19
4191,Maryam Sheikh,Physics,3.47,20
383,Tariq Syed,Math,2.57,23
9239,Ahmed Malik,ME,3.34,25
4182,Maryam Syed,EE,3.39,20
1265,Yahya Ahmed,CS,2.57,24
7635,Ahmed Sheikh,CS,3.24,26
9089,Usman Khan,ME,3.57,22
2201,Kamran Qureshi,ME,2.63,26
4839,Kamran Ansari,BBA,2.38,24
7738,Hassan Ansari,EE,3.32,21
6747,Sara Ahmed,EE,2.6,18
581,Omar Khan,CS,2.78,22
7348,Bilal Ahmed,Chemistry,3.08,25
9204,Sara Qureshi,BBA,2.95,20
4519,Sara Sheikh,Physics,2.28,21
9556,Hassan Abbasi,Math,3.65,22
6406,Maryam Abbasi,CS,2.92,19
6913,Ayesha Raza,EE,3.5,24
432,Omar Khan,ME,2.05,18
214,Bilal Khan,Math,2.7,18
3114,Hina Butt,CE,3.5,22
5944,Sara Khan,Chemistry,2.8,26
3695,Ayesha Mughal,Physics,3.45,19
1682,Ayesha Ahmed,Chemistry,2.65,24
7,Maryam Chaudhry,CE,3.98,24
6569,Yahya Khan,CS,3.26,21
8718,Fatima Syed,Physics,3.86,25
5019,Noor Chaudhry,BBA,3.5,20
5187,Hina Qureshi,ME,2.76,19
4713,Tariq Mughal,CS,2.61,20
348,Kamran Butt,CS,2.2,19
3667,Usman Ahmed,Chemistry,2.02,24
7150,Zainab Syed,EE,2.18,20
9053,Omar Sheikh,Math,3.27,20
1177,Tariq Khan,CS,2.53,19
5286,Yahya Butt,CE,2.96,21
4733,Yahya Qureshi,ME,3.61,22
8316,Usman Ansari,ME,2.54,25
6502,Maryam Ansari,BBA,3.58,26
7024,Kamran Ansari,Chemistry,2.41,25
130,Ayesha Raza,Math,3.28,24
1259,Bilal Butt,Physics,2.19,23
3002,Sara Butt,Chemistry,3.45,23
1118,Kamran Khan,Chemistry,3.96,22
8589,Hina Sheikh,ME,2.45,24
8322,Sara Raza,ME,2.61,26
9831,Hassan Sheikh,Physics,3.99,26
1491,Noor Butt,EE,2.07,19
5265,Omar Ansari,BBA,3.24,18
9487,Yahya Qureshi,CE,3.69,26
2953,Omar Chaudhry,Chemistry,3.63,24
9512,Usman Mughal,CS,2.03,24
4224,Maryam Raza,CS,3.23,19
9616,Zainab Syed,Chemistry,3.49,22
3684,Zainab Sheikh,Physics,3.25,26
347,Noor Khan,EE,3.21,22
2565,Usman Syed,CS,2.09,18
4692,Ahmed Syed,Chemistry,3.81,21
1607,Yahya Qureshi,BBA,3.44,18
4157,Omar Ansari,ME,2.29,22
1570,Noor Mughal,ME,3.96,21
7853,Ahmed Khan,BBA,3.16,22
9854,Zainab Malik,ME,2.52,24
6526,Omar Ahmed,CS,3.98,23
5767,Noor Qureshi,CS,2.34,23
3830,Sara Butt,Physics,3.22,20
1821,Kamran Raza,ME,3.51,26
6503,Ayesha Abbasi,ME,3.88,18
8585,Usman Sheikh,ME,3.1,18
7114,Ayesha Abbasi,BBA,2.96,21
1321,Omar Syed,BBA,2.6,26
51,Yahya Khan,Physics,2.79,24
1661,Hina Raza,ME,2.65,21
7389,Noor Syed,Math,2.84,26
3413,Fatima Mughal,CE,3.78,18
3117,Bilal Ahmed,ME,2.74,23
3137,Zainab Ahmed,CE,3.7,23
7796,Omar Raza,BBA,3.89,23
9201,Ahmed Ansari,Physics,2.42,23
9233,Yahya Ahmed,ME,3.29,22
8938,Ahmed Syed,CE,2.07,20
8252,Bilal Syed,CE,2.84,20
2811,Fatima Butt,Physics,3.8,25
888,Bilal Ansari,BBA,2.59,20
8375,Hassan Ahmed,Math,3.22,19
2915,Fatima Malik,ME,3.35,25
8821,Usman Ahmed,Physics,2.83,25
2279,Hina Chaudhry,CE,3.18,24
7064,Zainab Mughal,Physics,3.56,21
6001,Tariq Butt,ME,2.83,21
8383,Omar Ahmed,ME,3.16,19
6298,Hassan Malik,EE,2.81,24
6820,Sara Chaudhry,EE,2.27,19
6411,Maryam Ahmed,CS,2.12,26
1728,Fatima Butt,CS,2.46,26
6707,Hassan Qureshi,Physics,2.0,20
5513,Ahmed Sheikh,CE,2.11,22
6597,Ayesha Ansari,EE,2.41,18
2048,Yahya Mughal,BBA,3.42,24
608,Zainab Mughal,Chemistry,2.01,20
7951,Ayesha Abbasi,BBA,2.7,19
8212,Usman Malik,ME,3.78,25
91,Usman Sheikh,Chemistry,2.12,22
1585,Hassan Ahmed,Math,2.13,24
648,Zainab Ansari,ME,3.94,18
9678,Kamran Abbasi,Math,3.74,26
9135,Omar Mughal,Math,3.25,24
1446,Usman Sheikh,Math,2.82,26
5640,Noor Chaudhry,CS,3.03,23
4482,Omar Raza,CE,3.39,22
6106,Noor Ahmed,Physics,3.55,21
4123,Kamran Chaudhry,EE,2.15,22
5313,Usman Syed,CS,3.6,23
8513,Yahya Abbasi,CS,3.92,23
1612,Omar Khan,EE,2.72,22
2348,Zainab Qureshi,Chemistry,2.99,20
2184,Noor Abbasi,Physics,2.72,26
1187,Ahmed Butt,ME,2.75,20
656,Ayesha Khan,EE,3.98,18
4468,Zainab Abbasi,Physics,3.92,20
8143,Ayesha Ansari,Math,2.46,21
5753,Noor Raza,EE,2.09,21
4155,Omar Khan,EE,3.52,21
8561,Yahya Raza,Chemistry,3.05,20
967,Noor Chaudhry,Chemistry,2.4,20
2401,Hina Butt,ME,2.98,20
6284,Hina Sheikh,CE,2.92,25
6989,Hassan Sheikh,CS,2.08,23
5270,Kamran Ansari,Chemistry,3.46,25
843,Bilal Abbasi,Chemistry,3.94,19
7180,Fatima Malik,CE,2.51,23
9092,Yahya Malik,EE,2.7,25
4763,Fatima Malik,BBA,2.54,22
2976,Usman Butt,CS,3.56,25
2833,Ayesha Khan,EE,2.65,24
1527,Yahya Chaudhry,ME,2.94,25
735,Zainab Ansari,Chemistry,2.89,21
6852,Hassan Mughal,EE,3.49,23
7884,Ahmed Raza,Physics,2.2,20
8947,Zainab Butt,CS,3.29,23
4739,Usman Butt,CS,2.57,21
5652,Ayesha Raza,Physics,3.23,24
1636,Tariq Ahmed,CE,3.52,22
4664,Maryam Qureshi,ME,2.54,20
7416,Ahmed Qureshi,Math,3.81,22
5435,Yahya Ahmed,CE,2.63,25
9996,Hina Raza,ME,3.78,24
2022,Hina Sheikh,BBA,2.31,18
2481,Maryam Malik,ME,3.23,22
5560,Fatima Mughal,ME,2.85,26
4843,Sara Ansari,EE,3.05,19
2240,Zainab Syed,Chemistry,3.76,22
9753,Sara Chaudhry,CE,3.96,20
7719,Bilal Butt,ME,2.27,20
3220,Bilal Raza,BBA,2.52,24
5980,Zainab Ansari,CS,2.98,21
6123,Sara Sheikh,Math,3.46,24
5924,Hassan Malik,Physics,3.8,23
247,Yahya Khan,ME,2.97,22
3021,Fatima Khan,ME,3.46,19
5635,Zainab Ansari,Chemistry,2.35,23
9583,Zainab Malik,EE,2.28,19
3884,Usman Qureshi,CE,3.18,21
3075,Hina Ansari,Chemistry,2.08,24
9407,Fatima Mughal,Physics,3.49,26
4889,Bilal Qureshi,Math,2.47,25
3022,Yahya Chaudhry,CS,3.88,20
1287,Tariq Mughal,ME,3.16,25
3188,Omar Khan,CS,3.83,24
1704,Omar Sheikh,BBA,2.8,18
3721,Hina Chaudhry,BBA,2.84,21
5781,Kamran Qureshi,CS,3.28,26
6272,Yahya Ahmed,BBA,2.42,26
5857,Omar Chaudhry,ME,2.23,22
6849,Bilal Qureshi,CS,2.45,25
6183,Fatima Syed,Chemistry,3.39,25
8241,Kamran Mughal,CS,2.29,24
5483,Ayesha Butt,CS,2.72,19
4027,Omar Malik,Physics,2.73,19
9783,Usman Raza,Physics,3.75,18
1140,Ahmed Raza,CS,3.81,20
5675,Hina Abbasi,CS,2.1,23
7690,Hassan Ahmed,EE,3.07,23
4188,Zainab Ahmed,Physics,3.14,19
3053,Tariq Khan,Math,3.76,18
9218,Omar Mughal,BBA,2.11,20
2986,Fatima Mughal,Chemistry,2.56,23
4346,Ahmed Butt,BBA,3.25,20
2513,Omar Abbasi,CS,3.99,23
6287,Zainab Khan,EE,3.06,22
1584,Yahya Syed,BBA,2.4,20
9271,Usman Abbasi,EE,3.25,25
221,Usman Ahmed,Math,3.62,25
116,Yahya Abbasi,CE,3.61,19
454,Zainab Malik,CS,3.87,24
8599,Zainab Mughal,CE,3.57,22
9442,Omar Sheikh,EE,2.18,24
218,Bilal Ahmed,EE,3.66,23
1116,Yahya Mughal,Math,2.51,25
9026,Yahya Khan,CE,2.69,25
7836,Ahmed Ansari,CS,3.4,19
7552,Yahya Abbasi,Chemistry,2.05,26
1480,Fatima Butt,EE,3.82,24
8974,Zainab Abbasi,CS,3.08,20
121,Tariq Ahmed,CS,2.94,18
5066,Ahmed Mughal,BBA,2.98,24
7481,Ahmed Sheikh,Physics,3.13,20
7393,Sara Malik,ME,2.28,19
3648,Sara Mughal,ME,2.53,22
6647,Ahmed Khan,Chemistry,3.69,19
5093,Zainab Abbasi,Math,3.11,20
3596,Bilal Khan,CE,2.89,19
2239,Usman Mughal,CS,2.1,22
3311,Tariq Chaudhry,BBA,3.69,22
2361,Yahya Abbasi,EE,2.15,24
1783,Sara Qureshi,Physics,2.06,24
7616,Ahmed Raza,EE,3.1,24
9962,Ayesha Chaudhry,CE,3.51,18
534,Kamran Syed,ME,3.86,22
5940,Omar Syed,BBA,2.64,18
5751,Omar Ansari,ME,2.01,22
834,Yahya Butt,CE,2.71,26
5509,Ayesha Qureshi,CS,2.01,18
3330,Tariq Raza,CE,3.78,21
6706,Ahmed Syed,ME,2.35,19
7859,Maryam Sheikh,ME,3.32,26
6020,Ayesha Ansari,ME,3.73,25
7874,Usman Sheikh,Physics,3.94,26
3670,Ahmed Qureshi,CE,3.33,22
2493,Kamran Sheikh,Chemistry,3.8,21
8085,Bilal Qureshi,ME,3.43,26
5890,Sara Chaudhry,Physics,3.05,25
6364,Fatima Syed,EE,3.69,25
7451,Fatima Chaudhry,BBA,3.16,20
5116,Zainab Qureshi,BBA,3.42,26
5913,Fatima Khan,Physics,2.16,22
7063,Kamran Sheikh,EE,2.69,26
960,Zainab Malik,EE,3.58,23
1615,Bilal Abbasi,Math,2.63,26
7513,Kamran Ansari,Math,3.98,21
1270,Usman Khan,CS,3.02,24
3565,Omar Sheikh,Chemistry,3.22,24
5754,Hassan Khan,Chemistry,2.89,23
6921,Sara Qureshi,ME,3.46,19
596,Maryam Qureshi,Physics,3.31,24
7120,Maryam Raza,CE,2.7,24
6021,Bilal Ahmed,ME,3.08,20
6574,Tariq Mughal,Math,2.49,19
4323,Yahya Syed,ME,3.78,25
4355,Fatima Butt,EE,4.0,19
9396,Omar Syed,EE,3.71,21
5434,Tariq Chaudhry,ME,2.25,25
2202,Hassan Butt,CE,3.61,22
4173,Kamran Ahmed,Math,2.5,22
1363,Hina Ansari,BBA,2.93,24
5119,Ayesha Ansari,Chemistry,3.46,24
9489,Maryam Raza,CS,3.36,18
3941,Sara Butt,Math,3.66,26
9572,Tariq Butt,Chemistry,2.39,22
3582,Yahya Ahmed,Chemistry,3.93,22
4595,Omar Abbasi,Math,3.33,26
8140,Maryam Ahmed,ME,2.77,25
4420,Fatima Ansari,Chemistry,3.68,24
8220,Sara Sheikh,BBA,2.05,18
986,Hassan Qureshi,Math,3.54,19
2055,Sara Mughal,Math,3.4,19
1659,Tariq Butt,CE,3.25,24
7601,Sara Khan,CE,2.79,18
4976,Ayesha Ansari,BBA,3.35,20
510,Sara Abbasi,ME,2.77,19
6683,Noor Butt,CS,2.72,25
7864,Ayesha Ahmed,CS,2.09,24
4334,Bilal Malik,ME,2.49,24
4156,Noor Syed,Math,3.5,24
1104,Noor Sheikh,ME,3.02,18
4585,Tariq Qureshi,ME,3.19,22
9326,Zainab Syed,Chemistry,3.25,26
7262,Fatima Khan,Physics,2.04,26
7388,Ahmed Khan,Chemistry,3.93,25
6905,Usman Abbasi,Physics,3.17,26
528,Ayesha Ansari,BBA,3.09,19
6609,Bilal Butt,CS,2.0,25
9998,Yahya Ahmed,EE,2.98,24
6559,Usman Ansari,Math,2.02,19
5134,Noor Raza,EE,3.51,26
9649,Hina Chaudhry,CS,3.04,25
9480,Zainab Chaudhry,BBA,3.29,19
9022,Noor Abbasi,Physics,3.79,24
7040,Usman Ahmed,Physics,3.92,24
6064,Ayesha Syed,BBA,2.84,19
3926,Sara Sheikh,BBA,2.26,24
1257,Sara Ahmed,Physics,3.82,20
9713,Usman Khan,Chemistry,3.48,22
1716,Usman Mughal,Math,3.31,21
3147,Zainab Butt,Chemistry,3.55,20
531,Bilal Malik,BBA,2.52,18
6371,Fatima Raza,Physics,3.74,23
6120,Hina Ahmed,BBA,2.51,21
1109,Fatima Abbasi,Math,3.03,25
7288,Hassan Ansari,EE,2.78,19
9848,Tariq Mughal,CS,2.88,18
7960,Ahmed Qureshi,CS,3.65,23
7299,Yahya Mughal,Chemistry,2.48,26
2298,Sara Raza,CE,3.52,22
3590,Ayesha Abbasi,CS,3.73,25
3625,Usman Sheikh,Chemistry,3.8,19
774,Yahya Butt,ME,2.64,24
4106,Bilal Sheikh,Math,2.4,20
3023,Bilal Khan,Physics,2.16,24
2847,Tariq Ahmed,Physics,3.43,18
9311,Ahmed Ansari,ME,3.6,20
3306,Noor Malik,BBA,2.72,23
3168,Usman Butt,Math,3.37,22
5616,Tariq Abbasi,CE,2.78,23
1290,Noor Mughal,BBA,2.48,18
8108,Zainab Malik,Math,3.11,22
2017,Kamran Qureshi,CE,3.51,21
8419,Tariq Syed,BBA,2.32,22
6414,Usman Ahmed,Physics,2.27,21
632,Maryam Qureshi,BBA,2.18,21
5390,Hina Ansari,EE,3.65,26
5978,Tariq Sheikh,Math,2.62,25
2366,Zainab Butt,EE,2.46,20
5955,Maryam Qureshi,EE,3.13,19
7171,Noor Malik,Physics,2.27,24
1316,Zainab Sheikh,Math,3.36,24
7285,Bilal Malik,ME,2.43,18
8719,Tariq Syed,ME,3.91,18
5297,Fatima Sheikh,CS,2.27,26
4715,Hassan Abbasi,CE,3.66,21
6668,Tariq Abbasi,Math,2.25,22
3416,Kamran Malik,CS,3.67,21
8133,Usman Syed,CE,2.1,18
5567,Sara Qureshi,Physics,2.01,26
8831,Hassan Raza,BBA,3.63,18
5882,Noor Ahmed,BBA,3.66,26
7365,Noor Mughal,CE,2.88,20
2496,Hina Ahmed,Math,3.39,21
1424,Tariq Abbasi,ME,2.41,24
818,Hina Chaudhry,Physics,2.58,23
4648,Kamran Syed,Physics,3.24,20
7223,Usman Qureshi,BBA,2.09,20
5384,Hina Ahmed,Math,3.47,24
3747,Tariq Sheikh,Math,3.58,25
2607,Omar Abbasi,EE,3.5,26
5937,Usman Ahmed,CS,3.01,26
6215,Fatima Chaudhry,BBA,2.31,24
3620,Hassan Malik,CE,2.52,20
6778,Omar Raza,CS,2.39,22
2242,Fatima Mughal,CS,2.69,26
9730,Noor Chaudhry,BBA,2.79,21
7839,Ayesha Syed,EE,3.19,19
9130,Sara Khan,Physics,2.29,19
3762,Zainab Butt,ME,3.85,18
917,Kamran Butt,Chemistry,3.0,21
271,Fatima Ahmed,Math,3.8,24
6285,Tariq Mughal,Physics,2.89,22
2151,Ahmed Abbasi,CS,3.47,21
3946,Hina Syed,CE,2.89,24
6432,Tariq Malik,Math,3.85,22
7532,Ayesha Qureshi,Math,2.69,21
8917,Zainab Ansari,CE,2.46,26
6799,Hassan Ahmed,ME,3.0,22
6601,Omar Qureshi,Math,2.42,23
1155,Bilal Mughal,BBA,2.61,24
5367,Noor Sheikh,BBA,2.33,24
905,Zainab Raza,Chemistry,2.88,18
7831,Bilal Khan,CE,3.29,20
3398,Sara Ahmed,Physics,3.41,23
1392,Ayesha Malik,Math,2.78,19
2003,Kamran Abbasi,Math,2.62,25
4709,Omar Khan,Math,3.89,18
519,Omar Mughal,CE,2.92,21
2395,Yahya Ahmed,ME,4.0,24
4024,Usman Ahmed,Chemistry,2.72,21
6337,Maryam Abbasi,EE,2.92,20
4985,Yahya Sheikh,Physics,3.77,25
6219,Noor Sheikh,CE,3.51,22
6421,Kamran Qureshi,ME,2.69,18
8986,Tariq Butt,Math,2.97,18
8856,Ayesha Butt,Physics,3.33,19
8633,Maryam Qureshi,CS,3.93,25
6674,Zainab Ahmed,EE,3.58,24
9731,Hina Ahmed,Chemistry,3.88,26
4086,Sara Butt,Physics,2.53,19
8391,Zainab Ahmed,Math,2.17,21
3674,Tariq Mughal,Chemistry,3.5,20
7434,Fatima Sheikh,Math,2.81,23
3045,Hassan Butt,BBA,2.8,20
8888,Bilal Ansari,Chemistry,2.97,23
6691,Omar Abbasi,Physics,3.56,26
4671,Noor Malik,BBA,2.64,22
7423,Yahya Malik,Math,2.06,20
8880,Ayesha Abbasi,CE,3.54,21
7305,Sara Khan,CE,2.93,26
4690,Zainab Malik,Math,2.47,24
1372,Yahya Ahmed,EE,3.93,21
2750,Noor Qureshi,Physics,2.12,18
1962,Hina Malik,CS,3.48,21
1040,Ayesha Abbasi,Math,3.78,25
503,Ahmed Mughal,Chemistry,3.16,25
5641,Usman Ahmed,CE,3.41,22
3567,Omar Ahmed,CE,2.97,18
8581,Sara Mughal,Physics,2.71,20
6695,Tariq Butt,ME,2.35,21
6455,Usman Syed,EE,3.78,25
2296,Usman Sheikh,Physics,3.31,21
4211,Yahya Qureshi,ME,2.3,24
7077,Bilal Ahmed,EE,2.35,26
7244,Ayesha Syed,ME,2.94,20
3532,Tariq Sheikh,Math,3.29,24
732,Ayesha Ansari,Physics,3.05,24
6188,Zainab Butt,CS,2.54,23
9660,Omar Malik,CE,3.3,21
8847,Zainab Chaudhry,Chemistry,2.28,22
3202,Ayesha Butt,BBA,2.52,26
1726,Omar Ahmed,Physics,2.75,22
7047,Yahya Abbasi,CE,2.2,19
7664,Sara Qureshi,Physics,2.87,20
7239,Kamran Raza,CS,3.21,20
9352,Hina Qureshi,CS,2.53,20
8274,Omar Raza,Physics,3.68,25
2917,Noor Qureshi,EE,3.38,18
5585,Omar Chaudhry,CS,2.15,20
8893,Usman Qureshi,CS,3.42,20
1304,Ayesha Khan,Math,3.66,24
6510,Fatima Raza,Math,3.54,19
5439,Hassan Ahmed,BBA,3.19,21
4916,Usman Mughal,CE,2.32,25
602,Ahmed Butt,Physics,2.36,25
1867,Maryam Ansari,ME,3.84,18
2728,Zainab Butt,CS,3.25,24
1586,Kamran Mughal,CS,3.07,22
126,Usman Mughal,Physics,3.25,22
2934,Hassan Ansari,Chemistry,2.73,25
5118,Ahmed Khan,CE,2.0,19
671,Ayesha Butt,Physics,2.24,22
4639,Noor Mughal,EE,2.03,23
5294,Omar Butt,EE,3.64,18
496,Maryam Qureshi,Chemistry,3.92,26
2268,Ahmed Mughal,ME,2.95,22
9133,Hina Ansari,CS,2.16,25
5031,Zainab Raza,CS,2.01,24
2363,Fatima Mughal,BBA,3.56,23
9276,Yahya Mughal,BBA,2.89,22
9917,Ahmed Ahmed,Math,2.1,21
6260,Kamran Butt,Math,3.63,18
8822,Usman Ahmed,Chemistry,2.55,19
7767,Omar Khan,CE,2.97,24
5191,Ahmed Chaudhry,Math,2.01,22
2835,Ayesha Khan,EE,3.15,20
3718,Bilal Chaudhry,Math,3.08,22
1788,Hassan Raza,Chemistry,2.63,24
8256,Ahmed Butt,Chemistry,2.71,18
2808,Fatima Raza,Chemistry,3.11,25
3431,Hina Butt,CS,3.74,23
5681,Fatima Sheikh,CE,2.06,18
9759,Usman Ahmed,CE,2.12,23
4193,Ayesha Butt,CE,2.22,24
2876,Omar Khan,ME,3.92,19
1630,Hina Syed,BBA,2.93,26
5193,Omar Qureshi,CS,3.19,19
3561,Noor Khan,CE,3.51,19
1897,Zainab Khan,CS,3.81,19
6535,Zainab Ansari,BBA,3.81,26
3693,Omar Ansari,CE,3.67,22
2615,Zainab Syed,Physics,3.19,22
4811,Sara Sheikh,CS,3.66,20
951,Noor Syed,Chemistry,3.89,19
5768,Bilal Butt,Math,2.87,21
3922,Ahmed Butt,BBA,3.22,20
1267,Fatima Sheikh,Math,2.96,19
8200,Noor Malik,Physics,3.6,23
5546,Ayesha Chaudhry,BBA,3.22,19
4085,Sara Ansari,Chemistry,3.7,23
1727,Yahya Butt,EE,2.86,18
2593,Sara Syed,EE,2.21,20
5214,Maryam Khan,Chemistry,3.04,25
2704,Omar Malik,Physics,2.16,23
3459,Yahya Syed,ME,2.74,26
2577,Hassan Butt,Chemistry,2.03,26
2304,Usman Qureshi,Chemistry,2.84,25
1638,Hina Mughal,Chemistry,2.97,19
9876,Hassan Syed,Chemistry,3.29,22
5449,Fatima Raza,Math,2.07,23
5638,Zainab Ansari,CE,3.08,23
5572,Omar Mughal,Chemistry,3.86,24
1154,Omar Khan,BBA,3.1,19
5988,Ayesha Ansari,Chemistry,3.2,26
4435,Hassan Ansari,EE,2.08,23
7786,Omar Ahmed,Math,2.55,19
4433,Omar Khan,BBA,2.26,19
8151,Yahya Ahmed,CE,3.18,25
1891,Yahya Chaudhry,CE,2.57,20
9387,Zainab Mughal,Physics,3.68,23
1578,Maryam Raza,BBA,3.16,20
7900,Ahmed Sheikh,CE,2.85,21
8280,Kamran Ahmed,CS,3.8,18
4987,Ahmed Ansari,Chemistry,3.04,26
6960,Ayesha Mughal,Math,2.33,20
9426,Zainab Ahmed,CS,2.6,18
9884,Ayesha Mughal,EE,2.7,22
9290,Kamran Ahmed,BBA,3.96,25
2438,Fatima Khan,ME,3.01,23
436,Fatima Chaudhry,CS,2.09,24
9958,Fatima Butt,Physics,3.67,23
2754,Hina Khan,Chemistry,2.13,19
4320,Fatima Ahmed,Math,2.42,22
920,Ahmed Butt,Chemistry,3.17,19
4906,Sara Qureshi,CS,2.46,26
6379,Kamran Abbasi,Chemistry,3.38,24
5485,Bilal Qureshi,ME,3.02,21
9641,Fatima Sheikh,BBA,2.27,21
6889,Hina Abbasi,CS,3.92,22
3931,Ahmed Butt,Physics,3.34,23
814,Usman Ansari,ME,3.02,20
7749,Ayesha Ahmed,Chemistry,2.74,23
3040,Fatima Syed,CS,3.11,23
5683,Noor Raza,CE,2.13,24
1966,Ahmed Sheikh,Math,3.02,23
4339,Ayesha Sheikh,CE,2.51,18
2770,Maryam Chaudhry,Math,2.0,26
2852,Sara Sheikh,Physics,3.66,21
3073,Noor Khan,CE,2.11,24
6988,Hina Chaudhry,Physics,2.3,26
1475,Sara Abbasi,Math,3.66,25
9527,Fatima Abbasi,Math,3.83,23
4010,Bilal Chaudhry,CS,3.83,18
7119,Yahya Chaudhry,Physics,3.41,21
5588,Sara Abbasi,CS,2.59,23
9790,Hassan Raza,CE,3.31,24
8457,Ayesha Ahmed,CS,3.61,20
9041,Hassan Malik,BBA,3.18,24
4473,Yahya Khan,CE,3.76,26
1887,Bilal Sheikh,CS,3.04,21
4304,Hina Syed,CE,3.2,24
1365,Noor Syed,Physics,3.42,21
6484,Usman Sheikh,Math,2.31,20
623,Hassan Ahmed,BBA,2.18,19
6164,Ahmed Raza,ME,3.71,22
935,Usman Ansari,CE,2.94,18
93,Usman Sheikh,ME,3.51,20
2714,Kamran Ansari,CS,3.28,20
5114,Sara Abbasi,BBA,3.4,20
9268,Yahya Mughal,EE,2.03,23
9535,Bilal Syed,Chemistry,3.05,21
9214,Tariq Raza,BBA,3.33,26
9150,Yahya Chaudhry,Physics,2.71,19
5366,Hassan Raza,Physics,3.21,25
8206,Zainab Abbasi,Chemistry,2.07,20
6194,Fatima Abbasi,Math,3.02,26
565,Maryam Chaudhry,BBA,3.95,22
7374,Fatima Malik,BBA,3.72,24
1194,Omar Khan,ME,3.37,21
4416,Hassan Khan,CS,3.67,18
1024,Usman Chaudhry,CE,2.86,24
8042,Bilal Chaudhry,Chemistry,3.48,24
6193,Maryam Chaudhry,Math,3.47,18
3920,Omar Abbasi,EE,2.76,24
9805,Zainab Khan,Chemistry,2.94,23
9299,Omar Qureshi,CS,2.12,19
3122,Yahya Mughal,Math,2.08,26
577,Ayesha Syed,CS,3.98,18
8203,Noor Butt,EE,2.97,26
8468,Ayesha Syed,Physics,2.2,19
3037,Usman Ansari,CS,3.37,21
9642,Yahya Raza,BBA,2.99,22
5288,Zainab Mughal,EE,3.09,25
346,Maryam Malik,Math,3.8,19
6563,Kamran Ansari,Chemistry,2.04,20
7371,Ayesha Chaudhry,Physics,2.57,24
3876,Tariq Sheikh,Physics,3.64,25
5523,Bilal Butt,ME,3.61,24
2788,Usman Syed,CS,3.4,18
9075,Tariq Khan,Physics,2.7,26
7899,Noor Raza,Physics,2.9,23
7399,Hina Butt,BBA,3.81,22
2586,Omar Syed,EE,2.29,18
294,Bilal Ahmed,ME,2.8,20
3086,Noor Syed,Math,3.32,20
1400,Ayesha Butt,BBA,3.59,24
4,Hina Butt,CS,2.19,21
4415,Maryam Syed,CS,2.37,21
5710,Bilal Malik,ME,3.0,22
5733,Ahmed Ahmed,Physics,3.23,21
7167,Zainab Ahmed,CE,3.49,18
7056,Hassan Sheikh,EE,2.6,18
535,Sara Malik,Math,2.4,25
477,Fatima Mughal,Math,2.28,26
7134,Noor Syed,CE,2.59,19
4942,Bilal Ansari,BBA,3.37,20
58,Bilal Qureshi,CS,2.98,19
7041,Bilal Chaudhry,BBA,3.63,21
6129,Bilal Chaudhry,Math,2.66,20
5101,Yahya Raza,EE,3.67,18
8515,Tariq Chaudhry,Physics,2.9,22
6804,Hina Qureshi,Math,3.67,25
8460,Noor Raza,EE,2.12,23
1210,Hassan Syed,Math,2.2,24
8403,Hassan Malik,Physics,3.38,23
3512,Sara Abbasi,CS,3.29,26
1450,Usman Malik,Physics,3.39,20
9241,Fatima Qureshi,ME,2.18,22
7430,Sara Mughal,CS,2.56,20
7703,Hassan Ansari,CS,3.47,18
2251,Sara Chaudhry,BBA,2.58,24
5763,Maryam Malik,BBA,2.02,22
865,Zainab Khan,Physics,2.5,22
539,Sara Syed,ME,2.65,22
8819,Usman Malik,Physics,2.42,21
6632,Omar Chaudhry,EE,3.5,20
7165,Kamran Syed,CS,2.02,24
2977,Ayesha Butt,ME,2.41,21
1379,Ahmed Khan,Math,2.32,24
148,Fatima Chaudhry,Physics,3.5,24
7174,Zainab Abbasi,EE,2.82,24
4345,Noor Syed,CS,3.04,18
4209,Fatima Raza,Math,2.77,23
5359,Usman Mughal,Math,3.38,19
16,Omar Syed,Math,3.34,26
6407,Usman Sheikh,Physics,2.53,20
9377,Ayesha Abbasi,Math,2.41,23
4336,Yahya Qureshi,ME,2.95,24
8574,Fatima Butt,BBA,3.73,23
830,Ayesha Chaudhry,EE,2.15,22
2901,Noor Sheikh,BBA,3.61,23
6908,Ahmed Syed,CE,3.59,22
4828,Yahya Mughal,CS,2.44,24
4119,Hassan Qureshi,Physics,2.21,21
9702,Maryam Qureshi,ME,3.19,18
5331,Ayesha Syed,Physics,2.4,19
469,Hassan Chaudhry,ME,3.7,23
231,Omar Ahmed,BBA,3.57,19
9114,Ahmed Butt,CS,2.55,21
3645,Ayesha Khan,BBA,2.93,24
1797,Noor Syed,Chemistry,2.25,21
7380,Tariq Mughal,CS,2.95,18
6533,Bilal Ansari,CE,3.31,25
3877,Noor Khan,EE,2.74,21
9099,Sara Qureshi,ME,3.66,24
4227,Ayesha Sheikh,EE,2.88,25
4296,Ayesha Abbasi,Chemistry,3.1,20
2193,Ayesha Sheikh,CS,2.12,19
3901,Tariq Mughal,Chemistry,2.28,23
655,Yahya Mughal,EE,2.04,22
1228,Omar Mughal,CS,3.05,26
38,Hina Chaudhry,CE,2.51,26
965,Hassan Mughal,CE,3.5,26
5858,Maryam Ansari,BBA,2.34,25
8311,Zainab Khan,EE,3.49,23
1952,Usman Abbasi,CS,3.1,23
6098,Noor Syed,CE,3.29,25
2710,Omar Butt,Chemistry,2.02,25
7206,Zainab Ahmed,CE,2.9,18
2850,Usman Ahmed,Chemistry,2.38,21
4529,Fatima Qureshi,CE,3.02,25
1356,Kamran Malik,EE,3.73,19
9095,Noor Khan,CS,2.79,19
4877,Hassan Malik,ME,3.05,23
2729,Ayesha Butt,EE,2.6,23
3038,Ahmed Mughal,CE,2.03,26
4161,Usman Butt,CS,3.44,24
5231,Fatima Sheikh,CE,3.5,18
3704,Tariq Khan,Math,3.12,19
3485,Maryam Sheikh,CE,2.25,21
6685,Ahmed Abbasi,CS,3.0,20
7990,Ahmed Raza,Chemistry,2.39,21
3969,Hassan Ahmed,BBA,2.24,18
171,Ayesha Butt,BBA,2.23,22
8945,Bilal Raza,ME,2.09,22
8282,Bilal Abbasi,EE,2.44,19
486,Maryam Syed,Chemistry,3.48,24
856,Ahmed Raza,CE,2.34,23
2050,Maryam Sheikh,EE,2.52,18
9608,Kamran Qureshi,CS,3.53,25
5223,Noor Ahmed,Chemistry,3.57,26
5702,Zainab Ahmed,ME,3.79,21
4680,Ayesha Butt,Math,3.87,26
5581,Noor Malik,EE,2.86,22
6766,Ayesha Sheikh,EE,2.32,19
7523,Hassan Abbasi,CS,2.89,26
2709,Noor Qureshi,BBA,2.41,19
4061,Sara Khan,EE,2.61,19
6109,Omar Butt,Physics,2.84,20
5182,Fatima Khan,Physics,2.73,24
8304,Yahya Chaudhry,CS,3.16,19
892,Kamran Butt,ME,2.05,21
2914,Yahya Mughal,BBA,2.57,21
2325,Zainab Abbasi,ME,3.69,24
2173,Yahya Sheikh,Chemistry,2.46,24
4321,Tariq Syed,Chemistry,2.77,23
2166,Ayesha Mughal,Physics,3.51,21
1778,Kamran Chaudhry,Physics,3.93,18
8549,Zainab Butt,ME,2.47,25
3869,Usman Abbasi,Physics,3.39,19
1936,Ayesha Mughal,CS,3.33,25
7622,Zainab Syed,Chemistry,2.16,18
1307,Hassan Qureshi,Chemistry,2.12,25
7469,Zainab Khan,EE,2.15,19
9701,Bilal Raza,Physics,2.18,22
9728,Hina Khan,CS,3.41,22
7813,Usman Ahmed,CE,2.78,25
4197,Maryam Raza,ME,2.5,21
2996,Bilal Ahmed,EE,3.02,22
5299,Ayesha Raza,Physics,3.71,22
6866,Yahya Qureshi,Math,2.49,20
427,Yahya Khan,Physics,2.81,18
430,Ayesha Syed,EE,2.02,26
3267,Zainab Syed,Chemistry,3.41,23
6456,Kamran Qureshi,CE,3.53,20
5827,Zainab Syed,Chemistry,2.39,25
3585,Sara Butt,EE,3.36,21
4393,Kamran Chaudhry,Math,3.11,21
2198,Noor Qureshi,EE,3.08,25
4290,Fatima Malik,CE,2.21,21
2132,Kamran Malik,CS,3.35,24
1958,Maryam Malik,CS,2.5,26
9243,Bilal Mughal,Chemistry,2.33,19
7321,Omar Chaudhry,ME,3.57,23
9700,Hina Abbasi,Physics,3.71,24
9452,Ayesha Sheikh,Math,3.44,24
4069,Omar Butt,BBA,2.22,20
716,Yahya Malik,EE,3.97,21
4099,Ayesha Ansari,CE,3.37,26
487,Zainab Qureshi,Chemistry,2.01,25
8093,Tariq Chaudhry,ME,2.24,21
2804,Bilal Ansari,Chemistry,3.88,19
3741,Kamran Malik,CE,2.98,26
5829,Omar Sheikh,CS,2.37,18
2495,Usman Qureshi,BBA,3.96,21
9436,Bilal Ansari,EE,3.05,23
6283,Yahya Sheikh,Chemistry,2.93,20
8198,Ayesha Mughal,Chemistry,3.22,19
1209,Tariq Butt,CS,2.7,23
5713,Fatima Ahmed,Math,2.85,22
2839,Ayesha Ahmed,Physics,3.35,22
9231,Maryam Khan,EE,2.52,25
4089,Sara Khan,Math,2.85,24
1053,Ahmed Syed,Physics,3.91,22
1739,Fatima Ahmed,ME,2.61,23
3987,Tariq Ahmed,Chemistry,3.06,25
1939,Omar Malik,Physics,2.5,19
8380,Noor Chaudhry,Physics,3.52,25
7080,Hassan Butt,BBA,3.99,19
1158,Hina Ahmed,Chemistry,2.18,21
2591,Kamran Ahmed,EE,3.72,21
1479,Ayesha Sheikh,CS,3.44,19
7227,Ahmed Sheikh,Chemistry,3.4,20
6567,Maryam Ahmed,ME,3.25,20
9549,Noor Butt,Physics,2.52,25
6,Noor Abbasi,BBA,2.84,22
5864,Maryam Chaudhry,Math,3.95,21
4901,Ayesha Mughal,BBA,2.98,19
625,Fatima Ahmed,Chemistry,2.65,18
2682,Omar Chaudhry,EE,3.9,20
2523,Ayesha Syed,ME,2.28,20
6028,Yahya Malik,BBA,3.25,24
3510,Ayesha Mughal,BBA,3.14,18
879,Bilal Qureshi,EE,2.01,18
6931,Zainab Ansari,ME,2.66,21
5953,Usman Raza,Physics,3.15,21
2973,Maryam Mughal,Math,3.24,24
9861,Yahya Abbasi,BBA,2.81,21
9105,Ahmed Qureshi,CE,2.09,26
8776,Omar Ansari,CE,3.47,21
499,Maryam Khan,BBA,2.81,21
5592,Hina Sheikh,ME,3.45,22
3550,Kamran Ahmed,Physics,3.31,21
4060,Bilal Syed,Math,2.24,25
7559,Omar Syed,BBA,2.51,20
6545,Ahmed Sheikh,Physics,3.08,21
780,Kamran Sheikh,EE,2.24,21
8171,Bilal Ahmed,ME,2.21,23
6184,Sara Ansari,CE,3.6,23
9711,Hina Chaudhry,Chemistry,2.17,19
730,Ayesha Malik,ME,2.63,18
5699,Hassan Chaudhry,CS,2.88,26
1003,Yahya Mughal,EE,3.71,25
5060,Sara Ahmed,CE,3.62,23
9140,Yahya Qureshi,Chemistry,3.26,23
8783,Kamran Ansari,ME,3.28,26
9282,Zainab Sheikh,CE,3.86,20
1483,Omar Malik,ME,3.04,26
6782,Hassan Butt,Math,3.49,26
8641,Tariq Ahmed,EE,2.35,23
6361,Tariq Syed,EE,3.18,24
331,Kamran Mughal,CS,3.37,23
7474,Sara Mughal,EE,3.05,21
1737,Omar Syed,CS,3.97,18
179,Ahmed Mughal,EE,2.52,18
8562,Ahmed Abbasi,BBA,2.21,24
1347,Noor Khan,BBA,3.2,20
1632,Fatima Butt,BBA,3.07,20
4007,Hina Raza,BBA,2.99,22
4421,Hina Malik,CE,3.64,23
1577,Noor Qureshi,BBA,3.06,24
1853,Usman Syed,ME,3.11,24
9458,Kamran Malik,Math,3.89,25
1723,Hassan Chaudhry,Chemistry,3.04,21
5431,Ayesha Ansari,ME,3.8,20
9292,Maryam Chaudhry,CE,3.09,23
3418,Zainab Sheikh,ME,3.27,21
6914,Zainab Raza,Math,3.05,23
713,Hassan Butt,BBA,2.48,21
94,Maryam Ahmed,BBA,3.97,23
1059,Kamran Chaudhry,Physics,2.04,24
5423,Kamran Syed,Physics,3.8,24
5892,Maryam Malik,Math,2.13,26
6934,Tariq Chaudhry,ME,3.84,24
6114,Maryam Butt,BBA,2.78,25
7832,Tariq Chaudhry,CS,3.11,20
5487,Hina Malik,Chemistry,3.28,23
220,Tariq Khan,ME,2.73,26
7970,Hina Butt,Chemistry,3.31,23
7360,Kamran Khan,CE,3.35,18
8802,Hassan Abbasi,Physics,3.59,22
6907,Fatima Malik,BBA,2.29,26
9735,Noor Qureshi,CE,3.32,25
2336,Tariq Abbasi,EE,2.31,26
287,Fatima Sheikh,Math,3.67,24
6772,Ayesha Butt,Math,3.68,18
18,Hina Syed,Physics,2.13,25
9232,Fatima Mughal,CE,3.64,20
3359,Zainab Ahmed,ME,2.01,25
8774,Maryam Sheikh,Chemistry,2.88,19
6297,Fatima Mughal,BBA,2.51,21
9523,Noor Syed,ME,2.89,22
4014,Usman Malik,Math,2.96,22
594,Tariq Ansari,Physics,2.68,20
180,Hassan Khan,ME,2.65,22
8723,Bilal Raza,CE,2.6,21
6230,Yahya Syed,EE,2.03,20
6651,Bilal Sheikh,CE,3.79,20
2236,Fatima Ansari,Physics,3.77,20
4533,Maryam Ahmed,Math,2.13,22
688,Sara Raza,Chemistry,2.73,22
3626,Sara Sheikh,EE,2.81,19
2453,Hina Sheikh,Chemistry,3.79,18
1851,Bilal Abbasi,CE,3.9,18
9878,Ahmed Sheikh,Math,3.36,23
5532,Zainab Butt,BBA,3.64,20
9466,Ayesha Ahmed,Chemistry,3.53,24
570,Ayesha Butt,CS,3.49,26
4034,Yahya Syed,BBA,2.16,26
8321,Hassan Ahmed,ME,3.12,23
6635,Ahmed Chaudhry,EE,3.33,26
8658,Noor Khan,Physics,2.16,26
3204,Omar Khan,BBA,3.03,20
1537,Zainab Ansari,CE,3.97,18
1437,Tariq Syed,Math,2.44,19
5709,Omar Abbasi,Chemistry,3.81,19
2139,Fatima Mughal,BBA,2.93,23
580,Hassan Syed,BBA,3.91,24
6080,Yahya Ahmed,Math,2.41,18
6591,Omar Syed,ME,2.64,26
3026,Hina Malik,CE,3.46,25
7296,Ayesha Butt,Math,3.67,19
9050,Hassan Malik,EE,2.3,19
4543,Maryam Mughal,ME,2.91,23
8097,Fatima Chaudhry,Physics,2.7,21
4591,Usman Khan,Physics,3.58,21
7551,Hassan Raza,BBA,2.7,20
194,Yahya Raza,ME,3.12,25
1977,Noor Chaudhry,ME,3.75,22
2778,Usman Malik,Math,3.34,26
6126,Bilal Ansari,CE,2.38,20
9518,Bilal Chaudhry,EE,3.09,19
7643,Zainab Syed,EE,2.21,22
8828,Maryam Raza,BBA,3.12,23
9603,Ahmed Raza,Chemistry,3.43,21
4630,Noor Qureshi,ME,3.89,23
293,Tariq Syed,Chemistry,2.54,23
9062,Tariq Chaudhry,Physics,3.75,23
3769,Ahmed Sheikh,Math,3.6,18
2719,Maryam Sheikh,CE,3.56,25
8222,Kamran Syed,Physics,2.12,24
3855,Ahmed Ansari,Math,2.69,23
4335,Omar Khan,EE,3.14,22
7568,Omar Mughal,BBA,2.83,25
1352,Bilal Butt,Physics,2.86,21
9047,Maryam Abbasi,BBA,2.91,21
9800,Yahya Syed,CS,3.7,24
987,Noor Butt,BBA,2.69,26
6550,Omar Sheikh,CS,2.37,25
5573,Ayesha Ahmed,Chemistry,2.91,26
8131,Zainab Abbasi,ME,3.9,21
2642,Kamran Mughal,CS,3.32,26
8176,Fatima Sheikh,Chemistry,2.83,18
8363,Sara Mughal,ME,2.99,19
4570,Hina Khan,CE,2.44,18
5008,Hina Qureshi,CS,2.45,25
2351,Kamran Ahmed,Chemistry,3.9,25
3242,Zainab Qureshi,Physics,2.24,21
4079,Hassan Syed,ME,2.15,23
8170,Maryam Chaudhry,Math,2.93,19
146,Usman Ansari,Chemistry,2.33,18
467,Omar Ahmed,CE,3.55,22
161,Omar Chaudhry,ME,3.87,21
772,Ayesha Syed,BBA,2.09,20
7815,Zainab Raza,Physics,2.66,19
8716,Omar Qureshi,BBA,3.71,26
9289,Bilal Ansari,ME,3.67,20
4005,Noor Raza,Physics,2.53,24
7369,Fatima Malik,Math,2.11,25
6827,Maryam Khan,Chemistry,3.06,20
1402,Yahya Butt,Math,3.18,18
1834,Hina Malik,Physics,2.34,22
4554,Hassan Qureshi,CE,3.02,23
3904,Hina Raza,EE,2.44,20
7707,Ayesha Abbasi,Math,3.91,19
3077,Sara Raza,ME,3.47,21
1190,Fatima Abbasi,CS,2.17,21
488,Ayesha Butt,EE,2.92,19
8786,Hina Chaudhry,CS,3.45,19
1027,Hina Raza,ME,3.89,19
6773,Noor Raza,Math,3.4,23
9552,Maryam Ansari,ME,3.06,26
6777,Zainab Ahmed,ME,3.48,18
4017,Maryam Chaudhry,Math,2.74,22
607,Yahya Abbasi,BBA,3.59,26
4754,Maryam Syed,Physics,3.18,25
5936,Zainab Butt,BBA,2.17,21
4496,Ayesha Abbasi,Chemistry,2.05,25
8346,Ayesha Sheikh,EE,2.93,20
7612,Bilal Sheikh,EE,2.67,18
6044,Bilal Abbasi,ME,3.93,20
213,Hassan Ansari,CS,2.31,25
7870,Tariq Syed,Math,3.35,18
9930,Zainab Raza,Chemistry,3.32,24
3384,Ayesha Chaudhry,Math,2.75,25
1463,Ayesha Ahmed,CS,2.02,19
4854,Ayesha Chaudhry,ME,2.41,20
5269,Hina Syed,ME,3.55,25
4455,Usman Mughal,BBA,3.83,23
3978,Noor Chaudhry,EE,2.81,18
7099,Ahmed Ahmed,EE,2.42,24
1186,Ayesha Syed,BBA,2.14,21
9683,Maryam Chaudhry,EE,2.78,23
5164,Tariq Abbasi,Chemistry,3.33,24
1419,Hassan Syed,CS,2.41,23
3260,Zainab Sheikh,CS,2.07,20
6791,Usman Khan,EE,2.29,21
6233,Sara Qureshi,EE,3.24,20
6103,Tariq Sheikh,Physics,2.42,18
5705,Omar Khan,BBA,2.45,19
7401,Sara Syed,CE,3.82,23
4441,Fatima Raza,BBA,2.71,20
9979,Kamran Khan,BBA,3.99,21
8527,Omar Abbasi,EE,3.59,24
5383,Noor Malik,EE,2.04,25
1029,Bilal Raza,Chemistry,2.81,18
1875,Kamran Abbasi,BBA,2.63,24
1457,Hassan Butt,BBA,3.14,24
5172,Ayesha Abbasi,CS,3.91,26
2510,Omar Qureshi,CS,3.95,18
4343,Hassan Syed,CE,3.81,19
185,Hassan Khan,Physics,3.72,21
6582,Bilal Sheikh,EE,3.65,20
2110,Ayesha Chaudhry,Math,2.06,20
3223,Omar Khan,Chemistry,2.67,22
7894,Maryam Butt,BBA,2.89,21
4897,Zainab Sheikh,ME,3.83,24
2952,Usman Sheikh,CE,2.87,25
2026,Noor Ansari,Math,2.72,26
7004,Omar Raza,CS,2.68,18
7339,Kamran Ansari,ME,2.53,23
5277,Fatima Qureshi,BBA,2.39,20
6858,Hassan Abbasi,Chemistry,3.22,25
646,Usman Abbasi,Math,3.69,24
1746,Usman Khan,BBA,3.13,18
2627,Noor Ansari,BBA,2.29,22
2756,Kamran Malik,CS,3.31,19
5016,Ahmed Syed,BBA,3.47,25
6740,Ayesha Butt,Physics,2.34,22
4711,Tariq Butt,CS,2.49,24
7984,Kamran Sheikh,EE,2.38,20
3959,Hina Ahmed,Math,2.47,22
7166,Usman Qureshi,CS,3.98,18
2794,Kamran Ansari,ME,3.5,18
5347,Fatima Chaudhry,Physics,2.56,21
974,Kamran Butt,Chemistry,2.94,25
7619,Hina Qureshi,BBA,3.33,21
4891,Hassan Abbasi,ME,3.27,21
476,Noor Mughal,Math,3.65,21
2393,Kamran Sheikh,EE,3.86,21
1148,Ayesha Malik,CS,3.73,23
6476,Tariq Syed,BBA,3.8,21
7579,Ayesha Sheikh,EE,2.97,23
6208,Kamran Qureshi,ME,3.87,20
9933,Noor Malik,Physics,2.1,18
57,Fatima Khan,CS,3.49,20
3646,Bilal Ansari,CE,2.81,20
4975,Ahmed Qureshi,Math,2.65,23
9580,Maryam Ahmed,Physics,3.33,21
4409,Tariq Qureshi,CS,2.6,26
2306,Omar Ansari,CE,2.6,22
3708,Hassan Mughal,ME,3.68,20
8240,Maryam Mughal,EE,2.44,25
3612,Tariq Chaudhry,CS,3.48,21
7802,Fatima Ansari,Chemistry,3.38,22
799,Zainab Abbasi,Math,3.57,23
6264,Usman Sheikh,CS,3.24,19
7383,Kamran Chaudhry,CS,3.13,22
2903,Zainab Ansari,CE,2.12,19
9546,Bilal Raza,ME,2.0,18
8004,Hassan Chaudhry,CE,2.73,20
3962,Bilal Mughal,CS,3.79,22
1305,Usman Mughal,BBA,3.01,26
8656,Usman Butt,Chemistry,2.7,26
6821,Usman Butt,Math,2.29,25
9751,Kamran Qureshi,ME,2.91,23
8473,Bilal Mughal,EE,3.62,25
5957,Hina Khan,CE,2.03,24
5597,Yahya Ansari,Chemistry,2.37,23
1470,Fatima Ahmed,CS,2.02,19
3369,Omar Syed,ME,2.5,24
1247,Yahya Ansari,EE,2.92,18
1284,Yahya Qureshi,Physics,2.67,19
2967,Ahmed Abbasi,BBA,2.93,25
6697,Bilal Sheikh,Physics,3.25,18
7810,Noor Mughal,Physics,3.55,25
919,Maryam Khan,Chemistry,3.61,25
5307,Omar Ansari,CE,3.71,21
1553,Tariq Chaudhry,EE,2.35,19
7320,Fatima Syed,Chemistry,3.2,22
976,Yahya Butt,EE,2.67,20
8262,Fatima Raza,CE,2.8,21
6612,Yahya Ansari,EE,3.28,25
7049,Fatima Butt,ME,3.54,19
5964,Zainab Sheikh,CE,2.32,21
2416,Hina Ahmed,BBA,3.33,26
4203,Yahya Chaudhry,Chemistry,3.81,24
6110,Ahmed Khan,BBA,3.41,18
6594,Ayesha Khan,Math,2.28,19
5785,Noor Mughal,Physics,3.95,21
9697,Fatima Qureshi,BBA,2.28,19
2186,Hina Mughal,ME,3.61,25
5893,Sara Butt,Math,3.55,23
7996,Ahmed Raza,Math,3.78,18
7560,Kamran Syed,Math,3.63,25
1628,Hassan Abbasi,Math,3.61,25
1546,Ayesha Sheikh,Physics,3.54,19
9761,Hassan Chaudhry,CE,3.27,24
3328,Noor Abbasi,CS,3.7,21
6473,Hina Sheikh,EE,2.99,18
813,Usman Abbasi,EE,3.94,22
8600,Hassan Ahmed,Physics,2.24,23
1947,Sara Khan,CE,3.35,23
1289,Kamran Butt,Physics,2.17,26
1405,Ayesha Chaudhry,BBA,3.04,24
6464,Tariq Chaudhry,Math,3.18,24
1315,Noor Ansari,CS,3.29,21
7883,Hina Ahmed,BBA,3.49,22
1409,Hassan Raza,CE,3.44,25
2634,Sara Khan,ME,2.82,23
807,Zainab Malik,BBA,2.03,25
3406,Yahya Malik,ME,3.36,18
2515,Usman Raza,BBA,2.6,26
947,Noor Khan,EE,2.35,22
2041,Maryam Raza,CS,2.87,24
1844,Sara Ansari,CE,3.06,18
1441,Noor Chaudhry,ME,3.09,20
3522,Tariq Chaudhry,CE,3.48,22
2905,Bilal Ahmed,ME,3.81,23
7052,Zainab Malik,CS,2.6,25
8664,Noor Sheikh,Physics,3.75,18
6306,Ayesha Ansari,ME,3.75,19
8717,Bilal Ahmed,ME,2.41,20
7253,Bilal Syed,CE,2.16,26
2230,Zainab Syed,CS,2.9,20
415,Omar Raza,CE,3.29,21
6254,Usman Syed,BBA,2.83,19
1335,Kamran Malik,BBA,2.42,23
5886,Hina Abbasi,Physics,2.82,18
2405,Bilal Khan,Chemistry,3.06,26
4697,Omar Syed,BBA,2.72,24
7701,Sara Khan,BBA,3.34,18
7562,Usman Qureshi,BBA,2.33,25
6182,Yahya Sheikh,BBA,3.63,24
3016,Ayesha Mughal,Physics,3.73,19
3477,Ayesha Butt,Physics,2.83,23
1447,Yahya Chaudhry,Chemistry,2.35,20
9691,Usman Abbasi,BBA,3.19,24
9672,Bilal Malik,BBA,3.32,21
4042,Ayesha Mughal,CS,2.75,26
4096,Kamran Sheikh,Math,3.51,19
6688,Bilal Mughal,BBA,2.61,24
8323,Sara Raza,BBA,3.67,20
7249,Bilal Abbasi,ME,3.64,24
8733,Ayesha Butt,BBA,3.61,22
9961,Yahya Butt,Math,3.0,25
5340,Ayesha Sheikh,Chemistry,3.97,18
4329,Ayesha Ansari,EE,2.09,18
6223,Noor Mughal,Chemistry,2.37,26
6200,Sara Butt,Chemistry,2.15,24
6494,Sara Khan,Math,2.26,22
3894,Noor Mughal,Chemistry,2.6,25
8116,Zainab Raza,EE,2.15,26
3453,Kamran Qureshi,Physics,3.02,26
6940,Hassan Ahmed,BBA,3.14,23
9564,Omar Qureshi,BBA,2.43,21
8135,Sara Raza,Physics,2.04,21
4059,Omar Mughal,Chemistry,3.95,26
659,Usman Butt,ME,2.8,26
277,Hassan Raza,Chemistry,3.17,19
9112,Sara Chaudhry,CS,3.32,24
4583,Hina Syed,ME,2.03,19
7184,Zainab Sheikh,CE,3.54,20
8030,Yahya Sheikh,CE,2.34,26
9072,Sara Mughal,Chemistry,2.91,26
9257,Tariq Qureshi,CS,2.16,19
8136,Hina Raza,Chemistry,3.65,24
5036,Noor Ansari,ME,3.32,25
5437,Noor Qureshi,Math,2.6,20
6541,Noor Malik,CS,3.51,24
4003,Maryam Raza,Math,2.02,21
6387,Omar Ahmed,Math,2.71,21
3545,Yahya Syed,Chemistry,2.35,18
7125,Maryam Malik,ME,3.8,21
770,Sara Sheikh,ME,2.84,22
1222,Maryam Mughal,Math,3.97,22
2130,Hassan Abbasi,BBA,2.27,21
4563,Sara Mughal,CE,3.96,23
1562,Hina Qureshi,EE,3.57,21
7445,Ahmed Ahmed,Math,3.96,25
256,Kamran Qureshi,CE,3.05,18
1634,Omar Chaudhry,BBA,2.06,24
2276,Fatima Syed,Physics,2.32,21
1498,Kamran Malik,Chemistry,2.85,23
4295,Kamran Butt,CE,2.95,18
2602,Zainab Ahmed,Physics,3.56,25
2331,Yahya Abbasi,EE,3.23,23
2571,Ayesha Ansari,EE,3.5,19
1507,Maryam Malik,ME,3.84,23
4222,Zainab Sheikh,Math,2.87,25
9901,Ahmed Butt,CS,3.29,25
6121,Ahmed Syed,CS,2.37,25
5756,Kamran Ansari,CS,2.78,24
498,Maryam Khan,CE,2.78,22
3852,Bilal Butt,BBA,2.16,23
6917,Bilal Mughal,CS,2.3,22
6758,Fatima Ansari,CE,2.2,21
2512,Hassan Sheikh,BBA,2.92,19
715,Hassan Sheikh,EE,3.72,21
8605,Ahmed Syed,Physics,2.26,21
4853,Ahmed Sheikh,CS,2.37,26
2956,Tariq Qureshi,ME,2.31,21
7577,Yahya Raza,Chemistry,3.53,22
9880,Tariq Ahmed,Chemistry,2.05,25
1676,Omar Butt,Math,2.49,23
7494,Tariq Butt,CE,2.93,19
6024,Noor Khan,EE,2.54,26
5192,Hassan Abbasi,Math,2.46,22
3570,Usman Sheikh,Physics,2.19,21
7544,Hina Malik,ME,2.37,26
7680,Tariq Malik,Physics,2.93,23
9315,Ahmed Ansari,BBA,3.08,25
5149,Maryam Raza,Physics,2.32,24
178,Hassan Mughal,Math,3.54,18
9049,Usman Sheikh,CE,2.13,22
2831,Usman Syed,ME,3.41,25
7687,Hassan Chaudhry,BBA,2.05,22
2680,Maryam Khan,Physics,3.89,21
4989,Tariq Malik,Math,2.03,22
9611,Hina Ahmed,CS,3.09,25
6817,Kamran Abbasi,ME,2.05,18
5258,Bilal Qureshi,CS,3.14,19
9340,Maryam Malik,ME,2.44,19
9598,Tariq Raza,ME,3.06,20
612,Tariq Sheikh,Math,2.86,26
1920,Sara Raza,Math,3.05,19
3268,Omar Butt,Physics,3.93,18
2308,Yahya Syed,ME,2.52,18
1489,Hassan Khan,CE,2.9,20
3859,Yahya Sheikh,Physics,3.95,22
6388,Usman Ahmed,CE,2.45,20
2225,Hassan Chaudhry,CS,2.5,22
281,Kamran Raza,Chemistry,3.45,21
4330,Ayesha Qureshi,EE,2.47,24
2118,Omar Chaudhry,CS,3.29,25
4260,Sara Butt,Chemistry,3.51,18
1453,Ahmed Sheikh,BBA,2.72,18
4460,Hina Raza,CS,2.09,23
2776,Zainab Abbasi,Math,3.39,18
1500,Ahmed Sheikh,CE,2.76,22
3443,Noor Abbasi,BBA,2.3,21
1214,Yahya Malik,BBA,3.58,25
2211,Zainab Qureshi,BBA,3.86,26
7892,Ahmed Butt,EE,2.43,19
6317,Tariq Sheikh,Chemistry,2.81,26
4077,Noor Mughal,ME,3.8,25
3504,Hassan Sheikh,EE,2.65,26
1337,Bilal Khan,CE,3.59,25
2138,Zainab Khan,Physics,2.21,21
5025,Fatima Abbasi,BBA,2.17,19
4114,Hassan Khan,Physics,2.67,23
5833,Usman Ansari,EE,3.07,26
8794,Hina Mughal,EE,2.92,24
8973,Hassan Sheikh,EE,2.18,18
7631,Omar Butt,CS,3.87,18
1052,Zainab Mughal,Physics,3.67,22
6385,Fatima Malik,Chemistry,3.86,21
4836,Zainab Khan,BBA,2.57,18
1317,Ayesha Khan,EE,2.2,20
7313,Noor Raza,Math,3.72,18
616,Kamran Sheikh,ME,3.71,22
8666,Fatima Syed,EE,3.93,24
9305,Usman Sheikh,CE,2.17,25
2197,Hassan Khan,Math,3.25,26
8807,Noor Ahmed,BBA,3.06,22
5794,Omar Mughal,CE,2.85,26
8423,Tariq Malik,Chemistry,3.77,24
3933,Kamran Chaudhry,Math,3.97,26
6255,Ayesha Malik,CE,3.06,21
4110,Usman Syed,ME,3.61,23
2380,Zainab Chaudhry,CE,2.26,24
6596,Ahmed Abbasi,BBA,3.95,25
6514,Noor Raza,Math,3.54,22
9144,Hina Mughal,Chemistry,3.76,25
5903,Zainab Ahmed,Math,2.52,24
9914,Sara Ahmed,Chemistry,2.1,20
3283,Ahmed Raza,Physics,3.57,19
8812,Yahya Raza,BBA,3.74,25
1885,Yahya Qureshi,ME,2.18,21
1846,Ayesha Syed,Physics,2.88,25
4918,Bilal Ahmed,EE,2.19,23
7425,Bilal Abbasi,Math,3.61,23
8639,Sara Khan,Physics,3.47,19
9559,Ahmed Sheikh,CS,3.24,22
4617,Bilal Ansari,Chemistry,2.94,26
3090,Kamran Chaudhry,BBA,2.63,22
1246,Omar Malik,CS,2.97,23
7282,Zainab Raza,ME,3.9,21
3786,Ayesha Abbasi,Math,3.62,19
1336,Ahmed Raza,BBA,2.45,20
3403,Hina Raza,Physics,3.37,24
5544,Ayesha Ansari,Physics,2.97,23
9682,Maryam Sheikh,Chemistry,3.73,19
3827,Ahmed Khan,Physics,2.02,18
1826,Fatima Ansari,Chemistry,3.27,20
4474,Hina Abbasi,CE,3.21,20
7197,Hina Sheikh,BBA,3.22,19
6474,Maryam Syed,CE,3.37,22
3468,Maryam Malik,CS,2.79,19
8215,Hassan Abbasi,CS,2.18,19
8756,Zainab Chaudhry,CE,3.45,19
575,Fatima Malik,Physics,2.04,23
8292,Zainab Malik,EE,3.75,18
9921,Kamran Malik,EE,3.13,21
3011,Tariq Syed,EE,3.72,20
5247,Ayesha Ahmed,ME,2.32,26
5301,Ahmed Ansari,Physics,3.92,20
2367,Ayesha Qureshi,Physics,2.25,22
3832,Sara Butt,BBA,2.89,18
4095,Tariq Ansari,Math,2.43,21
2920,Fatima Abbasi,ME,3.32,19
7575,Yahya Abbasi,Math,2.73,26
2019,Sara Abbasi,CE,2.12,22
322,Noor Ansari,ME,2.92,18
6644,Fatima Chaudhry,Physics,2.95,26
3881,Yahya Malik,Chemistry,3.09,23
2564,Ahmed Khan,Physics,2.71,18
9819,Zainab Raza,CS,3.24,24
7268,Bilal Raza,ME,2.75,23
1662,Sara Khan,ME,3.18,23
5793,Bilal Ahmed,ME,2.49,18
7224,Usman Chaudhry,CE,3.88,25
8297,Maryam Chaudhry,Chemistry,2.78,26
4436,Ayesha Qureshi,EE,3.18,21
8397,Ahmed Sheikh,EE,3.83,19
541,Ayesha Butt,CS,2.12,19
1792,Noor Khan,Chemistry,2.76,25
7718,Kamran Raza,Chemistry,3.86,20
6496,Noor Ansari,ME,2.51,19
5620,Hina Syed,CS,2.1,21
8956,Ahmed Butt,EE,3.96,22
8261,Omar Raza,Math,3.67,26
9381,Zainab Mughal,CE,2.19,25
1195,Maryam Khan,CS,3.49,20
5722,Fatima Syed,BBA,3.45,20
2431,Noor Qureshi,Math,3.95,19
2829,Ahmed Ahmed,EE,2.25,25
7907,Omar Qureshi,CE,2.45,22
1649,Kamran Abbasi,CS,3.71,23
2656,Sara Syed,Chemistry,3.74,20
5010,Ayesha Chaudhry,EE,3.17,19
5701,Zainab Ansari,CE,3.17,25
4817,Kamran Mughal,EE,3.72,22
9333,Usman Qureshi,Chemistry,3.47,25
7333,Maryam Raza,CE,3.44,25
5357,Hassan Malik,Chemistry,2.98,18
7695,Tariq Malik,ME,2.34,26
9405,Maryam Ansari,ME,3.25,21
8064,Sara Raza,Math,3.07,21
8627,Bilal Sheikh,Chemistry,3.53,24
222,Sara Raza,ME,3.76,26
614,Sara Mughal,Physics,3.74,24
276,Sara Chaudhry,Physics,3.68,19
8492,Zainab Mughal,EE,3.15,23
2252,Fatima Sheikh,Physics,2.59,25
9459,Ahmed Ahmed,ME,3.78,26
6513,Ahmed Abbasi,ME,2.72,26
9612,Hassan Ansari,ME,2.3,22
7787,Maryam Butt,BBA,3.69,21
115,Fatima Sheikh,ME,3.67,19
7042,Maryam Mughal,CE,2.64,18
3064,Tariq Chaudhry,Chemistry,3.56,24
2001,Fatima Raza,ME,2.94,22
4831,Fatima Ahmed,Chemistry,3.68,18
7666,Kamran Ansari,ME,3.49,23
3352,Omar Khan,Math,3.14,24
1496,Ahmed Ahmed,Physics,2.34,23
5254,Hina Malik,Chemistry,3.36,18
9652,Bilal Mughal,CE,3.76,20
9148,Usman Butt,ME,3.92,20
7671,Noor Abbasi,Math,2.69,22
3857,Tariq Mughal,ME,2.5,21
690,Yahya Sheikh,CE,3.83,23
3980,Ayesha Sheikh,CE,3.58,20
9855,Omar Ahmed,ME,3.37,20
7849,Noor Syed,CE,2.71,25
9733,Usman Chaudhry,BBA,2.18,24
9951,Ayesha Malik,Chemistry,3.85,19
3531,Sara Raza,BBA,2.36,19
4864,Kamran Mughal,BBA,3.76,18
232,Sara Ansari,Physics,2.22,18
8604,Hassan Sheikh,EE,2.56,24
3473,Yahya Khan,CS,3.36,24
4537,Usman Qureshi,Physics,3.58,21
3452,Omar Butt,Physics,3.08,23
2529,Bilal Chaudhry,Math,2.35,25
491,Hina Ahmed,EE,2.71,19
779,Zainab Qureshi,Math,3.7,26
2196,Ayesha Abbasi,EE,3.18,25
2412,Sara Raza,ME,2.03,26
4470,Sara Sheikh,Chemistry,3.65,19
2339,Ahmed Abbasi,CE,3.39,21
7443,Yahya Khan,CS,2.79,18
7928,Maryam Syed,BBA,3.62,22
6736,Fatima Malik,Physics,3.98,23
9782,Omar Sheikh,BBA,2.97,22
5645,Sara Sheikh,CS,3.94,19
6218,Bilal Ahmed,BBA,3.03,25
2814,Zainab Qureshi,Physics,2.42,25
4118,Ahmed Chaudhry,EE,3.93,19
5853,Yahya Syed,EE,2.99,21
7916,Omar Qureshi,Math,3.8,26
6247,Zainab Syed,EE,2.41,19
994,Tariq Khan,Chemistry,2.01,25
7370,Kamran Abbasi,ME,2.58,20
7706,Fatima Chaudhry,Physics,2.58,25
3438,Zainab Butt,Physics,3.29,23
6544,Zainab Raza,EE,2.22,18
4144,Hina Ansari,Physics,3.14,22
1683,Fatima Syed,Math,3.39,22
4757,Usman Mughal,BBA,2.97,24
67,Hina Ahmed,Chemistry,3.26,24
3334,Hina Ahmed,CS,3.99,18
2334,Tariq Raza,CS,3.57,21
6084,Ahmed Sheikh,Math,3.93,20
6034,Hina Ahmed,Math,3.97,18
3192,Maryam Chaudhry,CS,3.92,20
8022,Hina Mughal,Chemistry,3.86,26
5063,Ayesha Khan,CE,2.95,18
7427,Usman Chaudhry,Math,3.84,25
7088,Sara Sheikh,BBA,2.4,19
7982,Ahmed Mughal,CS,2.51,26
8094,Maryam Malik,CE,2.63,21
1125,Kamran Syed,CE,3.65,22
389,Bilal Ansari,Chemistry,3.46,24
9666,Bilal Mughal,Chemistry,3.9,20
3774,Maryam Abbasi,CS,2.17,25
4869,Usman Butt,CE,3.65,22
2774,Hassan Syed,EE,3.12,20
2256,Ahmed Syed,Math,3.95,26
4771,Hassan Chaudhry,CS,3.3,25
2467,Bilal Sheikh,BBA,3.03,26
3462,Ayesha Sheikh,Math,3.63,19
3882,Hina Abbasi,Math,2.5,25
8355,Tariq Khan,BBA,2.95,22
2980,Bilal Sheikh,ME,2.49,22
7107,Bilal Mughal,CE,2.04,22
1773,Zainab Butt,ME,2.35,25
2398,Kamran Sheikh,BBA,3.13,23
4011,Ahmed Chaudhry,ME,2.82,26
3537,Maryam Ahmed,EE,3.53,19
1751,Hina Raza,Math,3.85,25
5628,Ayesha Butt,EE,2.34,18
1250,Fatima Syed,Physics,2.21,24
3304,Kamran Chaudhry,Math,3.29,20
4794,Sara Raza,Chemistry,2.09,25
4764,Ahmed Qureshi,Chemistry,3.36,24
4477,Hassan Abbasi,EE,2.11,23
2025,Ayesha Raza,CS,2.24,20
2718,Omar Malik,Math,2.36,26
4177,Noor Raza,ME,2.49,22
2806,Ahmed Mughal,CE,2.64,18
2545,Ayesha Sheikh,BBA,3.08,22
2670,Hina Butt,Physics,2.46,22
3710,Hina Malik,Physics,3.45,22
3407,Hassan Raza,CE,2.62,18
2546,Ahmed Malik,CE,2.22,24
4016,Hassan Syed,Physics,3.79,20
3164,Ahmed Chaudhry,Math,2.4,22
341,Usman Qureshi,BBA,2.54,22
5870,Ahmed Chaudhry,Math,3.3,24
5662,Usman Raza,ME,3.35,24
1813,Ahmed Qureshi,CE,3.0,18
3380,Bilal Mughal,CS,2.21,18
5730,Sara Butt,ME,3.45,25
2344,Bilal Butt,CS,2.87,24
9371,Tariq Raza,CE,2.21,23
4750,Ahmed Malik,ME,2.94,19
7447,Tariq Syed,Physics,2.55,21
7567,Hassan Khan,BBA,3.78,22
2099,Ahmed Qureshi,ME,2.29,25
6209,Noor Ahmed,ME,3.23,18
1101,Usman Raza,ME,3.42,22
8325,Maryam Raza,CE,3.3,26
2086,Noor Syed,CE,2.66,25
1153,Bilal Chaudhry,CE,2.94,19
5703,Ahmed Khan,Math,3.72,19
65,Ayesha Sheikh,CS,2.7,19
2247,Fatima Ansari,BBA,3.9,20
1556,Yahya Khan,Math,3.81,26
4944,Sara Qureshi,CE,3.17,24
1358,Yahya Chaudhry,ME,4.0,25
4445,Yahya Raza,CS,2.68,22
6277,Hina Butt,CE,3.71,23
1722,Zainab Abbasi,CS,3.17,18
6897,Noor Abbasi,CE,3.61,21
7397,Kamran Qureshi,Chemistry,2.26,18
2606,Noor Qureshi,EE,2.68,23
4115,Ayesha Qureshi,CE,2.28,25
6719,Tariq Khan,Physics,2.38,26
8187,Usman Raza,CS,3.82,21
9743,Sara Sheikh,EE,2.94,22
3658,Sara Ahmed,BBA,2.61,18
4045,Zainab Ahmed,ME,2.43,22
4870,Hina Sheikh,Math,2.25,20
2933,Tariq Malik,EE,2.0,24
7926,Omar Ahmed,CE,3.95,24
2802,Maryam Syed,CE,2.4,19
25,Kamran Raza,ME,3.6,22
2725,Maryam Butt,Physics,3.02,22
701,Bilal Ahmed,EE,3.46,25
4376,Fatima Ansari,CS,3.63,24
5534,Usman Chaudhry,CE,2.82,21
7264,Ahmed Qureshi,ME,3.31,18
1762,Zainab Ahmed,EE,2.26,20
480,Kamran Khan,EE,2.69,24
5349,Hina Ansari,Math,3.62,21
2114,Bilal Ahmed,CS,2.87,25
4699,Noor Chaudhry,CE,2.75,23
3751,Yahya Butt,Chemistry,3.97,20
3262,Maryam Chaudhry,BBA,2.91,26
9166,Ayesha Syed,CS,2.71,20
6393,Maryam Sheikh,Chemistry,2.75,20
2091,Hassan Sheikh,EE,2.35,22
1005,Ahmed Butt,Physics,2.5,22
4262,Omar Malik,Math,3.42,18
7862,Maryam Ahmed,Math,2.91,24
6074,Yahya Chaudhry,Math,3.07,19
9712,Hassan Mughal,CS,3.97,25
5759,Usman Khan,CS,2.7,21
4307,Maryam Chaudhry,BBA,2.38,26
1560,Hina Khan,BBA,2.71,26
3793,Hassan Khan,Math,2.31,25
7888,Kamran Sheikh,Math,2.96,22
5677,Zainab Butt,CE,3.73,26
2291,Sara Abbasi,BBA,3.44,25
405,Hina Ahmed,BBA,3.84,26
2011,Noor Chaudhry,CE,3.91,21
5923,Noor Sheikh,Physics,3.35,26
7729,Hina Ansari,Math,3.1,18
2119,Usman Sheikh,Chemistry,3.83,20
2208,Hassan Sheikh,CS,2.32,20
2663,Hina Khan,ME,2.64,21
9856,Sara Qureshi,ME,2.68,19
7377,Yahya Qureshi,EE,2.91,22
1800,Tariq Chaudhry,Physics,2.15,26
4240,Hina Ansari,Chemistry,3.29,26
5670,Tariq Syed,ME,3.05,21
9209,Usman Syed,ME,2.49,25
3215,Omar Sheikh,CS,2.62,22
8830,Ahmed Ahmed,BBA,2.29,18
2499,Hina Raza,CS,3.8,26
6010,Zainab Sheikh,CE,3.95,21
7639,Yahya Qureshi,Math,3.73,22
6673,Maryam Qureshi,EE,2.42,22
9061,Noor Malik,Chemistry,3.64,20
1613,Yahya Ansari,Chemistry,2.76,26
452,Yahya Qureshi,ME,2.36,25
5925,Omar Abbasi,BBA,2.2,21
9719,Yahya Raza,EE,3.19,23
9576,Yahya Mughal,BBA,3.62,25
5150,Noor Abbasi,CS,2.23,19
3105,Ahmed Ansari,ME,3.95,22
2598,Hina Abbasi,Chemistry,2.98,19
4169,Hassan Chaudhry,ME,3.62,21
5551,Omar Chaudhry,CS,3.0,25
4726,Hassan Ahmed,CS,3.94,25
883,Ayesha Chaudhry,Physics,3.82,19
6331,Ahmed Chaudhry,Chemistry,3.78,21
7733,Sara Abbasi,BBA,3.27,26
5399,Hina Qureshi,Physics,3.59,24
4969,Fatima Ahmed,BBA,3.28,22
4888,Hassan Malik,Physics,2.42,19
554,Maryam Syed,ME,3.13,20
9421,Yahya Malik,EE,3.25,21
2187,Usman Chaudhry,ME,3.94,26
5884,Zainab Ansari,CS,2.2,24
1571,Sara Chaudhry,BBA,2.62,24
2643,Zainab Butt,CS,2.07,24
9542,Hassan Ahmed,CS,3.37,26
478,Fatima Abbasi,Physics,2.86,25
9273,Ahmed Qureshi,Chemistry,3.89,19
9736,Yahya Khan,CE,2.85,23
7620,Bilal Raza,ME,2.64,22
3128,Ayesha Khan,CS,3.39,20
876,Zainab Syed,CE,2.16,20
3042,Omar Khan,CS,2.58,24
2049,Omar Qureshi,ME,3.53,21
5376,Kamran Ahmed,CE,3.65,19
2497,Ahmed Syed,Math,2.2,26
3615,Ayesha Mughal,Math,2.83,21
8997,Usman Chaudhry,CS,3.31,23
7087,Omar Chaudhry,Chemistry,3.72,18
3199,Fatima Khan,BBA,2.49,22
9428,Hina Qureshi,Chemistry,3.69,19
9875,Usman Qureshi,Chemistry,3.48,21
3354,Noor Abbasi,Physics,2.14,19
2981,Omar Ansari,BBA,2.21,21
7700,Zainab Ahmed,BBA,3.34,19
3069,Zainab Ahmed,Physics,2.88,25
1239,Kamran Sheikh,ME,2.96,25
1987,Usman Syed,ME,3.89,24
3712,Bilal Sheikh,BBA,3.18,18
9613,Fatima Butt,Math,3.95,18
9288,Zainab Abbasi,EE,3.49,26
3303,Kamran Abbasi,Physics,3.48,22
3153,Ayesha Sheikh,BBA,2.51,19
8805,Hina Sheikh,EE,3.54,19
8692,Omar Abbasi,BBA,2.46,19
3829,Tariq Malik,CS,3.27,23
6142,Fatima Mughal,Math,2.47,24
7408,Maryam Khan,Physics,3.45,24
8045,Hassan Mughal,CS,3.77,24
9900,Yahya Ansari,Physics,2.48,25
4252,Hina Khan,EE,3.34,26
6833,Yahya Butt,BBA,3.36,24
87,Sara Ansari,Chemistry,2.81,20
7778,Hina Ahmed,Math,3.12,25
6278,Maryam Syed,Physics,3.44,23
8050,Hina Mughal,Physics,2.46,18
1626,Maryam Ahmed,BBA,2.36,22
5899,Maryam Abbasi,Math,3.58,24
8164,Ayesha Qureshi,ME,3.3,23
7255,Noor Ahmed,CS,3.59,24
2689,Bilal Qureshi,CE,3.96,23
8742,Fatima Butt,Physics,2.61,22
2678,Noor Mughal,ME,2.23,20
1133,Tariq Sheikh,EE,2.42,21
8928,Yahya Mughal,Physics,3.87,21
1127,Maryam Khan,CE,2.56,25
5067,Ayesha Mughal,CE,3.03,26
2526,Zainab Malik,CS,3.51,21
1564,Omar Abbasi,Physics,3.61,18
4703,Ayesha Mughal,ME,2.63,21
1923,Tariq Butt,BBA,2.35,25
4625,Hina Qureshi,CE,2.13,25
3432,Ayesha Khan,Chemistry,2.75,18
3161,Yahya Malik,EE,2.68,20
7715,Zainab Syed,ME,2.52,20
6451,Bilal Chaudhry,Physics,2.67,18
1592,Tariq Abbasi,ME,3.81,24
3872,Kamran Syed,CE,2.94,19
4840,Hina Khan,Chemistry,2.4,18
3144,Omar Chaudhry,Physics,3.45,19
7097,Ayesha Qureshi,Physics,2.83,18
6492,Zainab Ansari,Chemistry,2.75,26
6447,Bilal Sheikh,EE,3.8,25
7566,Sara Sheikh,CE,2.24,20
1985,Tariq Chaudhry,Chemistry,3.82,21
50,Ahmed Ahmed,CE,2.79,18
7335,Ahmed Qureshi,EE,3.01,26
147,Kamran Abbasi,CS,2.67,23
3277,Ayesha Khan,Physics,2.59,21
3331,Maryam Khan,BBA,3.96,20
3655,Bilal Malik,BBA,2.94,26
2037,Bilal Ansari,CS,3.16,20
5232,Yahya Abbasi,CE,3.52,26
1023,Bilal Chaudhry,Physics,3.9,20
2436,Fatima Malik,EE,2.1,25
2381,Kamran Ansari,Chemistry,3.0,21
548,Zainab Syed,BBA,3.96,19
906,Fatima Khan,Physics,3.02,18
703,Hassan Mughal,Physics,3.61,24
1406,Tariq Malik,CE,2.2,22
5161,Omar Sheikh,EE,3.14,26
8811,Noor Chaudhry,CS,3.9,21
9956,Fatima Malik,Chemistry,3.36,26
8501,Omar Qureshi,CE,3.19,26
2605,Yahya Butt,Physics,2.9,19
5688,Fatima Chaudhry,EE,3.39,20
613,Tariq Malik,BBA,2.63,21
7816,Hassan Malik,CE,2.33,24
5312,Tariq Raza,BBA,2.44,21
8715,Fatima Qureshi,CE,2.51,18
8232,Hina Abbasi,CE,3.84,21
5579,Omar Mughal,CS,2.53,23
6291,Hina Chaudhry,BBA,3.93,18
8964,Omar Qureshi,Math,3.67,23
5360,Ayesha Raza,ME,2.39,23
4615,Hina Khan,EE,2.83,21
6083,Tariq Syed,Math,3.44,25
6789,Ayesha Qureshi,Math,2.49,23
8037,Ahmed Malik,CE,3.94,22
7075,Tariq Chaudhry,Chemistry,3.69,26
328,Zainab Qureshi,Chemistry,3.64,22
791,Ahmed Sheikh,CE,3.77,25
2372,Ayesha Malik,BBA,2.14,25
5494,Ahmed Mughal,CS,3.65,20
4808,Bilal Sheikh,BBA,2.01,23
6891,Kamran Mughal,Chemistry,3.05,19
3571,Tariq Syed,EE,2.96,22
7490,Ahmed Ansari,CE,2.6,26
5463,Usman Ahmed,Math,2.74,25
1619,Tariq Sheikh,BBA,2.28,23
3977,Ayesha Raza,CS,2.3,21
2122,Ahmed Mughal,BBA,3.76,25
2805,Maryam Butt,Chemistry,3.53,21
4242,Noor Khan,Chemistry,3.36,22
3880,Ahmed Sheikh,EE,3.83,20
8524,Ahmed Khan,Chemistry,3.53,26
2896,Hassan Ansari,CE,3.92,26
6404,Sara Syed,Physics,2.8,18
863,Ahmed Chaudhry,Math,2.34,20
8345,Sara Sheikh,Chemistry,3.98,20
3657,Hassan Malik,Math,3.59,22
6172,Yahya Khan,Math,3.73,23
7489,Yahya Malik,Chemistry,3.18,18
6201,Ahmed Raza,ME,2.97,20
5392,Ahmed Syed,Chemistry,2.37,19
6750,Sara Butt,CE,2.05,20
1550,Usman Raza,ME,3.52,25
1199,Ayesha Malik,ME,3.32,24
5668,Usman Chaudhry,BBA,2.53,22
4391,Yahya Abbasi,Chemistry,2.57,23
3107,Ahmed Raza,Physics,2.24,26
620,Usman Khan,EE,2.74,18
6994,Bilal Ansari,Physics,2.98,24
4424,Hassan Chaudhry,Physics,2.84,18
7394,Ahmed Ahmed,CE,3.95,25
7311,Omar Ansari,CS,2.67,21
4911,Ahmed Malik,CS,3.01,26
9307,Bilal Malik,Physics,2.15,26
3054,Bilal Ansari,CE,3.11,25
6009,Usman Khan,EE,3.16,22
2328,Ayesha Ahmed,Chemistry,3.7,25
2295,Noor Raza,Chemistry,2.89,23
3456,Ahmed Ansari,Chemistry,2.72,19
6813,Ahmed Syed,Physics,2.37,22
9358,Ahmed Ahmed,ME,2.51,18
9122,Tariq Malik,Physics,2.15,21
6670,Kamran Abbasi,EE,3.07,19
1151,Yahya Syed,Physics,2.99,24
5982,Ayesha Sheikh,CE,2.28,25
5500,Fatima Sheikh,Math,3.36,19
52,Omar Sheikh,BBA,3.17,18
1599,Fatima Sheikh,ME,3.88,22
1494,Hassan Syed,Math,3.72,24
1227,Noor Butt,ME,3.55,21
3879,Kamran Butt,BBA,3.43,20
4181,Tariq Raza,Math,2.33,26
9621,Omar Khan,BBA,3.2,23
5614,Tariq Butt,Math,2.93,20
4850,Ahmed Chaudhry,CE,3.41,26
1084,Bilal Butt,Math,2.31,22
3679,Usman Abbasi,CE,3.92,23
1051,Bilal Malik,EE,2.02,23
3934,Usman Abbasi,CE,3.32,20
323,Noor Sheikh,Chemistry,3.26,19
5905,Hassan Abbasi,CS,3.07,21
7022,Hina Ansari,ME,2.97,20
7146,Tariq Raza,Math,2.48,25
8056,Yahya Butt,EE,3.98,23
1226,Sara Mughal,Physics,3.38,19
2862,Tariq Chaudhry,Physics,3.75,22
2375,Zainab Sheikh,BBA,3.03,25
3036,Sara Ansari,CE,3.54,22
7827,Maryam Malik,CS,3.39,23
39,Ayesha Mughal,CE,3.08,21
7893,Sara Syed,ME,2.16,26
9422,Zainab Raza,ME,3.0,23
1950,Sara Qureshi,Chemistry,3.34,26
2089,Maryam Qureshi,Chemistry,3.81,18
6146,Bilal Ahmed,CS,3.52,26
4722,Omar Ansari,EE,2.51,25
3553,Usman Abbasi,CS,2.87,23
203,Hina Ahmed,BBA,3.26,20
5593,Omar Butt,CS,2.97,23
2742,Usman Ansari,EE,3.41,19
6249,Kamran Ahmed,ME,3.47,25
9987,Sara Sheikh,Chemistry,2.94,24
7000,Hina Ansari,Physics,3.12,22
4605,Sara Chaudhry,CS,2.52,21
3986,Sara Mughal,EE,3.25,20
5057,Ahmed Qureshi,Chemistry,2.41,22
6442,Noor Malik,CE,3.31,21
6952,Zainab Khan,EE,3.58,19
7409,Maryam Malik,Chemistry,2.64,23
9720,Yahya Qureshi,Math,3.16,26
3640,Bilal Raza,BBA,3.9,21
7461,Tariq Sheikh,CS,3.63,19
2879,Ahmed Ahmed,ME,2.31,18
1493,Hassan Ansari,Physics,3.59,20
759,Omar Ansari,ME,2.44,22
3174,Omar Mughal,BBA,2.77,18
6561,Maryam Sheikh,ME,2.65,20
7773,Hassan Sheikh,Physics,2.11,25
6259,Sara Ahmed,CE,3.22,25
8099,Yahya Chaudhry,CE,2.39,23
237,Bilal Abbasi,Math,3.25,21
8545,Omar Abbasi,BBA,3.76,24
5464,Tariq Ansari,Chemistry,2.75,21
3390,Tariq Sheikh,Chemistry,2.19,20
7323,Maryam Ahmed,CS,3.78,21
7450,Bilal Khan,CE,3.46,26
7978,Fatima Butt,Chemistry,2.6,24
5776,Ahmed Ansari,CE,2.91,21
9274,Fatima Malik,Math,3.92,24
5158,Zainab Chaudhry,Math,2.19,22
1451,Ahmed Ansari,BBA,3.16,20
135,Bilal Abbasi,Chemistry,2.22,21
3496,Kamran Malik,CS,2.0,22
7499,Fatima Raza,Chemistry,2.72,23
8121,Noor Abbasi,Math,2.3,21
5996,Yahya Khan,Math,3.07,18
175,Ahmed Sheikh,Physics,2.32,26
2283,Kamran Malik,Chemistry,2.9,22
4285,Yahya Malik,EE,3.07,18
6953,Bilal Butt,EE,3.01,23
4136,Tariq Mughal,CS,2.49,26
8067,Maryam Khan,CS,2.11,20
9476,Sara Qureshi,Math,3.31,18
1061,Tariq Sheikh,EE,3.01,19
549,Noor Ahmed,EE,3.85,26
5199,Ayesha Ahmed,Chemistry,2.67,25
369,Maryam Sheikh,CE,3.89,20
1989,Noor Khan,Math,3.29,25
6894,Noor Syed,EE,2.34,24
797,Usman Butt,CE,2.9,22
1995,Bilal Raza,Physics,3.6,23
5527,Usman Qureshi,Physics,2.5,22
4127,Kamran Qureshi,Math,3.16,24
8674,Sara Syed,EE,3.41,20
6980,Ahmed Butt,EE,3.08,26
2087,Ahmed Malik,CE,2.98,20
3892,Sara Ansari,Math,2.31,26
5346,Noor Sheikh,CE,2.02,21
8043,Ahmed Chaudhry,EE,2.94,21
2889,Omar Malik,Physics,2.38,21
5155,Kamran Butt,EE,3.14,21
2882,Hassan Mughal,CE,3.24,18
4310,Sara Syed,Physics,2.23,24
3997,Noor Qureshi,CE,2.26,18
8613,Zainab Chaudhry,CS,3.3,25
8703,Noor Mughal,EE,3.37,21
6639,Usman Ansari,CE,3.03,24
8224,Ayesha Qureshi,Math,2.08,23
6520,Maryam Raza,ME,3.4,21
2592,Hina Ahmed,ME,3.65,26
9681,Maryam Abbasi,Chemistry,3.88,25
409,Kamran Sheikh,BBA,3.2,18
8376,Ayesha Chaudhry,CE,2.25,24
8029,Maryam Sheikh,Physics,3.83,22
1669,Fatima Butt,Math,2.01,22
5788,Bilal Raza,Physics,2.29,21
8939,Noor Ahmed,Physics,2.99,20
629,Sara Butt,EE,2.98,25
8039,Ahmed Ansari,Math,2.77,18
5160,Maryam Butt,Chemistry,3.1,19
6419,Fatima Chaudhry,Math,2.42,19
4287,Maryam Chaudhry,CS,2.34,22
4609,Sara Chaudhry,Physics,3.57,20
3297,Fatima Malik,EE,3.38,20
6344,Ayesha Malik,Math,2.44,25
8090,Hassan Abbasi,CS,2.02,19
1436,Ahmed Raza,EE,2.12,23
3319,Yahya Malik,Chemistry,3.96,18
4428,Fatima Raza,EE,3.37,25
3393,Maryam Khan,CE,2.34,20
6058,Maryam Malik,BBA,3.93,18
1260,Kamran Butt,EE,3.51,25
9293,Sara Sheikh,Chemistry,3.47,23
8522,Kamran Sheikh,CS,3.54,24
7471,Kamran Abbasi,Math,3.37,20
2329,Fatima Chaudhry,BBA,3.11,19
8546,Tariq Malik,Chemistry,3.6,24
4072,Noor Mughal,CS,3.82,26
1980,Bilal Ahmed,Physics,3.34,21
8886,Hassan Ansari,CE,3.79,22
1516,Bilal Malik,CS,2.07,18
4742,Maryam Malik,CS,2.7,18
8541,Ayesha Malik,Chemistry,2.52,26
3315,Usman Ahmed,CE,2.83,25
5729,Usman Abbasi,EE,2.97,22
4592,Tariq Ahmed,CE,2.17,24
8483,Ayesha Butt,EE,3.88,20
5222,Bilal Chaudhry,Chemistry,3.14,19
6848,Noor Khan,BBA,3.34,26
2185,Fatima Abbasi,CE,3.06,22
582,Ahmed Ahmed,CS,2.43,22
2455,Omar Raza,Math,2.82,18
1219,Hina Malik,EE,2.18,18
7598,Sara Abbasi,ME,3.7,25
6829,Omar Qureshi,CS,3.15,20
8521,Omar Chaudhry,Physics,2.36,24
9172,Hina Chaudhry,Chemistry,3.77,19
6179,Ahmed Chaudhry,EE,3.49,18
8430,Ayesha Abbasi,EE,3.91,25
6942,Kamran Ansari,Math,3.63,22
5319,Tariq Butt,EE,2.55,25
4635,Maryam Syed,CS,2.99,24
5457,Hina Qureshi,Math,3.97,19
1196,Yahya Ahmed,EE,2.02,23
9297,Kamran Chaudhry,CE,3.03,23
8661,Ahmed Chaudhry,EE,3.86,21
3907,Sara Mughal,Math,2.09,19
6133,Ahmed Khan,ME,3.88,26
3058,Tariq Malik,Math,2.65,26
9134,Noor Chaudhry,Physics,2.53,22
8708,Hassan Butt,Math,2.63,19
9633,Sara Ansari,Physics,2.68,22
4422,Omar Abbasi,BBA,2.86,18
3000,Maryam Mughal,EE,2.04,25
2883,Kamran Ahmed,Physics,3.46,21
3414,Maryam Malik,Chemistry,3.64,18
904,Zainab Qureshi,BBA,3.05,21
7127,Hina Qureshi,CS,2.91,20
3711,Ayesha Raza,EE,3.47,25
5686,Kamran Butt,BBA,2.58,25
2237,Omar Sheikh,CE,3.19,19
5550,Omar Sheikh,ME,3.42,19
5654,Sara Chaudhry,Math,2.82,24
2621,Hina Ahmed,EE,2.32,20
4328,Fatima Chaudhry,CS,2.24,24
4553,Zainab Khan,Physics,2.67,26
3940,Bilal Chaudhry,CE,2.41,22
2098,Maryam Khan,Physics,2.83,20
2886,Hassan Khan,Chemistry,2.11,22
6315,Usman Mughal,CE,2.55,20
4044,Noor Khan,EE,3.09,23
280,Maryam Chaudhry,ME,3.56,25
1139,Kamran Mughal,BBA,3.5,26
1056,Tariq Sheikh,Physics,2.79,21
3976,Noor Sheikh,CE,3.35,22
5263,Noor Syed,CS,3.33,26
7956,Tariq Malik,ME,2.49,26
8110,Hassan Mughal,Chemistry,3.46,24
3541,Usman Raza,Physics,3.3,26
127,Maryam Chaudhry,EE,3.32,25
6316,Kamran Abbasi,Physics,2.74,20
7752,Omar Butt,CS,3.47,25
4267,Hina Abbasi,Physics,2.97,24
999,Noor Mughal,CS,2.48,25
5391,Ayesha Chaudhry,Math,3.16,26
4765,Sara Sheikh,Physics,2.44,19
4231,Yahya Malik,Physics,2.54,23
836,Kamran Raza,Physics,2.67,26
4600,Maryam Khan,CS,3.9,18
2056,Yahya Ansari,EE,3.1,21
3821,Bilal Raza,Math,3.49,26
7801,Usman Malik,CS,3.8,18
2530,Omar Syed,Math,3.49,21
4390,Ahmed Butt,Chemistry,3.42,23
5741,Sara Butt,Physics,2.03,26
2652,Noor Syed,EE,2.46,21
2501,Hassan Ansari,EE,2.18,26
5453,Maryam Ansari,EE,2.12,25
3190,Hina Qureshi,CE,3.04,23
2991,Hina Khan,EE,2.12,19
8217,Sara Ahmed,Chemistry,2.88,23
839,Tariq Chaudhry,ME,2.16,23
5159,Omar Malik,BBA,2.3,22
3281,Kamran Mughal,ME,2.52,18
7232,Hina Khan,Math,3.99,25
3464,Tariq Chaudhry,Physics,3.62,19
3835,Yahya Qureshi,Physics,2.23,19
8729,Fatima Sheikh,CE,2.63,23
9637,Yahya Syed,BBA,2.08,19
308,Noor Butt,CS,2.06,23
3713,Kamran Mughal,CS,2.24,21
5601,Omar Qureshi,ME,2.32,20
6522,Hassan Syed,BBA,3.72,22
2730,Maryam Qureshi,CS,2.39,26
3755,Kamran Malik,CS,2.12,24
3222,Hassan Khan,Math,2.22,24
2449,Ayesha Qureshi,Math,3.37,26
3466,Bilal Sheikh,Physics,2.82,26
9048,Bilal Chaudhry,Chemistry,2.61,20
7754,Hassan Sheikh,BBA,3.89,26
3886,Hassan Abbasi,ME,3.98,19
4946,Noor Malik,EE,2.02,24
7946,Hina Qureshi,BBA,3.34,21
9775,Sara Chaudhry,EE,2.15,19
5549,Ayesha Ansari,CE,2.52,20
7708,Bilal Qureshi,BBA,3.58,25
7529,Omar Chaudhry,EE,2.4,22
2866,Hassan Sheikh,EE,2.06,19
2532,Usman Chaudhry,CS,3.34,20
6998,Bilal Abbasi,EE,3.36,23
4382,Bilal Malik,BBA,2.0,22
2828,Noor Butt,BBA,2.28,21
2743,Maryam Sheikh,ME,2.92,23
8021,Hassan Malik,Chemistry,2.76,23
7418,Noor Ansari,EE,3.92,26
5995,Ayesha Butt,CE,2.45,18
5548,Yahya Qureshi,CS,3.93,24
3754,Noor Mughal,EE,3.2,19
2464,Yahya Ansari,CS,2.55,19
6788,Bilal Syed,Physics,3.92,19
9899,Hina Sheikh,CS,3.7,26
79,Usman Chaudhry,Math,3.54,26
2383,Usman Raza,ME,2.64,26
8815,Usman Chaudhry,BBA,2.33,21
8462,Omar Ahmed,Math,2.68,18
3152,Hassan Qureshi,Chemistry,3.76,21
1735,Bilal Mughal,ME,3.31,26
2231,Maryam Raza,Physics,2.04,21
7835,Omar Khan,Physics,2.69,26
2898,Zainab Butt,EE,3.85,25
7550,Usman Syed,Chemistry,2.31,23
4559,Ahmed Abbasi,CE,3.77,19
9924,Maryam Abbasi,EE,2.83,21
2189,Omar Khan,BBA,2.1,26
1907,Hina Khan,Math,2.61,25
7479,Sara Chaudhry,CS,3.71,26
4183,Hassan Raza,ME,3.36,20
8314,Ayesha Ansari,ME,3.49,22
6521,Yahya Raza,CE,3.5,24
1938,Bilal Sheikh,Chemistry,3.12,23
4896,Omar Ahmed,CS,2.29,26
2683,Usman Malik,BBA,2.81,20
4451,Tariq Syed,Physics,2.28,25
6094,Ahmed Mughal,EE,3.79,24
4200,Bilal Malik,EE,2.65,23
4117,Sara Khan,BBA,2.06,23
6470,Maryam Khan,ME,3.53,23
6339,Maryam Raza,BBA,3.05,20
2113,Fatima Chaudhry,Chemistry,3.6,20
4980,Zainab Malik,EE,2.23,26
8781,Yahya Mughal,BBA,2.37,22
4299,Ayesha Abbasi,Chemistry,2.97,26
9525,Hassan Ansari,Math,2.71,26
3214,Bilal Ahmed,Physics,3.74,24
3671,Hassan Raza,BBA,3.65,18
2859,Maryam Chaudhry,Chemistry,3.63,25
2365,Maryam Malik,Physics,2.72,21
1398,Hina Butt,ME,3.85,19
2950,Sara Butt,BBA,3.19,26
7728,Ahmed Butt,ME,2.55,18
9740,Hassan Qureshi,BBA,3.63,24
4081,Hassan Malik,BBA,2.38,19
2468,Hina Ansari,ME,3.33,22
9975,Sara Qureshi,Physics,3.92,19
4293,Tariq Malik,Math,3.66,20
5363,Yahya Mughal,Math,3.18,20
4940,Hina Abbasi,BBA,3.98,19
7025,Yahya Mughal,Chemistry,3.55,26
3299,Omar Qureshi,CE,2.16,18
3424,Hina Khan,Physics,3.16,19
7129,Yahya Butt,CS,3.89,25
4846,Usman Malik,Math,3.35,20
5466,Noor Ansari,Physics,3.38,23
3947,Bilal Raza,BBA,3.15,23
6320,Fatima Malik,EE,3.74,18
1383,Kamran Raza,Math,2.23,21
3033,Zainab Sheikh,Math,2.41,22
5458,Ahmed Chaudhry,Physics,3.66,25
9190,Ayesha Malik,ME,2.73,18
1742,Fatima Ansari,EE,2.75,20
7364,Noor Abbasi,Physics,3.41,26
7530,Ahmed Malik,ME,3.92,19
4353,Yahya Raza,CE,2.77,18
4829,Omar Syed,BBA,2.41,23
1859,Kamran Ansari,ME,3.32,25
5077,Ahmed Khan,EE,2.53,23
5842,Noor Abbasi,EE,3.37,21
385,Hassan Ahmed,EE,3.23,18
1120,Ayesha Syed,ME,3.53,20
3127,Hassan Raza,Physics,3.0,23
4361,Maryam Ahmed,Physics,3.32,23
3092,Omar Qureshi,CS,2.91,26
639,Ahmed Mughal,Physics,3.16,23
6631,Yahya Qureshi,EE,3.82,24
5962,Tariq Sheikh,BBA,3.61,20
6586,Hassan Malik,BBA,3.13,22
1106,Kamran Qureshi,CE,2.81,22
8181,Tariq Syed,CE,2.2,19
831,Maryam Abbasi,Math,3.71,20
3198,Sara Qureshi,BBA,2.16,19
7484,Hina Sheikh,EE,2.38,23
551,Maryam Abbasi,Physics,3.51,24
2406,Ayesha Ahmed,Math,2.52,25
8616,Tariq Malik,ME,3.71,18
5867,Ayesha Khan,CE,3.92,26
1189,Usman Raza,BBA,2.69,25
1237,Bilal Syed,BBA,2.35,19
205,Usman Qureshi,BBA,2.9,21
9965,Fatima Ansari,BBA,3.16,18
5802,Zainab Abbasi,Physics,2.78,20
6458,Kamran Ahmed,CE,3.31,23
8826,Maryam Khan,BBA,2.87,23
5353,Yahya Butt,CE,3.0,20
7039,Omar Mughal,Math,2.29,22
5535,Usman Butt,CE,3.12,26
8443,Zainab Chaudhry,Math,2.73,21
514,Sara Ansari,BBA,3.99,22
4789,Maryam Sheikh,CE,2.63,23
6938,Fatima Ansari,Math,3.56,25
5947,Bilal Sheikh,Chemistry,3.4,18
7141,Usman Mughal,Math,3.7,26
5752,Yahya Mughal,Math,3.74,26
7872,Usman Qureshi,CE,2.99,18
1892,Hassan Ansari,CE,2.13,19
1644,Ahmed Ansari,Physics,2.44,20
5440,Yahya Ansari,CE,2.49,22
4684,Ayesha Syed,ME,2.36,26
4610,Yahya Sheikh,EE,2.54,20
2100,Ahmed Qureshi,Math,3.6,20
1539,Usman Chaudhry,EE,2.62,19
9469,Sara Mughal,Math,3.29,19
1590,Ayesha Qureshi,Chemistry,3.88,21
2332,Maryam Raza,BBA,2.75,22
3990,Zainab Abbasi,BBA,3.89,18
6923,Ayesha Qureshi,Math,2.7,18
6501,Noor Malik,Physics,2.36,21
8298,Zainab Raza,CS,3.91,26
7973,Zainab Mughal,EE,2.44,26
3236,Hina Raza,Chemistry,3.37,20
4755,Yahya Malik,ME,3.97,25
8577,Hina Butt,Physics,2.57,20
1445,Zainab Mughal,Math,3.99,18
7889,Zainab Qureshi,EE,3.07,25
4899,Kamran Raza,ME,3.2,25
3088,Noor Malik,CE,2.2,19
9037,Ahmed Qureshi,Math,3.13,25
4198,Tariq Abbasi,ME,2.56,24
5901,Tariq Malik,ME,3.83,18
3076,Sara Khan,ME,3.54,20
4327,Tariq Raza,BBA,2.07,26
9936,Ayesha Butt,Math,3.31,19
2686,Hina Khan,ME,3.25,18
129,Hina Butt,Chemistry,2.88,21
1119,Omar Ahmed,Physics,3.5,19
5142,Kamran Malik,CS,2.55,24
1362,Omar Raza,ME,2.23,20
495,Bilal Ahmed,ME,2.04,19
2751,Sara Khan,EE,2.5,26
2963,Kamran Mughal,CS,3.46,18
9808,Hina Khan,ME,3.69,22
1549,Yahya Qureshi,Chemistry,2.9,20
9345,Ayesha Qureshi,Chemistry,2.68,23
2667,Sara Raza,Chemistry,3.43,23
7404,Fatima Butt,EE,2.11,22
6394,Hassan Qureshi,BBA,3.77,22
4264,Hina Butt,Math,2.1,25
9457,Tariq Khan,BBA,2.73,21
9684,Yahya Abbasi,Chemistry,2.43,19
1391,Usman Mughal,Math,2.89,20
3162,Omar Malik,Chemistry,3.04,22
1865,Omar Mughal,ME,2.59,22
7410,Hina Malik,Physics,2.7,20
5582,Yahya Abbasi,ME,2.77,21
835,Omar Ahmed,Math,3.77,21
909,Zainab Butt,Chemistry,2.02,22
2619,Fatima Khan,Chemistry,3.87,19
4804,Hassan Ansari,Math,3.63,21
5417,Sara Malik,CS,3.5,26
1721,Usman Ahmed,CE,3.42,19
6441,Maryam Mughal,Chemistry,2.5,23
6730,Noor Qureshi,BBA,3.86,26
8820,Hina Syed,CE,3.52,19
149,Omar Syed,CS,2.81,20
2651,Fatima Abbasi,Physics,2.65,25
8508,Ayesha Qureshi,EE,3.72,23
9581,Yahya Abbasi,CE,3.4,26
8145,Usman Chaudhry,Chemistry,2.96,24
1272,Ayesha Qureshi,Chemistry,3.08,22
914,Omar Chaudhry,CE,3.96,24
1020,Kamran Abbasi,BBA,2.17,20
8876,Hassan Chaudhry,CE,3.89,18
5979,Maryam Butt,BBA,3.34,22
1594,Kamran Raza,EE,3.22,18
5815,Usman Syed,Physics,2.63,26
8563,Sara Chaudhry,CS,2.02,19
8060,Usman Ahmed,BBA,3.96,23
8244,Kamran Ansari,BBA,2.02,20
572,Zainab Ahmed,ME,2.8,22
4645,Omar Ahmed,CE,3.03,20
8726,Tariq Butt,Chemistry,2.72,19
5743,Noor Qureshi,ME,3.75,20
6634,Yahya Mughal,Math,2.27,20
7711,Sara Syed,BBA,3.91,26
8969,Hina Syed,Math,3.56,25
8019,Yahya Syed,BBA,3.33,23
6680,Hina Butt,BBA,2.22,26
600,Kamran Butt,BBA,2.26,21
8245,Fatima Malik,BBA,2.14,25
4544,Omar Ansari,Math,3.83,19
5404,Omar Qureshi,BBA,3.65,24
3737,Yahya Qureshi,ME,2.38,26
6444,Yahya Butt,Physics,3.97,22
8872,Noor Butt,Math,3.6,20
1948,Kamran Syed,Chemistry,3.83,23
5835,Bilal Malik,Physics,3.85,26
2142,Fatima Qureshi,Chemistry,2.22,21
929,Maryam Syed,ME,3.43,25
7019,Yahya Butt,CS,2.79,26
2012,Maryam Ansari,CE,2.58,25
9551,Sara Ahmed,Physics,2.92,20
8137,Hassan Butt,EE,2.55,19
8871,Hina Sheikh,CE,2.33,23
1486,Ahmed Abbasi,ME,2.95,21
9101,Bilal Khan,BBA,3.78,18
8259,Maryam Mughal,CS,3.78,19
520,Maryam Chaudhry,Math,2.4,23
8125,Omar Sheikh,CS,3.37,22
3171,Noor Butt,ME,2.56,21
4175,Ayesha Syed,Math,2.3,18
6065,Hassan Abbasi,Math,3.74,22
8509,Hina Khan,Physics,3.28,25
4928,Tariq Abbasi,Chemistry,3.83,23
5015,Yahya Khan,CS,3.21,18
563,Tariq Ansari,Math,2.71,18
5854,Hina Ahmed,Physics,3.93,23
7936,Omar Syed,CE,3.63,19
4141,Omar Ahmed,EE,3.59,18
6618,Omar Chaudhry,Chemistry,2.99,26
589,Fatima Qureshi,Chemistry,3.21,24
9828,Ayesha Sheikh,CE,3.28,22
4708,Hassan Butt,EE,3.81,24
1994,Ayesha Sheikh,CS,2.37,20
7536,Fatima Qureshi,CE,2.49,26
6763,Hina Chaudhry,Chemistry,2.39,24
1700,Omar Malik,CE,3.4,25
9710,Fatima Chaudhry,Physics,3.58,26
9350,Hassan Khan,BBA,2.01,21
7096,Bilal Khan,Chemistry,2.63,23
3831,Ahmed Chaudhry,Math,2.31,21
7071,Ahmed Sheikh,BBA,2.67,24
5841,Ahmed Mughal,BBA,2.28,22
2307,Zainab Malik,Physics,2.63,24
8792,Fatima Butt,CE,3.48,25
2434,Hina Syed,CE,2.04,25
9931,Tariq Syed,Chemistry,2.36,18
301,Ahmed Abbasi,CE,3.61,24
2107,Usman Chaudhry,CE,3.27,20
9557,Noor Syed,CE,2.91,20
599,Usman Khan,BBA,2.94,18
3070,Usman Mughal,CS,2.38,19
5420,Hassan Malik,CS,3.78,25
9322,Hina Khan,CS,2.56,25
7250,Maryam Khan,Chemistry,2.58,25
2857,Hassan Chaudhry,CS,3.28,23
6303,Hassan Khan,EE,2.35,21
7875,Ahmed Qureshi,Math,3.18,25
8778,Maryam Ansari,BBA,3.94,20
8923,Ahmed Malik,CE,3.78,18
1428,Zainab Butt,EE,2.8,19
8387,Bilal Malik,Chemistry,3.77,20
5138,Ahmed Khan,BBA,2.45,22
9953,Maryam Ahmed,BBA,2.88,19
1203,Tariq Sheikh,CS,2.51,22
4835,Omar Qureshi,ME,3.42,18
336,Bilal Mughal,BBA,3.45,18
5041,Usman Khan,CE,2.24,21
7501,Usman Syed,Math,2.62,18
4716,Usman Malik,EE,3.27,26
3605,Ayesha Chaudhry,Physics,3.5,26
3844,Sara Ahmed,ME,2.18,25
1896,Maryam Ansari,Math,3.28,26
7977,Bilal Malik,Math,3.56,24
5356,Hina Mughal,Math,2.87,23
4744,Maryam Raza,CS,2.45,24
9944,Hassan Chaudhry,CE,3.56,22
6902,Maryam Butt,Math,2.21,19
619,Kamran Ahmed,CS,2.05,24
2600,Bilal Qureshi,Physics,2.23,26
938,Fatima Mughal,Math,2.02,21
1824,Omar Raza,ME,2.13,20
9515,Omar Ahmed,Chemistry,2.48,19
3025,Bilal Qureshi,Physics,3.41,22
5868,Sara Chaudhry,Math,3.43,20
2182,Omar Sheikh,ME,3.46,21
6319,Bilal Sheikh,Chemistry,2.24,25
3093,Hassan Qureshi,BBA,2.36,25
9954,Noor Ahmed,ME,3.65,20
8610,Ahmed Khan,CE,3.2,23
7549,Noor Qureshi,Math,2.55,22
3217,Maryam Syed,CE,2.68,22
6699,Sara Butt,ME,3.96,18
3644,Noor Khan,Physics,2.26,21
5215,Tariq Chaudhry,BBA,3.24,24
4879,Kamran Mughal,ME,2.83,21
9327,Fatima Khan,BBA,3.49,20
9403,Kamran Sheikh,Physics,2.26,22
489,Fatima Abbasi,Math,3.89,19
1879,Fatima Abbasi,Math,2.6,26
3583,Tariq Ahmed,BBA,3.83,26
1048,Ahmed Abbasi,CS,3.71,24
2244,Bilal Butt,Chemistry,3.97,18
2949,Noor Ansari,BBA,2.41,19
2705,Hassan Syed,Chemistry,2.19,24
142,Kamran Ansari,BBA,2.83,21
1736,Ayesha Sheikh,Math,2.76,19
1303,Bilal Mughal,BBA,2.15,20
1366,Ayesha Malik,Math,2.66,20
333,Noor Chaudhry,Physics,2.45,24
4291,Maryam Syed,CS,3.75,25
8954,Usman Malik,CE,2.73,18
4917,Noor Butt,Physics,3.08,19
177,Kamran Syed,CE,2.28,23
9102,Ahmed Ahmed,CE,3.27,23
1377,Ahmed Chaudhry,ME,2.18,21
746,Zainab Abbasi,Math,2.88,18
200,Omar Chaudhry,Chemistry,2.93,20
8359,Fatima Abbasi,ME,2.34,19
3349,Ahmed Ahmed,Math,3.73,25
4168,Kamran Mughal,ME,3.41,22
9329,Yahya Khan,ME,3.51,23
1563,Fatima Syed,Physics,3.42,25
3549,Omar Syed,Physics,2.64,25
7959,Yahya Abbasi,CE,2.26,25
1411,Sara Ahmed,CS,2.56,25
6075,Zainab Khan,CS,3.5,19
1691,Maryam Raza,CE,2.6,20
6812,Sara Malik,EE,2.1,21
5039,Hina Khan,BBA,2.98,18
9429,Kamran Chaudhry,CE,2.16,25
5003,Kamran Ansari,BBA,2.48,22
5711,Ayesha Ansari,Physics,2.38,22
2081,Bilal Abbasi,ME,2.29,19
2210,Ayesha Malik,ME,2.59,26
1506,Ayesha Ansari,CE,2.98,23
8196,Hina Butt,ME,2.01,24
1521,Yahya Butt,EE,3.05,26
3325,Bilal Chaudhry,CS,2.19,24
5410,Tariq Ansari,CS,3.79,18
6700,Sara Butt,ME,2.25,19
8384,Omar Khan,Physics,3.67,25
4379,Omar Butt,CE,2.97,19
128,Maryam Mughal,CE,3.45,20
1484,Noor Malik,BBA,2.33,19
6053,Sara Chaudhry,ME,2.16,20
9278,Maryam Mughal,CS,3.92,18
6970,Maryam Ansari,CS,2.4,26
8736,Ayesha Syed,BBA,3.16,23
8209,Hina Syed,CS,2.03,26
1277,Yahya Ansari,Math,2.9,21
8180,Bilal Abbasi,ME,3.41,21
6779,Noor Mughal,EE,2.61,20
2473,Fatima Chaudhry,ME,2.42,24
1999,Maryam Abbasi,Physics,2.24,19
2599,Sara Butt,EE,3.78,22
5795,Ayesha Ansari,CE,2.34,24
3668,Hina Butt,BBA,2.64,18
99,Sara Abbasi,EE,2.91,21
7226,Hina Khan,Math,2.45,18
6796,Ahmed Mughal,ME,3.54,26
3110,Tariq Syed,Math,3.26,25
9021,Tariq Ansari,Chemistry,3.81,19
2360,Zainab Sheikh,CS,3.77,23
628,Noor Sheikh,ME,3.41,19
3749,Fatima Abbasi,Math,3.17,19
8463,Kamran Ansari,CS,3.81,25
5760,Ahmed Chaudhry,EE,2.3,21
7459,Noor Ansari,Math,3.05,19
6963,Usman Mughal,ME,2.93,20
4047,Yahya Abbasi,Math,2.03,26
7466,Zainab Butt,EE,2.22,25
3993,Sara Mughal,BBA,3.99,20
8109,Tariq Abbasi,Physics,2.41,19
3588,Maryam Ahmed,CE,3.59,24
1173,Tariq Malik,Math,2.08,24
2659,Kamran Mughal,Physics,3.69,18
5778,Fatima Chaudhry,BBA,3.69,18
7381,Hassan Sheikh,Math,3.45,25
8631,Yahya Ansari,EE,3.12,24
5694,Noor Abbasi,BBA,2.57,18
4348,Fatima Khan,EE,2.34,21
9433,Ayesha Ahmed,ME,3.32,23
2955,Omar Qureshi,ME,3.66,25
8481,Ayesha Ahmed,CS,3.35,18
77,Zainab Abbasi,BBA,2.71,21
3157,Ahmed Chaudhry,ME,3.82,19
6236,Omar Chaudhry,CE,2.18,23
2040,Ayesha Chaudhry,ME,2.01,21
7453,Fatima Abbasi,ME,3.35,24
849,Usman Khan,BBA,3.75,19
7581,Ayesha Qureshi,Physics,3.29,24
9104,Noor Ansari,Physics,3.32,26
7100,Sara Qureshi,Physics,3.64,25
8281,Tariq Chaudhry,Chemistry,2.85,18
1368,Sara Sheikh,Math,2.21,20
743,Hina Chaudhry,Chemistry,3.85,19
924,Maryam Ahmed,Chemistry,3.5,24
3244,Zainab Syed,Physics,3.71,23
8679,Bilal Syed,Math,2.14,20
2646,Ahmed Ansari,CS,3.83,26
1623,Sara Syed,CE,3.36,22
7359,Hassan Chaudhry,EE,3.8,18
6162,Fatima Butt,EE,2.25,19
733,Noor Mughal,ME,3.98,26
426,Maryam Butt,CE,3.09,26
9198,Bilal Khan,BBA,2.88,18
6485,Ayesha Sheikh,CS,2.98,20
6742,Ayesha Raza,Math,2.21,18
4206,Maryam Syed,EE,3.99,21
6686,Noor Ansari,ME,3.1,20
4696,Ahmed Syed,Physics,3.51,21
1945,Hina Syed,ME,2.55,19
2551,Bilal Chaudhry,BBA,2.66,23
3805,Ahmed Butt,BBA,2.67,22
6008,Sara Malik,Math,3.87,18
189,Fatima Ansari,Chemistry,2.92,25
1318,Fatima Ahmed,Chemistry,2.05,26
5542,Yahya Malik,ME,3.33,26
6051,Ahmed Mughal,ME,2.96,18
4078,Maryam Ansari,CE,2.06,25
7751,Zainab Abbasi,Physics,2.18,25
4894,Yahya Khan,BBA,2.47,18
8800,Hassan Raza,EE,3.96,25
8741,Noor Sheikh,CE,2.52,18
5997,Fatima Qureshi,Math,3.77,19
1131,Zainab Ahmed,ME,2.66,19
7337,Yahya Abbasi,Chemistry,2.35,21
7304,Usman Raza,Physics,3.31,26
1149,Fatima Khan,ME,2.07,23
7632,Ahmed Qureshi,ME,3.34,25
7614,Kamran Syed,ME,2.49,20
6032,Kamran Khan,Chemistry,3.2,26
721,Yahya Raza,CE,3.56,20
8078,Tariq Chaudhry,Chemistry,3.74,25
8087,Fatima Khan,Chemistry,2.07,21
6212,Usman Qureshi,Physics,2.24,22
4947,Kamran Mughal,ME,2.78,24
6023,Tariq Sheikh,Math,3.56,21
1927,Yahya Raza,BBA,2.73,18
418,Zainab Qureshi,Math,3.68,21
5989,Maryam Sheikh,Physics,3.9,22
7515,Sara Khan,EE,3.0,23
4974,Hassan Syed,CS,3.93,18
7774,Ayesha Malik,Physics,2.51,19
4333,Usman Syed,CS,2.59,24
5446,Sara Raza,Chemistry,3.14,23
2716,Maryam Chaudhry,BBA,2.14,21
8374,Fatima Syed,BBA,3.49,21
1010,Hina Raza,Math,2.36,18
6565,Kamran Malik,Chemistry,3.12,26
9471,Yahya Malik,Math,2.36,25
6557,Bilal Sheikh,BBA,3.82,20
6946,Hina Qureshi,Chemistry,3.01,25
6843,Kamran Khan,BBA,2.04,19
7845,Sara Malik,Physics,2.48,22
9227,Zainab Khan,CE,2.36,21
9137,Hina Butt,CE,3.01,25
2228,Tariq Raza,CS,3.34,23
6693,Ahmed Abbasi,EE,2.65,25
5300,Tariq Mughal,EE,3.51,18
244,Hina Mughal,CE,3.58,20
4195,Noor Syed,Math,2.24,20
5167,Omar Malik,Math,3.63,18
6088,Omar Ahmed,EE,3.65,26
2301,Yahya Mughal,EE,2.7,19
4400,Bilal Raza,CS,3.41,24
1928,Tariq Mughal,Chemistry,3.14,25
6715,Maryam Malik,CS,2.5,18
4707,Usman Khan,EE,2.5,23
1340,Fatima Syed,Math,2.45,19
13,Fatima Ahmed,CE,2.02,19
8295,Omar Qureshi,BBA,3.33,24
5380,Maryam Sheikh,BBA,3.72,20
3360,Maryam Syed,BBA,2.36,23
1796,Ahmed Khan,Chemistry,3.05,21
6483,Hina Raza,Physics,2.29,23
6977,Noor Ahmed,EE,2.84,24
1454,Bilal Ansari,CS,3.25,20
9794,Maryam Ahmed,ME,2.79,19
6956,Hassan Ahmed,BBA,2.35,20
8682,Ayesha Raza,CE,3.77,19
3067,Noor Ahmed,Math,3.0,19
7592,Usman Ahmed,Chemistry,2.08,24
6517,Bilal Raza,EE,3.12,23
724,Maryam Abbasi,Chemistry,2.25,25
2347,Omar Abbasi,EE,2.39,26
6305,Ahmed Malik,Chemistry,2.37,23
7682,Kamran Syed,EE,3.59,22
2919,Maryam Khan,CE,2.99,24
2677,Bilal Syed,CS,3.22,18
4308,Tariq Chaudhry,Chemistry,2.12,19
9502,Kamran Qureshi,CE,3.38,20
1650,Maryam Syed,CS,3.96,19
6947,Omar Chaudhry,Math,2.2,19
497,Kamran Malik,Chemistry,3.71,24
7809,Yahya Qureshi,CE,2.45,23
2671,Yahya Sheikh,ME,3.53,26
4628,Tariq Syed,CS,3.93,22
9566,Usman Syed,CE,2.86,26
4051,Tariq Sheikh,CE,3.06,22
8675,Kamran Sheikh,EE,3.86,26
4312,Hina Sheikh,CS,2.96,21
9335,Yahya Butt,Physics,3.78,21
6462,Hina Butt,BBA,2.81,21
7043,Tariq Syed,Math,2.71,25
9418,Hina Syed,Math,2.44,22
4250,Fatima Chaudhry,BBA,3.53,26
6100,Noor Ansari,EE,3.69,22
3126,Zainab Mughal,Chemistry,3.17,23
2834,Ahmed Khan,Physics,3.22,25
2539,Ayesha Ansari,EE,2.53,22
5202,Yahya Syed,EE,3.95,18
2152,Usman Khan,Math,3.36,25
9888,Usman Ahmed,Math,3.44,18
9533,Bilal Qureshi,CE,2.77,21
5296,Maryam Malik,EE,3.61,18
8809,Hina Butt,Chemistry,3.76,21
11,Ahmed Qureshi,Physics,2.98,26
8147,Bilal Malik,Math,2.42,19
372,Ayesha Sheikh,EE,2.73,23
9966,Ahmed Mughal,Math,2.66,21
3734,Usman Ahmed,EE,3.38,20
9977,Bilal Abbasi,Physics,2.79,20
2459,Hina Sheikh,ME,3.27,26
1899,Bilal Abbasi,ME,3.45,25
1935,Hassan Mughal,Physics,2.88,23
1464,Yahya Qureshi,Chemistry,2.37,25
6661,Noor Raza,ME,2.3,24
1545,Maryam Qureshi,Math,2.15,25
8007,Zainab Raza,ME,2.57,21
661,Usman Malik,Physics,2.34,23
5974,Usman Chaudhry,CS,2.67,26
2407,Zainab Khan,Math,2.75,19
2224,Maryam Ansari,ME,2.93,19
42,Hassan Chaudhry,CE,3.21,24
8743,Bilal Qureshi,EE,2.78,22
3182,Sara Chaudhry,EE,2.87,21
2819,Fatima Raza,Math,3.64,24
9454,Ahmed Qureshi,Physics,3.12,19
3724,Ahmed Ansari,CS,3.12,26
2243,Zainab Qureshi,Chemistry,3.38,18
9463,Kamran Malik,CS,3.31,26
6759,Bilal Ansari,Math,3.98,25
7101,Omar Khan,CS,3.3,19
9695,Omar Khan,Chemistry,3.34,21
8688,Kamran Ahmed,Chemistry,3.21,23
9908,Omar Malik,Chemistry,2.46,20
6613,Sara Raza,CE,2.78,23
1049,Yahya Butt,Chemistry,3.3,19
3405,Ahmed Mughal,CS,3.44,19
937,Ayesha Ahmed,ME,2.28,20
2872,Sara Chaudhry,Chemistry,2.97,19
7433,Yahya Qureshi,Physics,3.7,20
6983,Kamran Malik,ME,2.75,24
6097,Zainab Khan,ME,3.73,18
7826,Fatima Sheikh,CS,2.65,26
8024,Omar Ahmed,Chemistry,2.82,18
6413,Kamran Butt,Physics,2.39,20
9785,Usman Ansari,CE,3.84,18
7971,Tariq Ahmed,ME,2.77,24
7363,Maryam Abbasi,CS,2.27,25
458,Noor Syed,EE,4.0,22
1698,Yahya Syed,CS,2.17,19
1759,Bilal Qureshi,Math,2.31,21
7085,Fatima Ansari,CS,3.66,24
507,Tariq Qureshi,ME,2.6,25
9395,Hina Raza,Chemistry,2.05,26
6367,Zainab Syed,BBA,2.7,26
3925,Sara Abbasi,Physics,2.28,19
761,Bilal Qureshi,Physics,3.16,22
7541,Sara Ansari,EE,3.57,25
8537,Noor Butt,CE,3.91,23
7595,Ayesha Syed,Chemistry,2.54,21
9179,Bilal Syed,CS,2.29,26
956,Fatima Syed,Chemistry,3.32,25
3381,Noor Qureshi,BBA,3.44,25
3094,Kamran Syed,BBA,3.82,20
7964,Sara Chaudhry,ME,3.93,18
8773,Noor Syed,CE,3.65,22
7136,Sara Ahmed,BBA,2.17,24
3385,Fatima Chaudhry,CE,2.56,20
3745,Bilal Ahmed,ME,2.31,19
9506,Omar Malik,CE,2.45,19
404,Hina Butt,ME,3.24,19
7736,Usman Malik,CE,2.91,23
7830,Sara Ahmed,ME,3.84,23
9915,Usman Sheikh,Physics,2.05,20
6472,Ayesha Mughal,EE,3.54,22
4184,Hina Butt,CE,2.43,22
817,Yahya Sheikh,Chemistry,3.01,25
604,Noor Malik,CS,2.78,19
1633,Usman Syed,Chemistry,2.73,25
9372,Omar Mughal,Math,3.48,19
9992,Hina Raza,Math,3.51,26
5022,Kamran Ansari,CE,2.04,23
2569,Yahya Malik,Chemistry,3.31,21
6682,Omar Sheikh,ME,2.38,21
3136,Ahmed Malik,EE,2.55,21
8843,Noor Abbasi,EE,3.68,22
7069,Hina Sheikh,EE,2.98,18
5127,Maryam Khan,EE,3.21,23
9228,Usman Mughal,ME,2.8,26
5375,Zainab Qureshi,BBA,2.54,22
1314,Ayesha Syed,Chemistry,2.23,25
5387,Fatima Abbasi,Math,3.43,20
7594,Ayesha Butt,ME,2.75,19
106,Kamran Khan,CE,3.28,24
6117,Tariq Abbasi,EE,2.88,19
3015,Kamran Khan,Math,2.88,18
5791,Yahya Raza,CS,2.97,26
1261,Bilal Malik,CE,2.37,23
108,Omar Ahmed,Chemistry,2.15,20
7058,Tariq Malik,EE,3.24,21
8554,Bilal Khan,Physics,2.72,25
635,Maryam Sheikh,ME,2.36,20
4367,Omar Khan,Math,3.85,21
1608,Yahya Syed,Chemistry,2.9,22
4903,Hina Qureshi,BBA,2.01,18
8484,Fatima Mughal,Math,2.37,22
9155,Hassan Butt,Chemistry,3.7,19
7995,Ayesha Chaudhry,ME,2.78,21
4138,Yahya Ansari,CE,3.11,21
3562,Bilal Khan,Chemistry,2.97,18
4189,Zainab Butt,EE,3.66,21
2414,Ahmed Ahmed,EE,3.59,20
5282,Noor Raza,Physics,3.43,23
773,Ayesha Ahmed,Physics,3.87,20
9226,Ahmed Khan,EE,3.73,19
1711,Tariq Syed,EE,2.48,25
6841,Zainab Ahmed,CE,3.88,23
1931,Ayesha Khan,Math,2.3,22
9776,Ahmed Qureshi,CS,3.52,25
4300,Tariq Mughal,Math,2.56,21
6105,Ahmed Abbasi,CS,2.46,25
5341,Tariq Chaudhry,CE,2.93,19
2174,Yahya Mughal,Physics,2.58,18
4634,Usman Sheikh,Math,3.95,25
6491,Kamran Chaudhry,CS,3.07,22
8594,Usman Butt,BBA,2.14,20
2082,Yahya Syed,ME,2.67,21
439,Usman Chaudhry,ME,3.09,25
3142,Sara Sheikh,Chemistry,3.36,19
2285,Tariq Ansari,Chemistry,3.23,18
4208,Ahmed Ahmed,CE,3.91,26
2261,Fatima Syed,Physics,3.53,20
5994,Tariq Sheikh,ME,3.68,24
3177,Hassan Malik,EE,2.17,20
5130,Ahmed Mughal,Physics,2.55,23
4705,Usman Ansari,Physics,3.88,26
7378,Noor Mughal,Physics,2.24,20
2516,Zainab Raza,EE,3.36,24
3439,Tariq Khan,ME,2.55,20
9171,Yahya Butt,CE,2.97,25
9280,Hassan Khan,ME,3.11,24
4649,Omar Raza,Physics,3.42,18
573,Bilal Ahmed,ME,3.74,18
7714,Kamran Ansari,ME,3.78,25
367,Hina Chaudhry,CS,2.42,21
8270,Ahmed Butt,CE,3.72,19
102,Ayesha Chaudhry,CS,2.3,18
9845,Omar Khan,Math,3.55,18
7432,Hassan Syed,CE,3.35,23
186,Zainab Raza,EE,2.27,22
4606,Omar Mughal,CS,3.37,22
6551,Hassan Raza,EE,2.62,25
6238,Hina Mughal,EE,3.65,21
8012,Yahya Khan,BBA,2.6,20
7737,Hassan Raza,CE,2.52,22
2570,Hina Ansari,CS,3.52,23
2150,Bilal Chaudhry,Math,3.23,21
517,Fatima Mughal,BBA,3.34,24
408,Usman Malik,ME,3.08,23
4806,Kamran Raza,ME,2.34,26
3589,Tariq Mughal,ME,2.98,19
6832,Ayesha Sheikh,Physics,2.44,20
1522,Hina Raza,BBA,3.54,25
7865,Yahya Khan,EE,3.22,24
1889,Fatima Sheikh,Math,2.67,19
5745,Hina Abbasi,Physics,2.48,20
2409,Ayesha Abbasi,Chemistry,2.71,26
2552,Maryam Butt,Chemistry,3.75,23
6453,Bilal Malik,CS,2.66,21
3305,Bilal Qureshi,BBA,3.25,26
5337,Bilal Butt,CS,2.14,19
5963,Yahya Khan,EE,2.31,20
5061,Zainab Malik,Chemistry,3.32,18
257,Hassan Abbasi,Physics,3.52,23
1217,Kamran Syed,CS,3.9,21
2088,Fatima Chaudhry,EE,2.24,18
5047,Kamran Mughal,Chemistry,2.7,18
9550,Zainab Malik,EE,3.23,20
5514,Tariq Abbasi,EE,2.36,25
6607,Zainab Malik,CE,2.89,21
9251,Hina Ahmed,BBA,2.89,21
3899,Omar Khan,BBA,3.32,25
1174,Yahya Sheikh,EE,2.01,26
5825,Omar Chaudhry,Physics,3.77,21
6434,Ahmed Raza,Physics,2.9,23
5541,Zainab Sheikh,BBA,2.48,18
9014,Sara Abbasi,Math,2.77,26
4107,Hassan Khan,ME,2.57,26
5520,Maryam Mughal,BBA,3.04,25
1942,Maryam Mughal,Chemistry,2.67,19
5545,Hina Sheikh,ME,2.38,23
631,Hina Ahmed,Math,3.62,21
1128,Hina Butt,CS,2.47,23
2854,Tariq Sheikh,CS,2.95,18
2792,Ayesha Sheikh,CE,2.69,21
7298,Noor Mughal,EE,3.56,23
9631,Sara Raza,Math,2.07,22
9913,Ayesha Ansari,BBA,3.9,21
2293,Usman Butt,CS,3.53,20
7782,Sara Mughal,Math,3.72,25
429,Zainab Qureshi,Math,2.56,18
4572,Maryam Butt,BBA,3.36,24
7848,Fatima Syed,Chemistry,2.74,22
5326,Zainab Mughal,Chemistry,2.62,21
330,Zainab Abbasi,CE,3.86,24
4284,Noor Sheikh,Math,3.25,21
4371,Fatima Malik,Chemistry,3.89,26
8689,Hina Abbasi,Math,3.99,25
226,Sara Mughal,ME,3.29,21
5418,Kamran Ahmed,CE,2.57,18
8840,Noor Malik,EE,3.31,21
5229,Omar Raza,EE,3.4,21
4091,Tariq Butt,BBA,2.85,26
1412,Fatima Syed,Physics,3.1,23
4064,Bilal Syed,CS,3.79,23
456,Ahmed Ahmed,BBA,2.85,18
9894,Fatima Raza,CS,2.08,25
4324,Sara Malik,BBA,3.62,25
9219,Bilal Ahmed,Math,2.24,21
590,Zainab Butt,Chemistry,3.32,26
7435,Omar Raza,BBA,3.45,22
3563,Ahmed Mughal,CS,3.51,23
9460,Fatima Malik,BBA,2.14,24
6878,Usman Syed,CS,3.24,18
9152,Usman Qureshi,ME,2.37,25
3584,Sara Abbasi,Math,2.25,18
4939,Ahmed Sheikh,CE,3.72,24
7362,Tariq Raza,BBA,2.77,18
8128,Ahmed Chaudhry,Physics,3.05,25
5855,Hassan Ahmed,Math,2.87,19
3598,Maryam Qureshi,ME,3.23,21
118,Maryam Qureshi,Math,3.3,26
6769,Omar Ansari,Chemistry,2.49,22
8855,Hina Chaudhry,EE,2.13,25
6376,Usman Mughal,BBA,3.82,24
7628,Kamran Khan,Math,3.05,18
841,Omar Qureshi,Math,2.05,25
117,Noor Sheikh,Math,2.86,20
1268,Zainab Mughal,BBA,2.5,22
7540,Noor Syed,ME,2.34,20
3256,Zainab Butt,Math,2.12,20
9158,Yahya Malik,Chemistry,2.15,22
1787,Usman Malik,CS,2.35,24
9317,Bilal Qureshi,Physics,3.18,26
6038,Noor Chaudhry,CE,2.29,21
2032,Usman Sheikh,Math,2.41,20
6918,Hassan Ahmed,BBA,2.07,22
407,Ahmed Sheikh,EE,3.44,26
6865,Kamran Khan,ME,2.79,25
4959,Ahmed Qureshi,CE,3.63,18
8814,Yahya Raza,CS,2.37,18
6006,Noor Mughal,BBA,2.09,25
3599,Fatima Mughal,Math,2.22,20
8168,Hina Malik,ME,2.64,25
4892,Sara Chaudhry,Math,2.91,22
6167,Usman Ahmed,ME,3.38,23
2769,Omar Malik,Chemistry,3.74,18
2341,Hassan Qureshi,CE,2.13,22
3062,Hassan Ansari,CS,2.08,25
1466,Omar Mughal,BBA,2.96,18
7820,Tariq Qureshi,EE,3.16,18
1815,Hina Chaudhry,EE,2.23,23
7898,Maryam Malik,EE,3.25,24
3071,Ahmed Malik,CS,3.57,26
4397,Ahmed Raza,EE,3.84,22
8665,Omar Sheikh,Math,2.61,18
8408,Maryam Mughal,Chemistry,3.43,22
8705,Ahmed Mughal,CE,3.1,25
2703,Tariq Khan,EE,2.76,26
750,Hassan Malik,EE,3.41,23
6420,Yahya Abbasi,CS,2.67,25
6856,Kamran Ahmed,EE,2.22,19
3158,Hassan Chaudhry,Physics,2.88,22
7020,Noor Raza,Physics,2.73,20
1002,Maryam Ansari,ME,3.01,21
6745,Fatima Ansari,EE,2.75,19
3170,Ahmed Ahmed,Physics,3.17,24
7465,Ahmed Raza,Math,2.32,18
2614,Hassan Syed,EE,3.88,23
5393,Ahmed Khan,ME,2.36,22
1093,Hina Raza,Math,2.97,25
5993,Noor Malik,ME,3.89,26
902,Hina Syed,EE,3.04,18
1349,Usman Qureshi,Physics,2.46,22
9866,Usman Raza,CE,2.62,22
4464,Bilal Butt,CS,2.52,23
5531,Usman Malik,EE,2.26,26
2622,Yahya Chaudhry,Math,2.09,21
7655,Ayesha Khan,ME,2.07,20
143,Ayesha Mughal,ME,3.77,25
5808,Ahmed Raza,CE,2.73,26
4786,Sara Mughal,Math,2.42,18
2768,Omar Khan,BBA,2.56,19
5106,Yahya Ansari,CS,2.45,21
2067,Usman Qureshi,Math,3.43,24
5456,Kamran Khan,EE,3.35,22
8491,Zainab Qureshi,CS,2.1,25
4852,Ahmed Ansari,EE,2.13,24
6978,Bilal Khan,ME,2.79,26
9674,Hina Syed,EE,2.38,25
2371,Maryam Chaudhry,Physics,2.88,24
8529,Ayesha Khan,Math,3.35,25
4319,Omar Syed,CE,2.59,22
8898,Maryam Ahmed,CS,2.01,25
1588,Ayesha Sheikh,Physics,2.17,24
4276,Sara Chaudhry,EE,3.06,23
4442,Maryam Abbasi,BBA,2.58,26
4919,Ayesha Qureshi,Physics,2.06,19
292,Hassan Raza,Chemistry,3.66,19
4148,Yahya Ansari,Physics,3.82,25
5626,Ayesha Malik,Chemistry,2.84,20
1330,Ahmed Ahmed,Math,2.47,23
9647,Omar Chaudhry,ME,3.45,20
8943,Maryam Abbasi,BBA,2.25,24
7157,Hina Raza,Physics,3.47,24
5724,Ayesha Mughal,Physics,2.27,19
9159,Maryam Sheikh,EE,2.83,26
48,Usman Abbasi,Physics,3.09,26
9860,Maryam Sheikh,Chemistry,3.97,20
8225,Fatima Qureshi,CE,3.55,22
9486,Bilal Raza,BBA,3.77,18
4598,Fatima Malik,ME,3.77,25
8714,Bilal Ansari,BBA,2.17,22
4491,Tariq Sheikh,ME,2.79,21
417,Noor Syed,CS,2.34,20
5045,Omar Mughal,CS,2.07,24
5796,Sara Qureshi,Physics,2.48,21
1953,Ayesha Syed,BBA,2.48,20
8877,Noor Syed,ME,3.3,24
9639,Sara Malik,Math,2.62,26
6360,Hassan Khan,BBA,3.06,24
4142,Kamran Malik,BBA,2.23,20
3049,Fatima Ansari,Physics,3.74,23
7855,Hassan Abbasi,CE,2.48,21
2909,Bilal Syed,CS,3.33,26
4809,Tariq Syed,Chemistry,2.94,24
7942,Noor Qureshi,EE,3.91,25
4791,Zainab Butt,Chemistry,3.67,22
8867,Hina Malik,CS,3.36,22
5111,Tariq Butt,EE,2.97,23
4841,Noor Sheikh,Chemistry,3.23,24
8907,Bilal Butt,BBA,2.6,21
5525,Yahya Syed,CE,2.23,25
5441,Hina Mughal,ME,2.16,25
3387,Bilal Chaudhry,ME,3.96,21
8318,Fatima Raza,ME,2.39,24
2079,Kamran Qureshi,BBA,2.66,26
7372,Sara Ahmed,Math,3.46,21
6477,Ayesha Sheikh,Math,3.43,23
5946,Noor Qureshi,EE,2.8,26
2696,Omar Chaudhry,CS,3.72,20
9905,Kamran Sheikh,Chemistry,2.66,26
8949,Tariq Syed,Chemistry,3.49,22
9727,Usman Raza,Math,2.55,20
1919,Sara Ahmed,Physics,3.62,21
5169,Yahya Ansari,ME,3.66,25
9028,Yahya Khan,CE,2.5,25
8841,Kamran Ansari,BBA,3.53,18
3019,Tariq Ahmed,Math,3.87,21
1681,Zainab Qureshi,Physics,2.77,21
9801,Fatima Ahmed,ME,2.35,21
356,Kamran Sheikh,Math,2.35,18
1523,Zainab Syed,EE,3.28,25
1459,Noor Malik,EE,2.21,23
3913,Maryam Mughal,CS,2.55,22
668,Usman Ahmed,BBA,2.67,18
2999,Fatima Mughal,CE,2.17,22
4967,Ayesha Ansari,Math,2.3,22
4641,Usman Mughal,Chemistry,3.39,22
2466,Bilal Malik,Math,3.38,19
1206,Fatima Chaudhry,Physics,3.1,23
2911,Zainab Raza,BBA,2.46,26
3508,Kamran Abbasi,Chemistry,2.74,25
3608,Hina Raza,Math,2.54,20
153,Zainab Abbasi,Chemistry,2.37,24
2837,Hina Qureshi,EE,2.73,26
9189,Fatima Syed,Chemistry,2.73,22
2534,Maryam Malik,EE,3.84,26
9634,Ahmed Qureshi,CS,2.36,25
7704,Noor Ansari,Math,3.81,25
555,Maryam Chaudhry,Math,2.46,24
5402,Fatima Ahmed,CE,3.0,18
9186,Sara Qureshi,CE,2.5,18
8210,Omar Sheikh,EE,4.0,20
8455,Maryam Butt,Chemistry,2.75,21
9324,Ayesha Syed,Physics,2.02,21
1801,Sara Ansari,Physics,3.85,20
22,Yahya Syed,EE,2.63,18
2258,Bilal Sheikh,Chemistry,2.58,18
9199,Kamran Ansari,CS,2.39,22
7458,Yahya Sheikh,ME,3.16,20
3766,Fatima Ahmed,Physics,3.84,22
728,Ahmed Khan,ME,3.05,23
8667,Noor Sheikh,CE,3.48,19
5895,Omar Malik,CE,3.79,23
7604,Bilal Ansari,BBA,3.03,18
7521,Maryam Chaudhry,ME,3.71,21
2402,Fatima Butt,Math,2.4,19
6072,Noor Khan,CE,2.2,26
9287,Hina Khan,CS,3.5,23
3426,Tariq Chaudhry,Chemistry,3.51,26
9360,Tariq Mughal,Chemistry,3.42,18
2294,Ayesha Sheikh,Math,2.97,25
8709,Hina Abbasi,CS,3.62,22
4489,Hina Chaudhry,EE,2.75,21
4453,Bilal Syed,CE,3.95,26
5966,Usman Qureshi,Chemistry,2.28,21
2035,Fatima Ansari,Physics,3.3,23
362,Kamran Qureshi,CS,2.8,24
2699,Noor Chaudhry,BBA,3.94,25
7955,Usman Raza,EE,2.03,20
299,Ayesha Malik,CE,2.92,20
808,Sara Khan,Physics,3.15,26
6929,Tariq Butt,CE,3.14,26
2284,Hina Mughal,CS,2.74,20
8349,Hina Butt,CS,3.51,24
4380,Fatima Butt,BBA,2.08,18
9534,Hassan Ansari,BBA,3.71,18
8079,Hassan Butt,CE,2.65,20
6281,Omar Qureshi,CS,2.29,21
2685,Omar Malik,CE,2.76,26
7542,Zainab Mughal,EE,3.87,26
36,Fatima Syed,ME,3.88,21
9646,Omar Abbasi,CS,3.98,20
3183,Zainab Chaudhry,CE,2.7,19
5400,Ayesha Butt,Math,3.55,18
4088,Omar Malik,CS,2.88,23
262,Noor Khan,ME,2.56,19
5207,Usman Abbasi,ME,2.47,20
1390,Fatima Ahmed,BBA,2.47,22
9814,Omar Syed,Physics,3.89,25
6409,Fatima Raza,CS,2.7,20
8002,Yahya Abbasi,Math,2.85,26
2563,Sara Ansari,Chemistry,2.43,21
9253,Noor Malik,BBA,2.52,23
2292,Hassan Malik,BBA,3.66,24
6900,Sara Abbasi,Math,2.28,25
9990,Fatima Ansari,CE,3.73,19
5216,Bilal Butt,ME,3.21,23
9916,Omar Raza,EE,2.84,21
4151,Kamran Khan,ME,3.01,25
6147,Tariq Sheikh,BBA,2.19,20
805,Bilal Khan,Physics,3.28,23
652,Ayesha Ansari,Chemistry,2.02,26
2297,Fatima Syed,Physics,3.01,21
4599,Hassan Ahmed,Physics,2.44,18
3365,Ayesha Sheikh,CE,3.29,20
6904,Hina Ahmed,ME,2.88,26
381,Yahya Sheikh,CS,2.8,21
7008,Maryam Chaudhry,ME,3.88,18
4414,Kamran Ansari,ME,2.7,20
374,Omar Mughal,Chemistry,3.72,19
181,Maryam Syed,CE,3.98,20
7858,Tariq Sheikh,CE,3.08,23
462,Usman Ansari,BBA,2.58,22
2818,Omar Raza,Chemistry,3.92,25
8850,Zainab Qureshi,Math,3.57,22
6052,Kamran Chaudhry,Chemistry,2.68,25
8186,Kamran Chaudhry,Math,2.13,18
4776,Zainab Qureshi,ME,3.5,25
5658,Hassan Syed,Math,3.39,26
6887,Hina Chaudhry,ME,3.55,24
6675,Hina Mughal,EE,2.61,22
5553,Sara Abbasi,ME,2.85,19
1055,Yahya Butt,Chemistry,2.48,19
2971,Omar Malik,Chemistry,2.3,18
5843,Ahmed Ansari,ME,2.75,22
9522,Zainab Abbasi,Chemistry,2.13,19
9309,Bilal Raza,ME,2.04,19
1097,Ayesha Syed,CS,2.15,23
9200,Tariq Qureshi,ME,2.92,25
8166,Hina Raza,Chemistry,3.21,23
2209,Yahya Malik,CE,2.25,26
7557,Maryam Ansari,ME,2.67,19
2287,Ahmed Sheikh,Physics,2.09,20
694,Noor Raza,CS,3.21,21
6042,Fatima Ahmed,CE,3.8,20
3295,Tariq Raza,Chemistry,3.4,25
4510,Usman Raza,BBA,2.48,25
2553,Hina Qureshi,EE,3.92,18
6449,Zainab Abbasi,Math,3.58,26
339,Hassan Sheikh,CS,2.5,24
3838,Fatima Qureshi,BBA,2.65,21
2958,Ahmed Mughal,EE,3.57,22
9687,Hina Butt,Physics,2.56,23
1568,Zainab Sheikh,Chemistry,3.91,20
2437,Ahmed Khan,ME,2.53,22
5245,Sara Syed,CE,3.32,18
925,Noor Raza,ME,3.61,21
3039,Tariq Qureshi,CS,2.11,18
871,Ayesha Raza,CE,2.42,25
3614,Sara Raza,CS,3.92,25
881,Maryam Sheikh,CS,3.5,22
3309,Fatima Ahmed,Physics,2.49,19
5323,Kamran Butt,BBA,2.55,18
5914,Hina Butt,BBA,2.76,25
6676,Ayesha Ansari,BBA,3.1,20
6885,Tariq Butt,Chemistry,2.33,26
6250,Ahmed Abbasi,ME,2.23,20
8342,Omar Ansari,Math,3.33,20
8388,Sara Raza,CS,3.29,24
981,Yahya Chaudhry,Physics,3.13,22
6148,Maryam Qureshi,EE,3.62,19
9517,Bilal Khan,EE,2.41,24
2507,Hassan Khan,Physics,3.24,22
4865,Sara Ansari,EE,2.84,26
7248,Maryam Ahmed,ME,3.74,21
120,Zainab Ahmed,Chemistry,2.46,19
7384,Usman Sheikh,Chemistry,3.33,21
4819,Tariq Ansari,BBA,3.07,23
1276,Hassan Qureshi,EE,2.43,19
2783,Tariq Butt,CE,2.02,18
747,Maryam Ansari,EE,2.84,25
7261,Sara Abbasi,CE,3.26,18
7420,Maryam Butt,ME,2.09,18
2994,Hina Malik,Physics,3.65,25
9012,Fatima Khan,ME,2.63,23
7605,Fatima Khan,ME,2.73,22
8424,Bilal Sheikh,EE,2.31,24
1074,Kamran Syed,CS,3.87,26
1520,Omar Raza,CS,3.13,26
3594,Hassan Ahmed,BBA,3.01,19
8175,Maryam Raza,EE,3.43,18
5256,Bilal Ahmed,ME,3.51,23
2387,Yahya Syed,BBA,2.72,23
7591,Noor Sheikh,CS,2.32,20
4855,Hassan Abbasi,Chemistry,3.49,23
7245,Ahmed Syed,CS,2.25,18
8982,Tariq Qureshi,EE,2.41,25
7214,Noor Khan,ME,2.26,22
2362,Usman Abbasi,CS,3.44,25
4862,Omar Khan,CE,2.47,25
7233,Hassan Syed,EE,2.46,26
4338,Hina Khan,CS,2.8,25
8409,Ayesha Butt,EE,4.0,22
2858,Hassan Mughal,ME,3.09,19
3156,Noor Chaudhry,Physics,3.33,19
5621,Tariq Raza,ME,3.38,21
7572,Ayesha Chaudhry,BBA,2.38,19
3928,Yahya Sheikh,Physics,3.28,19
7095,Bilal Abbasi,EE,3.8,18
5960,Yahya Ahmed,Math,2.13,20
2978,Ahmed Ansari,Physics,2.06,25
6022,Hassan Mughal,CS,3.21,26
3388,Ayesha Syed,ME,3.17,24
2157,Omar Syed,EE,3.95,21
3709,Bilal Mughal,BBA,2.29,24
5848,Noor Chaudhry,Physics,2.42,19
9883,Ayesha Butt,Chemistry,2.86,25
4545,Yahya Butt,BBA,3.96,18
1535,Hina Sheikh,CS,3.56,18
5803,Ahmed Khan,EE,3.82,24
6153,Sara Ahmed,CS,3.51,25
820,Fatima Abbasi,ME,3.61,18
8464,Kamran Syed,Chemistry,2.88,25
2945,Zainab Mughal,Chemistry,3.56,22
6702,Hina Mughal,ME,2.31,20
6443,Omar Raza,CS,3.08,24
9234,Noor Sheikh,Chemistry,2.61,19
7629,Bilal Mughal,Math,2.69,22
1242,Hassan Butt,Physics,3.64,18
6590,Kamran Mughal,CS,2.95,24
8547,Fatima Abbasi,EE,3.18,26
3542,Maryam Sheikh,BBA,3.26,23
9441,Ayesha Khan,Physics,2.59,20
3218,Usman Butt,CS,3.45,19
8075,Noor Ahmed,ME,2.86,19
4752,Tariq Raza,ME,2.59,26
9920,Maryam Mughal,Chemistry,2.81,20
3814,Omar Abbasi,Chemistry,2.9,20
6831,Maryam Khan,CS,2.12,21
2318,Sara Ansari,BBA,3.24,22
89,Fatima Raza,BBA,2.56,22
420,Zainab Sheikh,EE,3.67,19
2311,Noor Ahmed,CS,3.52,21
8104,Ahmed Mughal,Chemistry,3.77,23
7623,Maryam Qureshi,EE,2.2,26
526,Noor Chaudhry,ME,2.3,23
1513,Zainab Ahmed,Math,2.58,26
502,Ahmed Butt,CS,2.43,23
4270,Tariq Syed,Chemistry,3.53,22
9382,Yahya Ahmed,Chemistry,3.56,23
7148,Tariq Mughal,Chemistry,2.8,23
9386,Zainab Raza,CS,3.94,23
9191,Tariq Ahmed,CE,2.01,21
4272,Yahya Chaudhry,CE,2.38,25
3274,Hina Chaudhry,ME,3.15,21
995,Tariq Khan,Physics,3.09,26
6143,Yahya Abbasi,CS,3.77,18
8150,Kamran Mughal,Physics,3.08,19
6690,Yahya Ahmed,BBA,2.7,18
8049,Fatima Chaudhry,CE,2.89,26
2384,Ayesha Malik,CS,3.87,24
7259,Maryam Raza,Physics,2.1,19
1147,Hassan Ahmed,CS,3.65,25
8066,Fatima Ansari,Physics,2.53,19
1647,Sara Butt,CE,3.34,19
2579,Zainab Ansari,Chemistry,3.22,18
6892,Maryam Mughal,Math,2.99,25
7510,Bilal Khan,Math,3.09,22
8132,Hassan Mughal,ME,3.82,24
9699,Usman Mughal,CS,2.41,20
1906,Kamran Abbasi,CS,3.51,24
7172,Tariq Khan,Math,3.14,24
576,Sara Malik,BBA,2.6,25
167,Yahya Sheikh,EE,2.34,20
3966,Ahmed Ansari,Chemistry,3.1,20
9947,Ahmed Butt,EE,3.23,18
140,Bilal Ansari,Physics,2.77,20
1983,Zainab Chaudhry,Physics,3.85,21
4632,Usman Qureshi,Chemistry,3.84,25
3622,Maryam Syed,Physics,2.07,25
5909,Hina Malik,ME,3.56,26
451,Zainab Ahmed,Math,2.1,23
3726,Ayesha Abbasi,ME,2.28,26
3497,Sara Ahmed,ME,2.51,18
5990,Bilal Ansari,EE,3.49,23
1117,Maryam Sheikh,Physics,3.06,24
5599,Yahya Khan,BBA,2.8,20
8884,Ayesha Syed,ME,3.57,19
1252,Ahmed Qureshi,CE,3.88,24
1991,Yahya Raza,Math,2.69,18
1181,Usman Mughal,EE,2.96,21
8592,Hassan Qureshi,Physics,2.92,23
1643,Hina Sheikh,EE,2.03,19
6429,Yahya Mughal,CS,3.53,22
7561,Usman Butt,EE,2.88,19
8378,Omar Syed,Physics,3.8,20
3389,Ayesha Chaudhry,CS,3.07,23
5433,Hassan Ahmed,EE,2.01,20
2,Omar Khan,EE,3.11,24
1066,Ayesha Butt,BBA,3.65,25
9680,Yahya Ahmed,CS,3.35,20
3635,Noor Ahmed,Chemistry,3.05,24
9004,Tariq Chaudhry,CS,3.35,20
9500,Yahya Qureshi,Math,2.97,23
2059,Yahya Qureshi,Chemistry,3.46,21
3717,Fatima Abbasi,Math,2.75,20
4534,Hina Ahmed,Chemistry,2.05,19
5136,Ahmed Abbasi,Chemistry,2.3,24
5486,Sara Abbasi,Chemistry,3.85,19
2612,Omar Ansari,Chemistry,3.5,21
3185,Sara Ahmed,CS,3.14,25
1960,Kamran Syed,Chemistry,2.49,18
4033,Kamran Malik,ME,2.38,23
239,Hassan Qureshi,Chemistry,3.08,20
9277,Bilal Syed,EE,2.79,18
8864,Omar Chaudhry,BBA,3.54,21
9645,Bilal Abbasi,Physics,3.44,23
9670,Hassan Chaudhry,Math,2.43,20
1220,Ayesha Ansari,EE,3.95,21
1855,Hassan Khan,CS,2.94,20
6466,Yahya Raza,Math,2.58,26
5972,Kamran Malik,Math,3.36,25
6943,Sara Qureshi,Physics,3.28,20
3210,Sara Khan,Physics,3.13,21
5267,Tariq Raza,ME,3.78,20
3836,Kamran Ansari,Physics,2.72,18
6067,Ayesha Abbasi,CS,2.7,26
2181,Fatima Qureshi,Physics,2.97,26
6454,Omar Mughal,EE,2.51,21
6798,Bilal Ansari,Physics,2.89,19
3715,Omar Ansari,BBA,3.77,23
6471,Omar Qureshi,ME,3.91,25
364,Omar Raza,EE,3.07,25
8333,Yahya Khan,EE,3.29,25
9960,Hina Abbasi,Physics,2.24,18
2180,Usman Syed,Math,2.56,20
4643,Noor Malik,EE,2.34,18
3378,Noor Chaudhry,Physics,2.65,20
1258,Tariq Butt,Math,3.84,21
3269,Noor Mughal,ME,3.18,18
3323,Noor Ahmed,EE,2.14,20
3703,Bilal Chaudhry,EE,2.72,22
6806,Yahya Mughal,ME,3.15,23
8381,Omar Mughal,Physics,2.79,26
8795,Zainab Qureshi,Physics,2.3,25
398,Zainab Syed,CS,2.17,19
282,Kamran Ansari,Chemistry,2.19,24
6955,Ahmed Mughal,CS,3.88,19
4109,Zainab Ahmed,CS,3.87,25
1299,Kamran Butt,BBA,3.02,18
8567,Fatima Butt,CE,3.39,18
1022,Noor Mughal,ME,2.77,24
9952,Ayesha Ansari,Chemistry,2.7,25
6936,Fatima Syed,Math,3.33,23
9653,Yahya Butt,EE,2.21,19
7983,Usman Raza,Math,2.21,18
5073,Fatima Butt,ME,3.65,18
8192,Ahmed Khan,BBA,2.14,25
2844,Fatima Ansari,EE,3.34,19
672,Fatima Chaudhry,EE,2.6,25
3887,Omar Chaudhry,BBA,3.84,21
5676,Hassan Qureshi,CE,2.15,25
9151,Ayesha Khan,CS,2.14,26
7901,Omar Chaudhry,Math,2.88,20
642,Hina Syed,Math,3.01,26
4365,Bilal Raza,Math,3.77,25
6529,Maryam Raza,Math,3.44,20
6383,Ayesha Sheikh,Chemistry,3.74,26
7502,Hina Abbasi,CE,2.19,25
1369,Maryam Malik,BBA,2.19,23
2485,Fatima Chaudhry,Chemistry,2.66,20
2816,Hina Mughal,CE,3.34,19
9737,Hina Ansari,CE,3.33,21
7243,Bilal Raza,EE,2.04,23
6000,Sara Sheikh,Chemistry,2.69,23
3860,Noor Butt,ME,2.97,24
7798,Hassan Qureshi,CE,3.37,21
9121,Kamran Ahmed,CS,3.57,18
5714,Fatima Abbasi,Chemistry,2.29,20
6426,Usman Chaudhry,CE,3.89,23
2644,Tariq Sheikh,Math,3.76,25
5765,Omar Ahmed,Physics,3.18,26
6014,Tariq Syed,BBA,3.17,19
7135,Maryam Mughal,Math,3.2,19
4691,Ayesha Raza,CE,2.36,19
5569,Sara Abbasi,CS,3.65,22
9485,Usman Mughal,Physics,3.75,22
4058,Yahya Sheikh,Physics,3.82,23
5023,Sara Raza,ME,3.46,25
529,Maryam Ansari,ME,2.73,19
7937,Ahmed Malik,ME,2.7,26
172,Tariq Butt,Math,3.47,19
3720,Fatima Abbasi,CE,3.66,20
9187,Fatima Mughal,Chemistry,3.52,26
8995,Hina Ansari,Chemistry,3.97,18
3580,Yahya Sheikh,Physics,3.85,18
3111,Sara Butt,CS,2.44,19
5123,Hassan Ahmed,BBA,3.2,24
8796,Omar Ahmed,CE,2.7,22
6457,Fatima Malik,ME,3.13,24
2217,Omar Malik,BBA,3.12,25
821,Ayesha Khan,EE,3.08,24
5377,Zainab Khan,Chemistry,2.62,22
3744,Kamran Mughal,CS,3.12,23
3308,Omar Ansari,CS,3.38,20
6060,Maryam Butt,Physics,2.77,26
5006,Maryam Ahmed,BBA,3.56,24
5536,Tariq Ahmed,BBA,2.01,18
2085,Bilal Ansari,CE,3.94,23
4981,Hassan Chaudhry,Chemistry,2.5,20
2861,Hassan Chaudhry,CE,3.56,23
9003,Fatima Syed,Physics,3.97,20
8576,Zainab Raza,Chemistry,2.59,21
7775,Maryam Sheikh,EE,3.12,23
837,Tariq Chaudhry,Chemistry,3.26,19
7723,Hassan Chaudhry,EE,3.97,18
2554,Zainab Ahmed,BBA,3.81,23
7975,Ahmed Syed,Math,2.14,18
1552,Ahmed Ahmed,Chemistry,3.5,25
3576,Hina Malik,Physics,2.45,23
3619,Hassan Sheikh,ME,3.84,22
223,Omar Raza,CE,3.61,26
8516,Ayesha Ahmed,CE,3.1,21
5912,Tariq Butt,Chemistry,2.74,24
4337,Omar Ahmed,BBA,3.59,21
1478,Hina Butt,Math,2.67,21
6991,Zainab Mughal,Physics,3.38,20
8924,Maryam Sheikh,CE,2.13,23
5452,Kamran Qureshi,EE,3.67,18
7597,Hina Sheikh,CE,3.45,18
4860,Hina Malik,Physics,3.19,18
2330,Sara Ansari,Physics,3.32,19
5317,Usman Khan,CE,3.52,22
2595,Maryam Syed,Physics,3.37,22
2333,Ayesha Ahmed,EE,2.72,25
9882,Hassan Butt,BBA,3.21,18
5253,Sara Ahmed,CE,3.59,18
2005,Hina Raza,CE,2.04,18
1593,Hina Syed,EE,2.89,21
9256,Ahmed Abbasi,BBA,2.22,19
6329,Hassan Abbasi,Chemistry,2.84,18
3355,Noor Khan,EE,3.72,26
838,Ahmed Chaudhry,EE,3.24,21
473,Usman Raza,Math,3.14,25
5871,Maryam Abbasi,CE,2.43,19
114,Ahmed Khan,Math,2.88,23
5355,Omar Chaudhry,CE,3.22,25
8185,Sara Sheikh,EE,2.47,21
3,Kamran Raza,Physics,2.94,24
7505,Sara Mughal,Physics,2.7,22
3791,Maryam Khan,CS,2.54,25
7293,Zainab Ansari,Math,3.25,18
3433,Noor Malik,ME,2.02,21
1937,Hassan Syed,CE,3.24,24
5651,Bilal Butt,Chemistry,2.85,18
2661,Ayesha Sheikh,CS,2.6,24
4385,Hassan Mughal,CE,3.62,18
5315,Kamran Chaudhry,EE,3.74,20
7769,Fatima Syed,ME,2.81,22
9741,Usman Ansari,CS,2.75,18
7211,Yahya Butt,BBA,3.35,19
7140,Yahya Abbasi,Physics,2.56,21
695,Ahmed Abbasi,EE,3.88,21
3291,Noor Khan,Math,3.8,20
1707,Tariq Abbasi,EE,3.35,22
603,Hina Qureshi,ME,2.61,18
6648,Ayesha Khan,BBA,3.13,21
5554,Usman Abbasi,Chemistry,3.69,22
893,Tariq Ansari,BBA,3.59,20
4970,Usman Raza,BBA,2.27,25
7698,Zainab Ahmed,BBA,2.28,23
7918,Noor Khan,Math,3.57,21
3610,Noor Ansari,CS,2.45,22
5098,Kamran Malik,ME,2.92,21
778,Hina Butt,ME,3.24,23
6203,Omar Qureshi,EE,2.77,24
9688,Fatima Khan,Physics,2.82,20
8652,Yahya Malik,Physics,2.68,19
6874,Zainab Abbasi,CE,2.25,18
8972,Maryam Raza,Physics,3.26,18
1566,Fatima Ansari,ME,2.76,22
1081,Zainab Ahmed,CE,3.39,18
168,Fatima Syed,ME,3.47,20
4446,Fatima Ansari,BBA,2.51,22
4567,Usman Ahmed,EE,3.83,23
2972,Hina Mughal,Math,3.58,23
6463,Fatima Raza,EE,3.72,19
5088,Maryam Ansari,CS,2.46,26
2807,Noor Butt,Math,3.35,20
2117,Kamran Ansari,Math,2.25,23
201,Hina Sheikh,Chemistry,3.51,22
3410,Noor Malik,Math,3.21,20
7902,Omar Qureshi,EE,3.5,21
435,Ahmed Qureshi,Math,3.41,26
4665,Omar Chaudhry,Math,2.43,18
7007,Noor Syed,EE,2.59,26
7491,Zainab Raza,BBA,3.4,22
9067,Yahya Syed,ME,3.38,19
1142,Fatima Khan,EE,3.94,26
4087,Yahya Qureshi,EE,3.55,23
7525,Ahmed Qureshi,CS,2.57,23
4013,Omar Qureshi,ME,2.57,25
850,Fatima Mughal,ME,3.02,20
7236,Hassan Butt,Math,2.1,18
7403,Tariq Sheikh,BBA,2.25,19
2502,Hassan Malik,CS,2.03,26
6261,Zainab Syed,CS,2.68,20
7319,Hassan Khan,Physics,3.2,25
6386,Fatima Malik,Chemistry,3.93,24
7761,Maryam Khan,Chemistry,3.16,21
742,Usman Khan,BBA,2.1,20
4202,Kamran Abbasi,Chemistry,3.02,22
3087,Tariq Butt,CE,2.15,21
3148,Usman Syed,BBA,3.17,18
438,Maryam Qureshi,ME,2.77,24
59,Yahya Raza,CS,2.96,26
6036,Kamran Sheikh,CE,2.33,24
9955,Fatima Mughal,CE,3.18,20
6708,Maryam Abbasi,EE,2.17,24
6696,Ahmed Qureshi,CS,3.97,19
2687,Ayesha Sheikh,Chemistry,2.46,21
4816,Hassan Raza,ME,3.02,22
215,Hina Abbasi,Chemistry,2.16,19
8,Maryam Abbasi,CE,2.52,18
3666,Usman Sheikh,ME,2.49,25
5342,Hina Ansari,CE,2.23,18
4514,Omar Khan,CS,2.96,19
1861,Bilal Malik,BBA,3.22,22
7753,Tariq Qureshi,CS,2.88,24
4700,Tariq Malik,EE,2.36,20
1890,Hina Mughal,EE,3.76,18
5442,Bilal Khan,ME,2.72,19
7694,Ayesha Raza,Math,3.92,24
6234,Bilal Mughal,BBA,2.22,18
7697,Yahya Qureshi,CS,3.01,23
7792,Hina Khan,BBA,3.59,21
7878,Fatima Qureshi,Math,2.67,24
5122,Maryam Syed,CE,2.35,23
740,Zainab Khan,CE,2.56,24
5054,Tariq Ansari,Math,2.96,20
6519,Yahya Ahmed,Physics,2.41,26
8237,Zainab Abbasi,CS,2.03,21
868,Hina Abbasi,CS,2.27,22
2693,Bilal Mughal,Physics,3.64,18
6206,Maryam Butt,CS,3.38,21
2461,Hassan Khan,EE,3.58,22
5774,Hina Syed,Math,2.04,18
2179,Zainab Sheikh,Math,3.59,22
6370,Hassan Qureshi,Physics,3.36,22
6729,Tariq Ahmed,ME,2.56,26
5070,Usman Ansari,EE,2.33,26
9294,Fatima Raza,CS,3.06,24
4006,Usman Ansari,BBA,2.25,24
1413,Ahmed Raza,CE,3.46,26
7546,Zainab Abbasi,Physics,3.06,19
7806,Sara Abbasi,CS,3.67,18
1248,Kamran Mughal,Chemistry,3.54,19
4905,Maryam Sheikh,Math,2.57,18
3686,Ahmed Mughal,ME,3.9,23
112,Hassan Syed,CE,2.2,19
7387,Hassan Abbasi,Physics,3.66,21
450,Omar Qureshi,CS,3.63,25
8531,Noor Syed,Chemistry,3.22,26
4258,Kamran Ansari,BBA,2.66,22
9165,Tariq Syed,BBA,3.61,21
5156,Kamran Abbasi,EE,2.95,19
5983,Hina Raza,CS,2.84,26
4780,Hina Raza,CS,2.38,22
7476,Ahmed Sheikh,Math,2.11,22
6139,Usman Butt,BBA,3.99,20
3146,Ahmed Malik,ME,3.32,22
3419,Maryam Ahmed,Physics,3.87,26
8824,Yahya Khan,Chemistry,2.46,21
7477,Kamran Syed,CS,2.28,18
9455,Hassan Ahmed,EE,2.21,22
4426,Ahmed Syed,Physics,3.65,22
3722,Usman Abbasi,BBA,3.18,26
2697,Tariq Butt,Chemistry,3.67,25
3914,Ahmed Abbasi,Chemistry,2.95,19
5830,Hassan Syed,Chemistry,3.84,20
7624,Hassan Mughal,Chemistry,2.48,23
7200,Bilal Qureshi,EE,2.53,21
1072,Fatima Mughal,ME,2.43,26
2219,Bilal Sheikh,EE,2.4,24
9669,Bilal Abbasi,CS,3.65,24
7267,Ahmed Raza,CS,3.07,22
2486,Hina Ansari,BBA,2.08,18
2738,Usman Raza,Math,3.03,19
4818,Ahmed Malik,EE,2.96,18
9034,Sara Chaudhry,Chemistry,2.46,25
9734,Fatima Chaudhry,Math,3.37,24
4856,Hina Raza,ME,3.69,24
1274,Noor Malik,CE,2.56,24
9240,Noor Butt,Math,3.72,24
3065,Fatima Butt,Math,2.59,24
8134,Usman Abbasi,Chemistry,2.54,20
6333,Yahya Ahmed,ME,2.81,22
7759,Ahmed Syed,ME,2.61,20
9127,Omar Ahmed,EE,3.58,19
4518,Noor Abbasi,Chemistry,3.61,18
3924,Kamran Syed,Math,3.86,21
6762,Fatima Malik,CE,3.57,19
4394,Maryam Qureshi,CS,2.67,24
2176,Sara Raza,BBA,3.46,22
5181,Bilal Chaudhry,Math,3.98,25
5717,Ahmed Khan,EE,2.42,19
1831,Sara Abbasi,BBA,3.69,23
3373,Kamran Abbasi,BBA,2.89,18
3415,Yahya Sheikh,ME,3.59,19
6490,Maryam Raza,CS,3.36,19
5747,Fatima Mughal,CS,3.3,25
7153,Bilal Ahmed,Physics,3.58,25
4580,Hina Ahmed,ME,2.5,22
601,Maryam Syed,BBA,2.7,19
1715,Ahmed Chaudhry,BBA,2.32,24
2726,Noor Chaudhry,BBA,2.26,23
5488,Sara Raza,Physics,2.47,22
7436,Hina Malik,Chemistry,3.13,18
7652,Zainab Khan,Chemistry,2.29,24
1779,Kamran Raza,Math,3.14,20
8603,Maryam Ahmed,CS,2.05,25
890,Fatima Ahmed,CE,3.2,18
8105,Hina Sheikh,Chemistry,2.42,22
7204,Kamran Mughal,CS,2.09,26
5471,Hassan Qureshi,Math,2.92,26
5175,Zainab Malik,EE,2.96,24
6704,Sara Khan,CE,3.04,26
2265,Omar Ahmed,Physics,3.29,25
4395,Sara Mughal,CS,2.25,21
9450,Omar Qureshi,ME,2.31,25
2748,Hina Chaudhry,BBA,3.11,22
9031,Ahmed Butt,BBA,2.81,21
6077,Bilal Raza,Physics,2.31,25
6888,Omar Khan,ME,2.68,24
5235,Sara Raza,BBA,3.64,18
6181,Usman Mughal,CS,3.04,26
4608,Kamran Qureshi,Math,2.75,20
4650,Hina Chaudhry,ME,2.72,22
73,Ayesha Sheikh,Math,2.44,23
7163,Kamran Malik,CS,2.63,21
4480,Tariq Raza,Math,2.99,22
6325,Noor Butt,Math,2.52,22
6335,Yahya Chaudhry,BBA,2.16,20
4316,Zainab Malik,Math,3.8,24
9188,Hassan Ahmed,Physics,3.02,23
8957,Ayesha Chaudhry,EE,3.2,18
8694,Maryam Syed,Math,2.69,25
1152,Ahmed Butt,ME,2.61,20
662,Omar Malik,CE,2.24,24
3219,Ahmed Syed,Chemistry,3.92,18
81,Ahmed Abbasi,Physics,3.68,19
5664,Bilal Chaudhry,BBA,3.9,19
7743,Hina Sheikh,BBA,3.45,19
9873,Maryam Sheikh,Math,3.25,20
8788,Ayesha Abbasi,CE,2.44,26
9841,Maryam Raza,EE,3.16,20
4871,Ayesha Ansari,ME,3.23,24
6862,Hina Sheikh,CS,3.3,22
4476,Zainab Ansari,ME,3.2,18
2924,Ayesha Qureshi,Chemistry,2.26,26
3469,Noor Syed,Chemistry,3.95,19
6987,Maryam Abbasi,CE,3.61,23
9573,Omar Sheikh,Chemistry,2.69,22
1758,Hassan Khan,Physics,4.0,24
6007,Zainab Syed,CS,2.21,21
3547,Omar Qureshi,CE,3.49,18
8535,Bilal Qureshi,EE,2.63,23
2517,Tariq Chaudhry,EE,3.43,24
6116,Hina Khan,BBA,3.41,26
872,Fatima Ansari,Physics,2.0,21
5234,Bilal Ansari,ME,2.87,25
4792,Kamran Mughal,CE,3.37,21
4055,Omar Butt,CS,2.59,22
8914,Omar Ansari,CE,3.6,21
9184,Ahmed Chaudhry,CS,2.87,23
4825,Fatima Ansari,CE,2.69,24
8130,Omar Mughal,Math,2.96,23
1648,Zainab Chaudhry,Physics,3.65,21
7923,Fatima Sheikh,CS,2.33,18
3420,Ayesha Ansari,CE,2.91,20
225,Maryam Chaudhry,Math,3.42,25
6532,Hina Qureshi,CS,3.81,23
7098,Maryam Butt,Physics,3.14,23
6927,Noor Chaudhry,Chemistry,2.77,18
8979,Sara Butt,Chemistry,2.46,24
1025,Zainab Qureshi,Physics,2.11,23
3694,Maryam Butt,Math,3.51,23
2115,Ayesha Qureshi,EE,3.34,19
9362,Kamran Syed,ME,2.54,18
8467,Usman Ahmed,ME,2.97,18
5395,Ayesha Mughal,BBA,3.06,18
8854,Noor Sheikh,BBA,2.87,18
7691,Fatima Malik,CS,3.92,23
6346,Yahya Chaudhry,EE,3.97,20
8725,Maryam Mughal,Math,2.73,23
7151,Hina Mughal,EE,2.68,18
3517,Noor Chaudhry,ME,3.56,24
621,Ahmed Malik,EE,2.27,18
8432,Ayesha Malik,Chemistry,2.87,19
2195,Yahya Khan,EE,3.15,23
6995,Omar Syed,CS,3.48,20
2860,Kamran Abbasi,Chemistry,3.47,21
4508,Usman Ansari,CE,2.56,22
5072,Noor Syed,EE,3.45,21
6187,Kamran Mughal,ME,3.28,25
7672,Ahmed Qureshi,EE,2.36,24
6398,Kamran Mughal,ME,2.26,24
1295,Bilal Syed,BBA,3.85,18
1410,Usman Ahmed,Chemistry,2.85,22
3133,Yahya Syed,CS,3.09,25
2555,Ayesha Syed,ME,3.91,21
5321,Tariq Mughal,Math,2.78,24
895,Hina Abbasi,Chemistry,3.81,19
7309,Kamran Ahmed,ME,3.05,21
854,Yahya Mughal,ME,2.03,22
4026,Ahmed Mughal,Math,2.59,20
7758,Omar Sheikh,CS,3.53,18
4009,Hassan Malik,Physics,3.87,23
5091,Ayesha Ahmed,Physics,3.11,21
6377,Kamran Raza,Chemistry,3.6,23
2223,Sara Khan,BBA,3.27,18
8961,Sara Qureshi,Chemistry,3.5,22
968,Tariq Butt,Math,3.4,20
5872,Sara Ansari,BBA,3.33,23
7112,Ayesha Ahmed,Physics,2.7,22
1328,Hina Raza,EE,3.42,23
6649,Hassan Raza,CS,2.92,18
8543,Bilal Mughal,Math,2.02,24
9628,Zainab Malik,CE,2.72,23
3471,Usman Ansari,CS,3.26,22
5669,Omar Qureshi,CE,3.68,19
7357,Yahya Butt,ME,3.33,25
3672,Noor Malik,EE,2.05,24
250,Tariq Raza,Chemistry,2.95,21
1687,Fatima Mughal,Physics,2.01,20
9969,Omar Mughal,Chemistry,2.24,18
2727,Ahmed Khan,EE,2.51,25
6115,Ayesha Syed,CE,2.5,23
4612,Yahya Butt,Physics,2.99,18
9897,Yahya Malik,CS,3.69,21
1622,Ahmed Ansari,BBA,2.6,26
9392,Sara Sheikh,EE,3.89,18
6365,Zainab Chaudhry,Physics,3.52,24
945,Ayesha Chaudhry,CS,2.87,21
4793,Sara Malik,BBA,3.09,26
4152,Fatima Sheikh,ME,2.87,26
9298,Yahya Sheikh,Math,2.45,20
4900,Usman Ahmed,ME,2.38,18
1162,Usman Chaudhry,BBA,3.01,26
5951,Zainab Qureshi,CE,2.84,19
9519,Kamran Butt,BBA,2.92,23
4676,Ahmed Ansari,Math,2.9,20
2894,Yahya Raza,Math,3.22,20
3001,Maryam Butt,CE,3.2,26
3682,Tariq Raza,EE,3.39,26
4500,Maryam Ansari,CS,2.11,19
2403,Sara Khan,CS,2.85,26
2232,Tariq Ahmed,CE,2.93,23
8825,Sara Butt,BBA,2.48,22
6081,Fatima Sheikh,Math,2.1,23
5673,Yahya Chaudhry,Physics,3.32,22
1301,Tariq Abbasi,CE,3.05,20
5217,Omar Mughal,BBA,3.75,18
7158,Omar Qureshi,Chemistry,2.58,19
8635,Ahmed Raza,EE,3.21,24
5316,Hassan Ahmed,Physics,3.71,23
7681,Kamran Raza,CS,2.2,21
3340,Tariq Ansari,Math,2.05,18
1185,Hassan Qureshi,Math,2.92,26
5071,Fatima Sheikh,Physics,3.94,25
8601,Kamran Ahmed,EE,2.97,22
9838,Fatima Mughal,Math,2.08,18
4257,Omar Ahmed,Math,3.47,21
4644,Hassan Mughal,CE,3.6,21
6211,Hina Chaudhry,Physics,2.73,23
3044,Hassan Raza,Physics,2.43,20
3772,Fatima Ahmed,EE,3.04,18
9221,Tariq Ansari,Chemistry,2.66,24
6369,Kamran Raza,EE,2.6,23
1211,Fatima Malik,Chemistry,3.31,21
8061,Kamran Syed,BBA,2.04,22
5204,Zainab Raza,CS,2.05,22
1175,Sara Ansari,EE,2.17,24
3818,Sara Abbasi,Math,3.21,19
6794,Tariq Chaudhry,Math,2.28,19
1764,Ahmed Ansari,ME,3.79,20
8392,Omar Chaudhry,CS,3.76,21
670,Omar Syed,Chemistry,3.97,24
3072,Omar Abbasi,BBA,3.93,23
5976,Ahmed Qureshi,CS,3.84,22
7981,Usman Khan,BBA,3.97,19
8095,Usman Sheikh,CE,2.68,26
6300,Fatima Malik,Math,2.49,25
982,Noor Qureshi,Math,3.31,22
6318,Usman Khan,CE,3.09,19
1331,Tariq Sheikh,ME,2.87,24
4720,Bilal Sheikh,CE,3.67,19
8615,Noor Malik,CS,3.01,19
6875,Sara Syed,Math,2.18,23
8657,Tariq Abbasi,ME,3.24,19
446,Zainab Raza,ME,2.63,24
5590,Hassan Khan,Physics,2.93,19
8328,Noor Malik,BBA,2.41,23
7234,Usman Ahmed,EE,2.47,19
9620,Hina Raza,CS,3.06,20
7742,Tariq Chaudhry,EE,3.46,26
2763,Ayesha Chaudhry,ME,2.95,19
6822,Bilal Chaudhry,CS,3.64,26
5087,Ahmed Raza,EE,2.44,21
8932,Ayesha Qureshi,Chemistry,3.66,22
5647,Ahmed Mughal,ME,3.32,24
5932,Noor Syed,Chemistry,3.03,19
7046,Fatima Khan,CS,3.48,24
4038,Noor Khan,CE,2.4,23
6575,Sara Qureshi,CS,3.06,25
9073,Tariq Mughal,ME,2.41,24
4993,Omar Ansari,BBA,3.47,25
70,Kamran Butt,ME,3.37,22
7169,Hassan Qureshi,Chemistry,2.9,26
7164,Ayesha Malik,Physics,2.44,19
7292,Kamran Raza,CE,3.9,22
2305,Hassan Ansari,Chemistry,2.48,20
8526,Maryam Raza,CE,2.68,26
861,Maryam Ansari,Math,2.4,21
3948,Ahmed Khan,Physics,2.03,20
4375,Yahya Qureshi,Chemistry,3.0,26
7730,Fatima Chaudhry,CE,2.87,18
1518,Usman Raza,ME,2.35,26
1467,Bilal Butt,BBA,3.67,23
4015,Hassan Raza,ME,2.34,21
3687,Hina Ahmed,Math,2.19,19
6214,Ayesha Khan,CE,2.45,18
8111,Zainab Raza,BBA,3.81,18
5085,Hassan Butt,EE,3.38,26
6566,Hassan Syed,BBA,3.43,21
598,Omar Sheikh,EE,3.87,21
8028,Bilal Raza,CE,2.67,22
5482,Maryam Raza,Math,2.99,25
9008,Tariq Ahmed,Chemistry,2.09,21
7930,Kamran Chaudhry,CE,3.05,20
7854,Bilal Ansari,ME,3.87,26
474,Tariq Raza,CE,4.0,20
5656,Maryam Ansari,CE,3.55,18
9755,Hassan Mughal,CE,3.28,23
1197,Ahmed Butt,CS,2.06,25
6505,Zainab Ahmed,Chemistry,3.91,24
9501,Omar Mughal,Math,3.45,19
8930,Ahmed Abbasi,Math,3.24,23
4858,Zainab Abbasi,EE,3.63,25
8677,Omar Raza,Math,2.79,25
8702,Hassan Malik,Physics,2.41,22
6310,Ahmed Syed,BBA,2.86,20
9164,Ayesha Qureshi,ME,2.16,20
2420,Hina Qureshi,ME,2.59,22
926,Sara Raza,EE,3.17,21
137,Bilal Butt,Chemistry,3.2,21
9013,Zainab Chaudhry,BBA,2.82,26
2892,Bilal Qureshi,ME,2.95,18
7031,Bilal Khan,Chemistry,3.23,18
9025,Noor Malik,CS,2.67,26
7189,Tariq Butt,Math,2.62,20
9709,Yahya Abbasi,ME,3.8,22
1070,Ahmed Qureshi,Physics,2.76,19
9398,Omar Abbasi,CE,2.25,24
5388,Yahya Syed,EE,2.56,21
9932,Kamran Malik,CS,3.97,23
4593,Noor Raza,EE,2.74,26
8510,Noor Khan,CE,2.6,23
2234,Kamran Khan,Math,3.65,22
7316,Tariq Sheikh,Physics,3.51,21
3232,Hina Ansari,CE,2.59,21
3068,Noor Ansari,Physics,3.24,26
6160,Tariq Mughal,Chemistry,3.56,18
7789,Ayesha Chaudhry,Physics,3.53,23
8477,Ahmed Malik,Math,3.33,20
7660,Hassan Ansari,Physics,3.18,22
3758,Tariq Chaudhry,Math,2.06,23
1913,Fatima Abbasi,BBA,3.29,20
3484,Yahya Sheikh,CS,2.3,18
9609,Yahya Malik,Chemistry,2.51,21
2376,Maryam Syed,Math,3.74,20
5818,Ayesha Malik,CE,3.33,21
8305,Noor Syed,Math,3.76,26
9447,Hina Butt,ME,3.87,19
2741,Fatima Chaudhry,CS,3.61,20
2327,Usman Ansari,CE,2.04,25
6112,Tariq Chaudhry,BBA,3.04,24
564,Tariq Sheikh,Chemistry,2.9,20
7328,Hina Chaudhry,CE,3.19,24
2349,Fatima Ansari,Physics,3.49,22
3675,Usman Ahmed,Math,2.57,21
7989,Hina Butt,EE,2.51,21
3921,Zainab Sheikh,CS,3.23,24
9729,Bilal Mughal,Physics,3.41,24
3706,Hina Raza,ME,3.85,19
6430,Hina Syed,BBA,2.64,18
7877,Hina Chaudhry,EE,2.86,19
8720,Tariq Raza,Physics,3.84,22
5636,Omar Malik,Math,3.53,26
2825,Tariq Raza,Math,3.45,24
2588,Tariq Khan,BBA,2.97,18
2160,Sara Abbasi,Physics,2.92,26
9529,Zainab Abbasi,BBA,3.64,23
8668,Ayesha Raza,Chemistry,3.1,25
9547,Yahya Raza,Math,3.96,18
8728,Kamran Chaudhry,CS,3.32,20
4779,Kamran Ahmed,Math,2.82,18
5689,Fatima Abbasi,CE,3.81,19
7480,Yahya Malik,EE,2.89,23
5055,Hassan Butt,Chemistry,2.83,21
3326,Tariq Chaudhry,Chemistry,2.66,20
2068,Kamran Raza,CE,2.57,23
9662,Tariq Abbasi,Math,2.3,24
4486,Zainab Mughal,CE,3.73,22
386,Noor Qureshi,CS,2.43,19
8754,Bilal Ahmed,Physics,2.72,19
3083,Bilal Ahmed,ME,2.73,21
6945,Omar Sheikh,CS,2.29,19
1798,Maryam Chaudhry,Physics,3.34,23
8442,Ahmed Mughal,BBA,2.33,20
2106,Tariq Sheikh,Chemistry,3.97,24
471,Sara Abbasi,ME,3.51,20
6025,Tariq Chaudhry,EE,3.08,26
7295,Zainab Khan,EE,2.74,20
5755,Ayesha Ansari,Chemistry,3.75,19
8331,Ahmed Syed,ME,3.3,20
4998,Zainab Ansari,Math,2.03,19
756,Fatima Butt,Math,3.7,22
7030,Maryam Malik,EE,3.54,18
4378,Usman Qureshi,Physics,2.4,23
6951,Sara Khan,Math,2.27,20
155,Kamran Butt,CS,3.36,26
6321,Sara Sheikh,CS,3.33,21
1574,Ayesha Mughal,ME,2.86,21
5033,Kamran Sheikh,CE,3.82,24
8127,Noor Malik,Physics,3.56,18
7258,Ayesha Khan,Math,3.37,21
5369,Ahmed Syed,Math,2.97,18
421,Noor Abbasi,BBA,3.72,24
8966,Tariq Ahmed,Physics,2.37,21
9237,Hassan Malik,ME,3.76,24
68,Tariq Chaudhry,Math,3.55,19
4673,Zainab Syed,Physics,2.25,23
6760,Ayesha Abbasi,Chemistry,3.66,21
9328,Zainab Khan,CE,2.36,23
3184,Ayesha Sheikh,CS,3.91,21
8520,Hina Raza,Chemistry,3.54,21
152,Fatima Mughal,Chemistry,3.77,26
3417,Omar Syed,Physics,2.92,18
3638,Sara Khan,Physics,3.84,25
3046,Sara Ahmed,Physics,2.46,24
5856,Ahmed Syed,CE,2.5,26
8057,Usman Raza,ME,2.34,20
5090,Noor Malik,Chemistry,3.26,26
7351,Usman Chaudhry,Physics,3.8,19
8036,Maryam Abbasi,ME,3.3,22
3558,Fatima Ahmed,ME,3.92,25
3660,Tariq Ahmed,EE,2.5,20
2540,Yahya Mughal,ME,2.02,23
141,Maryam Qureshi,Math,3.25,21
3742,Ayesha Syed,EE,2.39,22
8071,Noor Khan,BBA,2.29,19
4938,Noor Chaudhry,EE,2.45,20
8275,Kamran Mughal,Chemistry,2.75,24
958,Hassan Malik,Chemistry,2.35,20
3649,Fatima Ahmed,Math,3.28,25
2960,Fatima Malik,CE,2.9,22
1768,Kamran Mughal,BBA,2.61,24
2521,Bilal Qureshi,Chemistry,3.83,20
494,Sara Khan,Physics,2.66,24
9306,Hassan Ahmed,Physics,3.73,26
4662,Hina Mughal,Math,3.19,22
7819,Tariq Chaudhry,CE,2.98,26
4490,Sara Abbasi,CE,3.97,21
2509,Zainab Khan,BBA,3.14,24
7929,Sara Syed,Physics,2.51,19
6656,Ayesha Chaudhry,Physics,2.31,26
4826,Noor Sheikh,ME,2.45,25
3854,Fatima Syed,EE,2.88,22
9760,Usman Malik,Chemistry,2.54,23
4653,Noor Abbasi,CE,3.94,19
1675,Ahmed Ahmed,BBA,2.4,21
1418,Zainab Ansari,CS,2.87,26
7903,Tariq Malik,Chemistry,3.64,23
9548,Usman Abbasi,BBA,2.73,18
9543,Tariq Syed,Math,3.84,24
6189,Hassan Ahmed,Physics,3.91,26
7785,Maryam Qureshi,CE,3.49,20
1069,Kamran Qureshi,Math,2.33,24
236,Ahmed Syed,CS,2.94,23
2888,Hina Sheikh,BBA,2.72,25
3628,Usman Malik,EE,3.42,26
545,Tariq Ansari,CS,3.54,25
2543,Hassan Malik,EE,3.73,21
7953,Ayesha Ahmed,ME,3.33,24
9584,Hina Ansari,EE,2.14,24
5799,Omar Malik,EE,3.43,19
569,Yahya Chaudhry,BBA,2.67,19
1996,Usman Raza,BBA,2.82,21
8808,Yahya Butt,ME,2.49,22
7279,Ayesha Abbasi,BBA,2.41,21
9768,Hassan Butt,Physics,3.23,20
8399,Hina Ahmed,ME,3.33,19
9689,Yahya Ahmed,Chemistry,2.88,24
4143,Maryam Abbasi,ME,3.45,25
3145,Omar Ansari,ME,3.42,25
3503,Omar Qureshi,CS,2.44,18
2177,Kamran Abbasi,EE,2.39,20
8159,Usman Chaudhry,Physics,2.97,24
1344,Sara Abbasi,CS,2.7,22
687,Hassan Butt,Physics,3.61,24
4607,Omar Ahmed,CE,2.91,18
1432,Tariq Khan,Chemistry,3.01,19
5930,Hassan Ansari,Math,3.51,21
1105,Hina Ahmed,EE,2.25,26
4002,Omar Ansari,Chemistry,3.75,23
9412,Noor Ansari,Physics,3.29,22
169,Bilal Chaudhry,Chemistry,2.43,22
4682,Sara Syed,EE,3.28,25
9784,Sara Khan,EE,2.7,18
8189,Usman Chaudhry,ME,2.51,22
719,Usman Mughal,Chemistry,3.18,23
5728,Tariq Khan,CE,3.07,23
2681,Bilal Khan,Chemistry,3.16,18
4438,Ayesha Khan,CS,3.3,19
249,Zainab Ansari,CE,2.42,21
3234,Tariq Ansari,BBA,2.8,25
9312,Ahmed Butt,CS,3.85,24
4216,Hassan Butt,EE,3.3,21
5547,Noor Malik,Physics,2.07,18
579,Fatima Mughal,Math,3.12,23
2633,Zainab Sheikh,BBA,2.04,26
3735,Bilal Ansari,CE,2.27,24
4341,Noor Chaudhry,ME,3.0,26
4463,Maryam Syed,CE,2.91,25
3677,Hassan Khan,EE,3.69,19
7850,Hina Qureshi,EE,2.29,18
7092,Hassan Mughal,CS,2.87,23
1946,Tariq Malik,CE,3.9,18
1393,Kamran Syed,CE,2.63,22
5260,Ayesha Mughal,BBA,2.2,23
869,Ahmed Abbasi,Physics,3.78,19
4507,Hassan Sheikh,Math,3.63,25
2584,Hassan Syed,CE,2.61,26
2902,Tariq Khan,EE,3.91,20
8935,Bilal Sheikh,CE,3.24,25
1036,Usman Malik,Physics,2.92,25
3540,Maryam Sheikh,Math,2.72,24
8500,Hina Sheikh,CE,3.17,22
5769,Kamran Ansari,CS,3.51,26
3815,Zainab Qureshi,BBA,2.67,23
1874,Fatima Ahmed,CE,3.66,25
952,Hassan Abbasi,ME,3.33,26
6530,Omar Mughal,Chemistry,3.11,22
9606,Sara Malik,CS,3.95,20
1354,Ayesha Chaudhry,CS,3.64,20
3849,Maryam Sheikh,Chemistry,2.15,26
3530,Sara Ahmed,Chemistry,3.2,26
3761,Ayesha Malik,Physics,2.34,23
1645,Tariq Khan,CE,2.18,19
3289,Maryam Sheikh,ME,2.2,23
4082,Omar Chaudhry,Math,3.95,22
4149,Bilal Ansari,Math,2.89,23
6774,Yahya Syed,CS,3.66,19
8775,Kamran Syed,EE,2.65,18
9822,Maryam Abbasi,ME,3.78,20
6588,Kamran Malik,ME,2.9,19
8734,Ahmed Chaudhry,Physics,3.0,20
4228,Zainab Ansari,EE,2.26,26
2116,Sara Qureshi,Chemistry,3.44,20
7545,Usman Qureshi,ME,2.5,24
3282,Maryam Syed,Math,2.48,22
3155,Tariq Qureshi,BBA,3.38,25
4937,Zainab Abbasi,Math,3.64,25
9446,Usman Abbasi,EE,2.44,20
4555,Ahmed Khan,BBA,3.21,18
1538,Usman Qureshi,BBA,3.02,22
4423,Ahmed Chaudhry,CS,3.51,25
2722,Yahya Butt,EE,3.4,25
4097,Maryam Sheikh,Physics,2.75,26
8958,Fatima Ansari,ME,3.68,21
6713,Kamran Butt,Chemistry,3.3,26
720,Fatima Khan,Math,2.09,22
327,Noor Butt,Chemistry,2.61,22
9677,Yahya Chaudhry,CS,2.74,25
7668,Zainab Ahmed,Physics,3.66,18
1972,Yahya Syed,BBA,3.39,20
5816,Omar Malik,CS,2.84,21
9220,Omar Raza,BBA,3.29,21
8465,Tariq Butt,BBA,2.47,23
7746,Fatima Khan,EE,3.09,23
963,Kamran Malik,Math,2.07,24
2925,Hina Mughal,BBA,3.83,26
5105,Usman Malik,ME,3.15,24
1039,Tariq Ahmed,BBA,3.05,21
1279,Zainab Malik,BBA,2.95,20
5496,Hina Butt,ME,2.99,25
9238,Ahmed Malik,CE,3.57,20
4604,Bilal Mughal,EE,2.47,22
4150,Zainab Ahmed,EE,3.94,21
5782,Bilal Sheikh,ME,3.61,19
2684,Yahya Mughal,BBA,2.3,26
5389,Yahya Butt,Chemistry,2.06,23
2163,Yahya Abbasi,Chemistry,2.96,21
3528,Hassan Syed,CE,2.58,20
6509,Omar Qureshi,BBA,3.65,20
379,Maryam Syed,ME,2.0,22
7519,Omar Khan,Chemistry,2.15,24
8091,Sara Butt,BBA,2.32,21
4347,Fatima Ansari,Math,3.74,19
258,Yahya Chaudhry,EE,3.86,26
7065,Bilal Khan,CE,2.48,22
8763,Yahya Abbasi,ME,2.16,21
3124,Yahya Ansari,Chemistry,3.76,20
4958,Fatima Qureshi,Physics,3.83,18
2222,Tariq Ansari,Math,2.3,19
5113,Fatima Butt,BBA,2.68,23
1031,Bilal Abbasi,BBA,3.0,23
6341,Fatima Chaudhry,Chemistry,2.92,24
1163,Ahmed Abbasi,Math,2.1,25
5836,Bilal Malik,EE,2.91,25
3139,Zainab Raza,CE,3.2,21
6073,Hassan Raza,EE,2.22,23
2031,Omar Malik,Chemistry,3.52,22
6217,Kamran Mughal,Physics,2.67,23
9432,Zainab Malik,CE,2.91,26
5026,Ayesha Mughal,CS,3.23,19
1526,Sara Ansari,BBA,3.29,26
9829,Bilal Chaudhry,CS,3.29,19
6082,Ayesha Khan,Chemistry,2.76,23
5075,Ayesha Syed,Chemistry,2.01,19
2877,Fatima Chaudhry,BBA,2.23,25
8759,Ahmed Malik,Physics,3.2,26
4748,Noor Raza,BBA,3.07,20
8649,Noor Mughal,BBA,3.32,19
4997,Noor Ansari,Chemistry,3.06,25
314,Kamran Ahmed,BBA,2.92,22
5168,Ayesha Abbasi,CE,3.36,23
5183,Omar Qureshi,EE,3.55,22
7986,Maryam Butt,Physics,2.89,20
8001,Kamran Khan,EE,2.04,24
4408,Sara Sheikh,Math,2.76,20
422,Omar Mughal,Chemistry,2.37,23
5637,Maryam Abbasi,CE,3.31,18
4766,Yahya Syed,EE,3.49,26
8860,Bilal Abbasi,ME,3.36,19
2471,Ayesha Ahmed,CS,3.06,23
6538,Hina Syed,Physics,3.87,26
7002,Ahmed Chaudhry,CE,3.71,22
6017,Fatima Chaudhry,ME,2.45,25
1401,Fatima Mughal,CE,2.19,18
8909,Hina Ahmed,Chemistry,3.7,22
3683,Sara Syed,CE,3.21,25
1839,Kamran Raza,ME,2.19,25
7437,Fatima Qureshi,CE,3.2,18
7924,Yahya Khan,EE,3.29,21
9643,Hina Ahmed,BBA,3.73,26
7398,Omar Mughal,BBA,2.2,26
6838,Noor Ahmed,ME,2.51,26
2399,Hina Khan,CS,2.49,19
3889,Sara Malik,BBA,2.97,24
3108,Sara Ahmed,ME,2.21,20
6011,Yahya Ahmed,Chemistry,3.92,20
380,Hassan Chaudhry,Physics,2.37,18
5555,Sara Ahmed,ME,3.06,23
7965,Bilal Syed,Chemistry,3.97,18
6395,Bilal Raza,Math,2.94,18
8410,Bilal Syed,Chemistry,2.17,23
6175,Zainab Mughal,EE,3.25,19
4830,Noor Khan,Physics,3.73,24
4146,Zainab Ahmed,BBA,2.1,20
97,Bilal Sheikh,EE,3.16,18
7504,Omar Ahmed,ME,3.67,18
5062,Noor Malik,BBA,3.08,18
4760,Maryam Ansari,CE,3.9,18
4481,Bilal Mughal,CE,2.11,25
5804,Omar Butt,Math,3.38,26
6881,Yahya Ahmed,ME,3.13,18
5865,Zainab Ansari,Physics,3.49,22
2215,Kamran Khan,CE,2.76,18
4370,Hina Chaudhry,Physics,2.73,20
69,Zainab Khan,Chemistry,3.28,21
2676,Sara Mughal,EE,2.08,26
4116,Ahmed Malik,CE,3.88,20
7345,Ayesha Malik,Math,2.69,24
1512,Ahmed Sheikh,Physics,2.38,22
8032,Usman Qureshi,ME,2.08,19
8365,Bilal Chaudhry,ME,3.12,22
8371,Hina Ahmed,CS,2.23,19
9178,Fatima Butt,Chemistry,3.74,20
2272,Bilal Malik,EE,3.24,22
4369,Yahya Malik,Physics,2.66,19
3395,Fatima Mughal,CS,2.02,18
811,Fatima Raza,CS,3.13,22
1332,Zainab Syed,CE,2.78,26
1341,Bilal Ansari,BBA,2.15,20
4977,Yahya Abbasi,BBA,3.47,18
145,Ahmed Abbasi,CE,3.38,25
7863,Bilal Ahmed,CS,2.53,19
4614,Ahmed Raza,EE,2.98,19
8204,Zainab Qureshi,Chemistry,3.36,26
3936,Fatima Raza,BBA,2.54,25
1172,Usman Raza,ME,3.93,19
319,Omar Abbasi,Physics,3.94,21
3292,Omar Qureshi,EE,3.81,20
3488,Yahya Chaudhry,ME,3.83,19
9575,Ayesha Butt,CS,3.9,26
6725,Hassan Raza,CE,2.36,24
7005,Hina Sheikh,ME,2.05,18
4515,Hassan Ahmed,BBA,2.0,21
2899,Hina Malik,CS,3.44,22
6543,Usman Ahmed,Physics,3.83,19
4494,Omar Mughal,Math,3.26,24
9378,Hassan Raza,CE,3.95,20
343,Maryam Ansari,BBA,3.5,24
6746,Hina Butt,BBA,3.66,23
6290,Fatima Sheikh,Math,2.2,23
7665,Kamran Ahmed,CS,2.7,20
5784,Bilal Abbasi,Chemistry,2.71,24
9763,Ayesha Ahmed,Chemistry,2.01,19
1625,Yahya Mughal,ME,3.05,22
2158,Ayesha Ahmed,Chemistry,3.21,25
6170,Ahmed Chaudhry,Physics,3.13,18
3200,Kamran Khan,ME,3.36,19
6171,Hassan Malik,ME,3.58,25
8476,Noor Butt,CE,2.54,22
9493,Hina Abbasi,EE,3.96,20
2609,Omar Ahmed,EE,3.5,23
5255,Fatima Raza,EE,2.75,25
5565,Yahya Sheikh,CS,2.84,23
150,Hassan Khan,CS,2.57,22
1143,Maryam Qureshi,Physics,3.15,24
5690,Ahmed Raza,Physics,3.58,25
6658,Fatima Sheikh,CE,2.1,25
1096,Kamran Malik,CE,2.26,23
8334,Fatima Chaudhry,CS,2.16,26
3253,Ayesha Khan,CE,2.37,20
349,Hassan Butt,CE,2.48,20
2288,Ayesha Raza,EE,2.3,19
1170,Noor Chaudhry,Math,3.16,19
5718,Fatima Chaudhry,Math,2.73,26
2653,Omar Khan,CE,3.81,21
1275,Bilal Raza,Chemistry,2.15,24
4525,Yahya Raza,CE,2.45,20
2724,Ahmed Abbasi,ME,3.31,18
8221,Zainab Chaudhry,Chemistry,3.96,22
9824,Bilal Syed,ME,2.53,25
4596,Ayesha Khan,CS,2.11,18
1083,Ahmed Raza,Chemistry,3.75,23
3255,Tariq Malik,ME,3.72,21
288,Usman Abbasi,EE,3.98,19
4712,Omar Mughal,Math,3.67,20
9821,Hina Ansari,ME,3.89,21
7057,Sara Abbasi,Math,3.25,18
1124,Kamran Butt,Physics,3.1,25
3967,Maryam Ansari,Physics,3.41,21
6507,Hina Raza,CE,3.96,22
8013,Maryam Abbasi,CE,3.56,21
6689,Noor Chaudhry,Physics,2.49,23
9739,Kamran Raza,BBA,2.84,20
1030,Usman Sheikh,BBA,2.65,26
5943,Zainab Chaudhry,BBA,3.49,24
4672,Hina Sheikh,Math,3.48,20
4575,Hina Mughal,BBA,3.84,24
4895,Omar Raza,Math,3.99,21
1298,Omar Butt,BBA,2.48,24
7361,Ahmed Mughal,CS,2.03,21
1917,Maryam Khan,Physics,2.93,26
1492,Usman Mughal,EE,2.86,21
4174,Noor Butt,ME,3.93,25
2343,Fatima Syed,EE,3.29,18
2221,Ahmed Raza,Physics,2.85,18
1674,Ayesha Chaudhry,Chemistry,3.08,22
3201,Hina Raza,Physics,3.15,22
9370,Fatima Syed,CE,2.08,23
9738,Ahmed Abbasi,EE,2.13,25
6197,Hassan Ansari,CS,3.05,21
5044,Bilal Chaudhry,Math,3.4,18
2357,Omar Malik,ME,3.12,22
6438,Ayesha Malik,EE,3.65,23
8193,Bilal Butt,CS,2.08,26
4546,Tariq Qureshi,CE,3.08,19
660,Sara Syed,EE,3.58,20
4052,Sara Syed,Physics,3.65,21
2424,Hassan Raza,EE,2.38,23
1169,Sara Raza,CS,3.78,19
5013,Hassan Abbasi,BBA,2.03,23
1403,Kamran Butt,CE,2.5,25
5920,Omar Malik,CE,2.13,21
5715,Fatima Malik,Chemistry,2.44,22
4756,Omar Butt,Physics,3.7,21
484,Noor Sheikh,ME,3.64,24
6867,Kamran Malik,CE,2.78,24
4185,Hassan Syed,CE,2.57,21
6824,Zainab Malik,CS,2.49,25
1063,Omar Mughal,CS,2.26,18
4360,Omar Mughal,CE,2.52,21
7656,Sara Butt,CE,2.92,22
7925,Hassan Chaudhry,Physics,2.89,20
5201,Omar Khan,ME,3.55,24
3932,Yahya Khan,CS,2.97,18
2668,Fatima Sheikh,Physics,3.96,19
533,Kamran Butt,ME,2.93,18
1555,Hina Abbasi,Chemistry,2.72,19
2637,Zainab Qureshi,Physics,2.84,20
8885,Kamran Butt,Chemistry,3.63,20
8377,Fatima Abbasi,EE,2.18,25
8413,Yahya Ahmed,BBA,3.97,19
7795,Noor Qureshi,CE,2.59,25
5415,Ayesha Abbasi,Physics,3.61,20
826,Zainab Raza,CS,2.63,22
6440,Zainab Malik,CE,2.26,21
9119,Ahmed Ansari,ME,3.67,22
6185,Noor Khan,CE,2.03,18
3231,Omar Syed,Math,2.98,21
8659,Tariq Butt,ME,3.57,24
8637,Hassan Malik,CE,3.35,20
8475,Tariq Khan,CS,3.79,19
6299,Sara Mughal,BBA,2.36,22
766,Bilal Khan,Math,2.93,24
6240,Hassan Chaudhry,Chemistry,2.93,25
2018,Zainab Mughal,Chemistry,3.51,23
453,Bilal Malik,Physics,2.58,18
3653,Zainab Abbasi,ME,3.95,24
609,Ahmed Chaudhry,Math,3.52,22
6911,Hassan Raza,BBA,3.55,23
3118,Maryam Mughal,Math,2.83,20
4749,Omar Malik,EE,2.8,19
5035,Tariq Mughal,Math,2.61,18
9103,Omar Mughal,Chemistry,3.55,18
8874,Zainab Syed,BBA,3.38,19
8983,Sara Ahmed,CE,2.56,22
8970,Hina Abbasi,CS,3.73,20
1326,Noor Qureshi,CS,2.51,19
4199,Noor Chaudhry,EE,2.72,24
8801,Hassan Qureshi,CE,3.64,22
1014,Maryam Abbasi,Chemistry,2.75,26
5958,Ayesha Ahmed,Chemistry,3.56,22
5450,Omar Raza,Math,3.75,19
164,Kamran Malik,ME,3.52,22
6469,Tariq Mughal,ME,2.75,18
4404,Hassan Raza,Chemistry,2.9,25
3238,Noor Ahmed,EE,3.28,20
7221,Yahya Butt,Physics,3.64,21
7428,Yahya Abbasi,EE,3.06,26
7948,Hassan Malik,Math,3.96,20
7507,Yahya Ahmed,CE,2.72,18
4723,Kamran Malik,CS,3.78,24
536,Bilal Chaudhry,ME,2.05,25
63,Omar Qureshi,Chemistry,3.49,26
5502,Hina Chaudhry,ME,2.32,19
9356,Zainab Sheikh,EE,3.9,20
3247,Bilal Malik,CE,3.92,22
123,Sara Ahmed,ME,3.67,26
9825,Zainab Ansari,BBA,3.75,22
9844,Ayesha Qureshi,ME,2.93,19
7726,Usman Chaudhry,BBA,2.1,19
2441,Ahmed Sheikh,ME,3.35,21
3636,Maryam Butt,Chemistry,2.6,23
597,Sara Mughal,Chemistry,3.2,26
8861,Ayesha Khan,Physics,2.45,18
7803,Tariq Ansari,ME,3.33,20
8606,Omar Sheikh,ME,2.31,25
8382,Zainab Mughal,CE,2.26,26
2542,Bilal Malik,CE,2.55,25
9863,Ayesha Abbasi,Math,2.13,18
8035,Hina Khan,CE,2.44,18
8352,Tariq Raza,Chemistry,3.77,20
1160,Noor Raza,ME,3.42,26
2918,Ayesha Ahmed,ME,2.04,26
3250,Bilal Ahmed,Chemistry,3.06,22
4574,Hassan Mughal,Chemistry,3.0,25
8609,Hassan Butt,BBA,3.78,24
5678,Ahmed Chaudhry,BBA,3.33,26
4504,Bilal Qureshi,Chemistry,2.04,21
5671,Fatima Khan,Physics,3.9,20
522,Omar Butt,Math,2.96,26
2275,Bilal Mughal,Physics,3.18,24
465,Omar Malik,BBA,3.08,20
8369,Tariq Ahmed,CE,2.39,21
131,Maryam Raza,Chemistry,2.42,22
9300,Ayesha Mughal,Chemistry,3.71,24
5056,Noor Qureshi,BBA,2.89,26
8422,Kamran Mughal,EE,2.26,20
6134,Noor Butt,CE,3.91,25
6304,Maryam Malik,CE,2.28,19
7235,Yahya Sheikh,CE,2.45,20
2711,Tariq Ahmed,Math,2.37,19
9521,Noor Syed,Math,2.44,24
1988,Sara Syed,CS,2.71,22
7596,Ahmed Sheikh,Chemistry,2.08,26
9622,Tariq Syed,CS,2.16,26
4875,Ahmed Malik,BBA,3.23,22
1807,Tariq Chaudhry,Chemistry,2.43,18
6851,Ayesha Butt,Math,3.63,21
4166,Usman Sheikh,EE,2.54,20
9093,Yahya Mughal,Physics,2.59,23
8752,Maryam Syed,BBA,3.56,18
3551,Fatima Ahmed,Chemistry,3.23,18
4995,Bilal Syed,Chemistry,2.44,19
162,Ahmed Raza,Physics,2.16,20
2216,Noor Sheikh,CS,3.71,22
9802,Noor Raza,Chemistry,3.34,22
5869,Hina Butt,EE,2.81,24
2149,Zainab Mughal,BBA,2.31,23
431,Sara Sheikh,CS,3.42,24
8312,Hina Butt,CE,2.71,20
2672,Usman Malik,CE,3.47,24
571,Usman Abbasi,Math,2.61,20
9196,Ayesha Ahmed,CS,3.05,25
8269,Hina Syed,BBA,3.59,18
9723,Kamran Chaudhry,CS,3.83,24
5076,Tariq Chaudhry,Chemistry,3.77,25
9353,Bilal Raza,Physics,3.59,26
3641,Usman Khan,Physics,3.76,21
6527,Maryam Syed,CE,3.75,21
9514,Kamran Ansari,BBA,2.41,22
4493,Zainab Raza,Math,3.83,24
8614,Omar Mughal,BBA,3.08,25
7102,Yahya Malik,CE,3.16,25
6570,Ahmed Ahmed,Physics,3.85,24
8851,Omar Khan,CS,2.61,22
2013,Noor Abbasi,EE,2.09,26
6640,Hina Butt,CS,3.91,24
2937,Ahmed Sheikh,CE,2.17,23
2092,Omar Malik,CE,2.87,18
5615,Yahya Ansari,CE,3.4,20
8695,Kamran Butt,EE,3.44,19
6975,Noor Qureshi,Chemistry,3.44,25
6854,Hina Khan,ME,3.84,22
9722,Hassan Khan,Physics,2.92,18
9892,Ahmed Abbasi,EE,3.58,20
5797,Bilal Abbasi,ME,3.22,23
9208,Sara Mughal,EE,2.7,21
1253,Fatima Ansari,CE,3.89,18
3868,Yahya Chaudhry,Math,2.56,23
2477,Hassan Sheikh,CE,3.98,22
5083,Fatima Ansari,CE,3.75,26
9926,Kamran Khan,BBA,2.59,24
5591,Tariq Ahmed,CS,3.12,26
8003,Kamran Qureshi,CE,2.52,22
6054,Ayesha Raza,Math,2.48,23
1655,Tariq Ahmed,EE,2.29,20
6013,Tariq Sheikh,Physics,3.22,22
3543,Hassan Ahmed,ME,3.68,18
5324,Omar Malik,BBA,2.98,24
4139,Ahmed Malik,Math,3.69,21
7804,Ahmed Mughal,EE,2.03,21
4844,Kamran Ahmed,EE,3.7,22
8965,Yahya Ansari,Chemistry,3.3,24
2141,Yahya Malik,BBA,2.61,21
9511,Zainab Chaudhry,EE,3.86,23
1376,Maryam Sheikh,CE,3.9,19
5344,Ayesha Chaudhry,Chemistry,2.39,26
6935,Sara Sheikh,ME,2.09,26
4132,Sara Abbasi,BBA,3.77,22
4638,Ayesha Raza,BBA,2.41,21
423,Noor Qureshi,Math,2.37,19
1857,Kamran Raza,Math,2.69,24
4313,Zainab Ahmed,Physics,2.22,21
1355,Maryam Sheikh,BBA,3.14,18
7181,Hina Qureshi,BBA,2.7,22
4164,Fatima Khan,EE,2.65,21
1495,Sara Ansari,CS,3.13,21
8113,Tariq Sheikh,Physics,3.9,22
5631,Noor Mughal,Physics,2.61,18
1769,Hassan Qureshi,BBA,2.57,20
391,Ayesha Syed,CE,2.74,18
6795,Ahmed Syed,EE,2.84,18
7454,Maryam Malik,Math,3.38,18
9806,Maryam Chaudhry,CE,2.0,22
7905,Zainab Sheikh,EE,2.83,25
5459,Ayesha Butt,Physics,3.95,22
2616,Bilal Butt,BBA,2.17,20
5740,Noor Raza,BBA,3.57,25
5660,Usman Qureshi,Chemistry,3.83,26
1472,Tariq Ahmed,Chemistry,3.15,21
7770,Usman Raza,EE,3.23,26
4681,Fatima Malik,Physics,3.8,23
43,Omar Sheikh,EE,3.76,26
7274,Zainab Chaudhry,ME,3.81,19
3753,Bilal Syed,EE,2.23,23
7061,Zainab Butt,BBA,3.33,21
481,Ayesha Ansari,Math,2.31,23
7799,Maryam Mughal,BBA,2.28,18
5907,Tariq Ahmed,CS,2.43,21
1531,Zainab Khan,ME,3.7,26
4511,Omar Ahmed,BBA,3.17,25
7650,Ahmed Raza,Physics,3.14,18
6425,Tariq Qureshi,Math,2.56,18
2154,Yahya Syed,Chemistry,3.72,23
993,Zainab Ansari,ME,2.16,25
9443,Tariq Butt,Math,2.88,23
5922,Fatima Khan,CE,3.38,19
5896,Hina Raza,Chemistry,2.24,18
3559,Kamran Raza,BBA,3.8,20
2194,Noor Butt,ME,2.93,21
1547,Tariq Mughal,ME,3.97,19
6560,Usman Syed,Physics,3.28,22
6399,Kamran Abbasi,Chemistry,2.97,19
4277,Zainab Chaudhry,BBA,3.81,18
7338,Yahya Syed,EE,2.65,21
173,Yahya Khan,ME,3.1,20
8284,Yahya Butt,CE,2.76,26
5128,Fatima Butt,EE,3.6,18
5370,Ayesha Chaudhry,Physics,3.31,20
2547,Hina Sheikh,Chemistry,3.69,19
2161,Maryam Chaudhry,Chemistry,2.96,18
3409,Sara Raza,CE,3.31,20
6623,Yahya Abbasi,Physics,3.55,24
3662,Hina Syed,Math,3.0,24
3356,Ayesha Mughal,EE,3.79,26
1616,Ayesha Ansari,Chemistry,3.75,21
6136,Tariq Butt,Physics,2.72,19
2624,Bilal Sheikh,ME,2.69,19
2356,Bilal Butt,CS,2.88,22
5977,Ahmed Abbasi,Math,3.13,21
2460,Noor Qureshi,EE,2.85,26
9264,Noor Butt,CE,2.72,26
4245,Hassan Ansari,Chemistry,3.37,24
8341,Yahya Qureshi,ME,2.12,21
5623,Fatima Syed,CS,3.83,19
1925,Yahya Ansari,BBA,2.26,22
229,Noor Syed,BBA,3.8,22
5956,Noor Sheikh,Math,3.73,21
3293,Fatima Ahmed,Math,3.3,18
7407,Usman Sheikh,EE,3.42,22
2135,Usman Mughal,Math,2.82,24
4244,Fatima Abbasi,EE,3.27,23
2439,Zainab Ahmed,Math,2.81,20
2015,Tariq Butt,CS,3.59,18
3375,Ahmed Khan,ME,3.18,19
27,Ahmed Khan,ME,3.33,19
9750,Omar Ansari,Chemistry,3.18,19
6583,Bilal Abbasi,Physics,3.93,26
4286,Ayesha Mughal,Physics,3.51,20
633,Ahmed Malik,EE,2.08,24
7142,Ayesha Raza,CS,2.14,23
6671,Omar Ahmed,Math,3.46,18
6380,Yahya Khan,Chemistry,2.64,23
729,Sara Malik,CS,3.5,19
1430,Hassan Mughal,BBA,2.01,23
7424,Kamran Ansari,Chemistry,3.18,26
2233,Hassan Syed,Chemistry,2.86,19
3138,Zainab Syed,CE,3.75,18
6043,Bilal Sheikh,EE,3.25,18
9488,Ayesha Butt,CE,3.37,21
8910,Hina Sheikh,Chemistry,2.92,21
7462,Hassan Qureshi,CE,3.07,26
5009,Zainab Abbasi,Chemistry,2.79,25
558,Kamran Raza,CS,2.88,20
1990,Zainab Abbasi,Math,3.95,23
5198,Omar Syed,ME,3.26,22
5094,Hina Syed,BBA,3.27,21
9308,Maryam Ahmed,Physics,2.08,26
3370,Omar Mughal,BBA,3.98,21
9994,Kamran Malik,Chemistry,2.29,19
5221,Fatima Khan,BBA,2.34,21
6504,Fatima Raza,BBA,2.18,24
7943,Yahya Khan,Math,3.15,18
24,Usman Sheikh,BBA,2.9,23
7535,Kamran Malik,EE,3.34,21
291,Hina Abbasi,CS,2.7,20
174,Sara Sheikh,Physics,3.49,21
8791,Bilal Raza,Chemistry,2.93,21
8255,Usman Abbasi,EE,2.63,18
6480,Fatima Qureshi,ME,2.79,24
1686,Omar Khan,CE,3.34,26
273,Hina Butt,Physics,2.52,21
61,Usman Abbasi,CS,3.58,19
9430,Yahya Abbasi,ME,2.63,19
915,Tariq Qureshi,EE,3.65,25
8213,Noor Khan,ME,3.43,23
2720,Tariq Butt,Chemistry,3.02,25
5787,Ayesha Butt,Physics,2.43,23
2669,Hassan Raza,Physics,3.32,25
6595,Fatima Qureshi,BBA,2.97,25
9948,Fatima Ahmed,Chemistry,3.29,23
3960,Omar Malik,Physics,2.56,18
913,Yahya Ahmed,Math,2.65,19
2655,Ayesha Ahmed,CE,3.44,21
4176,Noor Khan,CS,2.39,24
9537,Yahya Raza,CE,2.53,23
7821,Usman Khan,BBA,3.17,26
8427,Ayesha Syed,BBA,3.93,25
640,Omar Butt,BBA,3.89,18
8654,Hassan Ansari,ME,3.85,19
107,Sara Raza,Chemistry,3.89,24
8757,Yahya Khan,ME,3.64,25
9009,Bilal Mughal,Physics,2.13,26
2787,Hassan Butt,CS,2.89,23
6564,Usman Sheikh,Chemistry,2.18,24
3129,Yahya Raza,BBA,2.45,19
3224,Maryam Raza,ME,2.47,19
2133,Maryam Ansari,ME,2.45,19
4909,Ayesha Mughal,Chemistry,3.56,26
2954,Hassan Ansari,CS,2.46,23
9083,Hassan Mughal,Physics,2.74,25
4729,Fatima Abbasi,CS,3.28,21
31,Ayesha Qureshi,BBA,3.78,23
4701,Kamran Khan,Math,2.1,25
5178,Hassan Sheikh,ME,3.47,26
3983,Fatima Ansari,Math,3.71,20
3727,Ayesha Khan,CE,2.75,24
3906,Bilal Mughal,CE,3.76,20
1951,Hina Ahmed,Chemistry,2.26,21
7317,Ayesha Abbasi,ME,3.74,24
9781,Hina Butt,ME,2.08,24
7648,Fatima Qureshi,BBA,3.0,22
4092,Sara Syed,Chemistry,2.98,19
10000,Sara Mughal,Chemistry,2.13,23
7958,Hina Malik,EE,3.73,23
4503,Kamran Abbasi,BBA,3.78,18
977,Kamran Raza,EE,3.92,25
7603,Noor Butt,BBA,3.43,21
412,Usman Butt,EE,2.69,25
6222,Hina Mughal,Chemistry,2.96,25
7590,Ahmed Khan,ME,2.24,19
235,Omar Butt,CE,3.8,22
5984,Kamran Raza,EE,2.52,25
2354,Tariq Sheikh,Math,2.49,24
5674,Ahmed Mughal,CS,3.09,22
5824,Usman Qureshi,Chemistry,3.0,19
7241,Ayesha Qureshi,Chemistry,3.42,22
3173,Hassan Malik,Chemistry,2.7,18
4820,Omar Mughal,ME,3.23,19
1680,Ayesha Butt,CS,3.86,23
6358,Omar Butt,Physics,2.95,18
6809,Omar Ansari,BBA,4.0,19
3197,Hina Mughal,Math,2.41,22
3757,Usman Syed,Physics,3.84,20
6751,Hassan Abbasi,BBA,3.65,25
1138,Hassan Raza,CS,3.37,26
9993,Fatima Khan,Chemistry,3.85,19
4576,Bilal Raza,EE,3.45,23
6622,Zainab Khan,ME,2.2,18
3564,Kamran Malik,Math,3.8,19
1699,Usman Qureshi,BBA,2.8,20
1481,Fatima Butt,CE,3.07,26
6553,Usman Qureshi,CE,2.3,21
754,Zainab Chaudhry,ME,2.69,24
6932,Fatima Ahmed,Physics,3.94,20
1126,Ahmed Ansari,Math,2.01,24
8985,Yahya Ahmed,Math,3.84,23
6797,Hina Raza,Chemistry,3.07,24
894,Ahmed Khan,Math,3.25,19
846,Fatima Syed,BBA,3.29,19
946,Yahya Raza,CS,2.5,19
653,Ayesha Ansari,Chemistry,3.34,22
7829,Sara Raza,BBA,3.04,22
6636,Tariq Qureshi,Physics,2.27,19
3840,Hina Raza,Chemistry,2.02,20
8727,Noor Malik,ME,2.06,26
1184,Maryam Abbasi,ME,2.71,26
2498,Hina Ahmed,ME,3.92,18
335,Bilal Mughal,ME,2.87,23
5879,Ahmed Malik,CS,3.08,22
5522,Bilal Khan,EE,2.76,23
2109,Usman Sheikh,BBA,3.47,24
5097,Bilal Qureshi,CE,3.42,24
8354,Maryam Syed,BBA,2.99,21
1933,Yahya Ansari,Math,2.21,21
3681,Sara Raza,EE,2.26,22
769,Hassan Abbasi,ME,3.08,24
1670,Hassan Abbasi,Math,3.65,23
9715,Hassan Chaudhry,CE,2.94,20
4774,Tariq Butt,Chemistry,2.18,24
8188,Omar Ansari,EE,3.59,21
1532,Zainab Ahmed,BBA,2.89,26
8911,Noor Khan,EE,3.55,20
8253,Omar Ansari,Physics,3.78,24
714,Bilal Chaudhry,EE,2.77,18
461,Omar Ansari,Math,2.06,19
5939,Maryam Abbasi,Physics,2.59,18
7927,Bilal Malik,BBA,3.77,23
2028,Yahya Ahmed,EE,3.43,23
2490,Sara Khan,CS,2.2,18
2052,Noor Sheikh,CS,3.27,18
6511,Usman Malik,Physics,2.35,18
6392,Hina Chaudhry,Chemistry,2.47,19
5481,Sara Ansari,BBA,2.9,20
3481,Noor Ansari,BBA,3.38,20
610,Noor Chaudhry,CS,3.01,19
4364,Hassan Raza,ME,2.16,20
3125,Hina Sheikh,CE,3.51,23
4623,Fatima Raza,Math,2.18,23
6323,Noor Abbasi,Math,2.34,26
8593,Bilal Khan,BBA,2.12,22
5092,Ahmed Raza,Physics,3.96,24
1934,Zainab Syed,CE,2.93,20
3702,Zainab Abbasi,Physics,2.72,24
8065,Omar Syed,CS,2.1,24
6976,Hassan Butt,EE,2.9,25
3353,Bilal Qureshi,CE,2.13,26
788,Usman Chaudhry,CS,2.82,24
4767,Maryam Sheikh,Math,3.83,18
4907,Omar Khan,BBA,3.1,25
340,Tariq Raza,EE,3.51,23
916,Fatima Ahmed,CS,3.5,23
3692,Ahmed Butt,CE,2.13,21
2415,Bilal Abbasi,BBA,3.82,20
3397,Zainab Syed,CE,2.6,18
8257,Ahmed Ahmed,CS,3.13,18
9491,Usman Syed,ME,3.26,18
6578,Maryam Raza,BBA,3.42,18
4678,Fatima Qureshi,Math,3.35,21
7972,Noor Ansari,CE,3.63,21
5278,Hassan Raza,Chemistry,2.3,19
7732,Ahmed Syed,EE,3.93,21
3760,Hina Khan,ME,3.91,20
1749,Maryam Mughal,ME,3.3,23
8073,Omar Ahmed,CS,2.85,23
8735,Fatima Raza,Math,3.02,21
5618,Hina Mughal,ME,3.06,24
897,Hassan Abbasi,BBA,2.26,21
5575,Zainab Abbasi,CS,3.13,22
8636,Hassan Chaudhry,Math,2.32,19
3937,Usman Khan,CS,3.52,19
677,Hina Butt,ME,2.97,18
7178,Fatima Abbasi,Physics,3.36,21
6986,Kamran Syed,CS,3.0,23
2824,Hassan Mughal,BBA,3.92,22
1359,Yahya Chaudhry,EE,2.84,24
233,Kamran Malik,ME,3.71,21
5108,Ayesha Raza,CS,3.72,22
472,Yahya Ahmed,EE,3.73,18
1886,Zainab Syed,ME,2.14,19
9524,Tariq Butt,CS,2.27,21
1641,Usman Ansari,Physics,2.81,26
2397,Maryam Syed,BBA,2.46,22
3802,Yahya Malik,EE,2.07,23
2045,Sara Chaudhry,Physics,3.94,26
691,Hina Qureshi,CS,3.32,18
1905,Ayesha Abbasi,CS,2.27,23
8441,Maryam Ahmed,Chemistry,2.86,26
637,Fatima Sheikh,Math,2.24,21
2506,Fatima Sheikh,BBA,3.52,26
1858,Bilal Chaudhry,ME,2.89,26
5999,Omar Raza,Math,4.0,22
4411,Maryam Raza,CS,2.06,25
5257,Ayesha Khan,BBA,3.1,24
5194,Hina Chaudhry,Chemistry,2.03,20
7824,Noor Ansari,Chemistry,2.62,24
4957,Zainab Ahmed,CS,2.93,18
4549,Yahya Abbasi,EE,3.03,21
6204,Bilal Ahmed,Math,2.01,21
4278,Usman Qureshi,BBA,3.39,21
1755,Bilal Syed,ME,3.12,25
5852,Sara Malik,Chemistry,2.68,22
5625,Ayesha Malik,Chemistry,3.17,26
9399,Omar Raza,CS,2.1,24
6727,Hassan Abbasi,CE,3.59,22
4902,Sara Sheikh,Physics,2.36,19
9885,Maryam Raza,Chemistry,2.93,22
6893,Noor Ansari,CS,2.94,22
4201,Zainab Abbasi,Physics,2.78,18
1482,Tariq Sheikh,EE,2.83,23
7048,Yahya Chaudhry,Physics,3.56,23
8751,Hassan Ahmed,CS,2.03,23
325,Tariq Sheikh,Physics,2.1,19
4751,Noor Syed,Math,3.59,24
1791,Fatima Abbasi,Math,3.6,20
5179,Hina Raza,EE,3.18,24
2462,Hassan Butt,Math,2.92,21
8195,Usman Butt,CS,2.85,25
6270,Yahya Abbasi,Math,2.47,18
6340,Yahya Khan,EE,2.69,26
6087,Hina Sheikh,EE,2.87,24
8453,Maryam Syed,EE,3.88,25
3714,Bilal Ansari,CS,2.05,25
9526,Hassan Ansari,Chemistry,2.28,19
4217,Usman Mughal,BBA,2.58,25
5861,Tariq Ahmed,CS,2.76,22
4951,Ahmed Syed,CE,3.3,19
4601,Usman Sheikh,CS,2.75,19
853,Tariq Malik,ME,2.76,21
8415,Noor Abbasi,ME,3.88,21
3371,Sara Mughal,EE,2.59,25
7395,Ayesha Chaudhry,CE,3.58,22
8749,Kamran Sheikh,EE,3.71,18
9714,Ayesha Mughal,EE,2.53,24
6446,Noor Butt,BBA,3.99,22
1924,Ayesha Chaudhry,CE,2.81,22
8370,Hassan Sheikh,EE,2.88,25
9853,Maryam Chaudhry,Chemistry,3.15,20
8034,Tariq Raza,CS,3.1,18
4948,Hina Malik,CE,2.37,25
5608,Hassan Syed,CS,3.43,22
6252,Bilal Chaudhry,Math,3.47,25
6481,Ahmed Qureshi,ME,2.33,23
7615,Tariq Sheikh,Chemistry,3.52,23
8157,Fatima Raza,ME,2.9,22
7548,Fatima Raza,ME,3.04,22
4885,Tariq Ahmed,CS,2.54,21
2010,Kamran Raza,ME,3.67,21
6166,Fatima Sheikh,EE,3.79,26
8835,Maryam Butt,CE,2.79,19
2169,Yahya Ahmed,EE,2.12,20
3939,Hina Ansari,EE,3.1,24
8405,Sara Mughal,ME,2.21,22
6372,Ahmed Sheikh,CE,2.39,18
4513,Fatima Butt,Math,2.61,19
5985,Yahya Sheikh,BBA,2.41,18
2799,Noor Sheikh,Chemistry,3.29,21
9036,Bilal Sheikh,BBA,3.95,18
4289,Sara Ahmed,CE,3.17,24
5505,Tariq Abbasi,ME,2.31,23
5598,Fatima Syed,BBA,3.49,19
1747,Noor Abbasi,ME,3.35,23
1812,Omar Khan,EE,2.1,22
4020,Hassan Malik,CE,2.25,25
5042,Omar Qureshi,CS,3.0,21
5712,Fatima Mughal,CE,3.69,18
4848,Yahya Ahmed,ME,3.18,22
8622,Zainab Ahmed,CS,2.66,26
3654,Noor Qureshi,Chemistry,2.57,26
3603,Bilal Sheikh,BBA,3.26,22
585,Ahmed Khan,EE,2.31,24
3447,Usman Khan,Chemistry,2.04,20
1456,Maryam Mughal,Physics,3.76,26
6619,Ayesha Butt,CS,2.34,19
6637,Noor Khan,EE,2.24,18
2666,Hassan Sheikh,CS,2.85,24
8276,Fatima Mughal,CS,2.49,21
3689,Zainab Abbasi,CE,3.37,22
8628,Ahmed Ahmed,CE,3.99,24
9560,Tariq Abbasi,Physics,2.19,18
1408,Bilal Butt,Chemistry,2.79,22
4035,Hassan Abbasi,Physics,3.41,20
3428,Hassan Chaudhry,BBA,3.94,18
2249,Fatima Abbasi,CS,3.03,26
19,Ayesha Raza,ME,2.71,18
470,Fatima Khan,ME,3.53,23
2929,Ahmed Butt,BBA,3.06,23
176,Omar Khan,ME,3.92,22
3057,Hina Abbasi,CE,3.06,20
1898,Maryam Malik,BBA,3.74,20
7756,Kamran Khan,BBA,2.9,18
4350,Yahya Chaudhry,BBA,2.92,22
1610,Maryam Sheikh,BBA,2.49,22
2762,Kamran Ansari,Math,2.45,21
7764,Kamran Sheikh,CE,3.62,18
4683,Zainab Khan,Physics,2.25,19
7673,Kamran Ahmed,ME,2.35,22
230,Omar Butt,Math,3.04,23
8231,Hassan Qureshi,Math,2.56,25
8119,Yahya Ansari,BBA,3.6,19
7441,Zainab Qureshi,CS,2.47,22
9479,Zainab Malik,ME,2.79,22
4778,Noor Chaudhry,Chemistry,3.65,20
6128,Hassan Chaudhry,CS,2.45,19
972,Bilal Sheikh,CE,3.31,18
5952,Hina Khan,CE,3.09,20
37,Ayesha Malik,EE,2.45,21
7132,Omar Khan,Math,2.39,25
903,Zainab Abbasi,CS,3.44,25
3785,Ahmed Ahmed,Physics,3.53,25
5461,Hina Mughal,CS,3.66,20
3629,Usman Abbasi,BBA,2.5,22
1863,Kamran Qureshi,BBA,3.89,22
5428,Usman Abbasi,EE,3.35,19
3961,Ahmed Chaudhry,EE,2.96,26
8645,Bilal Syed,CE,2.38,18
8738,Tariq Sheikh,BBA,2.45,23
2796,Fatima Abbasi,BBA,3.17,20
5987,Omar Butt,EE,3.4,23
2146,Hina Mughal,BBA,3.11,19
7018,Fatima Raza,Math,2.29,18
3361,Kamran Ahmed,Math,2.34,22
2494,Ayesha Khan,ME,3.3,23
8596,Hina Ahmed,CE,2.36,23
5732,Yahya Sheikh,Physics,3.74,25
5046,Kamran Khan,CE,3.37,18
979,Ahmed Syed,CE,3.12,20
7326,Yahya Ansari,ME,3.99,23
848,Usman Chaudhry,CE,2.94,23
7246,Sara Ahmed,Physics,3.6,23
4953,Omar Mughal,BBA,2.39,23
2250,Noor Ansari,Physics,2.52,24
7608,Ayesha Mughal,EE,3.41,19
9769,Hassan Mughal,Chemistry,2.22,21
1443,Zainab Ahmed,Physics,2.41,23
6716,Bilal Syed,BBA,3.25,21
2034,Maryam Ansari,CE,3.68,18
5227,Hassan Chaudhry,EE,3.57,18
5005,Bilal Mughal,CS,2.72,24
7868,Tariq Ahmed,BBA,2.81,25
2004,Hassan Chaudhry,BBA,2.89,22
4849,Kamran Qureshi,ME,3.18,18
2054,Maryam Qureshi,CE,2.14,24
4531,Tariq Qureshi,CE,3.9,24
991,Usman Ahmed,Math,3.36,24
3777,Kamran Abbasi,Chemistry,3.52,21
6585,Sara Mughal,BBA,3.58,23
7684,Omar Butt,Chemistry,3.67,24
3310,Zainab Abbasi,Chemistry,2.48,24
8894,Yahya Malik,Chemistry,2.38,20
781,Fatima Sheikh,Physics,3.96,18
2618,Bilal Abbasi,CE,2.96,25
78,Ayesha Chaudhry,CE,2.31,21
6055,Bilal Ansari,Chemistry,3.86,24
4670,Hassan Ahmed,BBA,3.59,21
4105,Ahmed Sheikh,Math,2.19,26
2097,Ayesha Syed,BBA,2.02,21
9599,Tariq Raza,BBA,2.46,22
9451,Ahmed Abbasi,CE,3.85,22
3382,Noor Khan,ME,2.77,26
3272,Ayesha Mughal,EE,2.89,26
4717,Maryam Chaudhry,CE,3.04,21
9864,Tariq Raza,Physics,2.37,26
4728,Hassan Syed,Math,2.15,20
6465,Zainab Syed,ME,3.08,18
8296,Ayesha Butt,ME,3.09,21
7950,Hina Mughal,BBA,3.28,22
1627,Ahmed Ansari,CS,2.53,20
3808,Usman Raza,Math,2.78,24
159,Hina Khan,ME,4.0,21
9269,Hina Syed,ME,3.77,18
2159,Hassan Mughal,ME,3.72,21
6999,Sara Abbasi,CS,2.09,23
1580,Zainab Mughal,Chemistry,3.79,25
4153,Bilal Mughal,EE,3.14,26
7661,Ahmed Butt,BBA,3.86,24
5436,Usman Khan,EE,3.49,26
763,Zainab Syed,EE,2.57,23
2662,Kamran Butt,EE,3.33,18
1200,Omar Abbasi,CS,3.93,25
790,Kamran Raza,Math,3.55,23
6810,Ayesha Ahmed,EE,2.5,18
1207,Ahmed Chaudhry,CS,3.76,21
9770,Ayesha Sheikh,Chemistry,2.91,24
2611,Bilal Syed,CS,2.02,18
3974,Maryam Qureshi,CS,3.61,23
5153,Tariq Sheikh,CS,3.12,20
7524,Omar Mughal,BBA,2.76,24
1395,Yahya Butt,BBA,3.55,25
403,Bilal Abbasi,CS,3.61,25
8724,Hassan Syed,CE,3.31,26
5800,Tariq Butt,EE,3.26,23
4046,Fatima Sheikh,Math,2.72,21
4036,Hina Raza,Math,2.22,20
8839,Yahya Raza,BBA,3.15,25
4448,Sara Syed,Chemistry,2.97,18
2417,Kamran Sheikh,Math,3.78,25
6245,Noor Ahmed,CS,3.24,24
4663,Omar Qureshi,ME,2.47,19
4812,Ahmed Ahmed,CE,2.03,20
9023,Noor Mughal,Chemistry,3.35,24
6846,Bilal Butt,BBA,3.91,19
7621,Hina Ansari,CS,3.8,20
7797,Bilal Chaudhry,CS,2.92,23
9245,Hassan Ahmed,BBA,3.07,20
1280,Ahmed Malik,ME,2.09,25
1015,Bilal Khan,BBA,3.31,26
957,Usman Ahmed,BBA,3.28,24
3700,Omar Mughal,CE,2.28,26
8630,Ayesha Syed,EE,3.2,23
5708,Hina Sheikh,ME,2.26,23
5847,Omar Ahmed,ME,2.99,24
6754,Usman Ahmed,BBA,2.64,25
7344,Bilal Sheikh,CE,2.06,21
5140,Ahmed Syed,Math,3.73,22
101,Zainab Chaudhry,BBA,3.49,19
122,Omar Qureshi,CE,3.37,18
3348,Maryam Sheikh,CS,3.86,19
6138,Hassan Syed,Physics,2.76,18
3942,Hassan Ahmed,Chemistry,3.12,18
2478,Hina Raza,BBA,2.05,19
2143,Hassan Syed,Math,2.17,19
6573,Fatima Raza,ME,3.79,26
8517,Ahmed Chaudhry,Math,2.48,21
6728,Ayesha Ansari,ME,2.77,22
8994,Omar Butt,Physics,3.17,26
3221,Hassan Qureshi,Chemistry,3.22,18
4452,Zainab Khan,CE,2.46,20
973,Hina Abbasi,BBA,2.5,21
1702,Ayesha Khan,CE,2.35,18
3701,Usman Khan,EE,2.39,20
2044,Ayesha Mughal,BBA,2.35,18
7794,Fatima Khan,ME,3.62,21
4550,Usman Qureshi,CE,2.13,18
5516,Kamran Butt,CE,3.83,24
5526,Yahya Syed,Math,2.21,18
6895,Maryam Khan,BBA,3.84,20
2707,Bilal Abbasi,Math,3.31,25
4352,Usman Khan,CS,2.79,24
1094,Zainab Mughal,ME,3.11,21
7974,Kamran Sheikh,Math,2.27,22
274,Hassan Sheikh,CE,3.34,21
3098,Ayesha Syed,Chemistry,3.94,26
7997,Fatima Qureshi,Math,2.4,18
3664,Hassan Ahmed,EE,3.89,25
3560,Ahmed Butt,Physics,2.23,21
9707,Bilal Raza,EE,2.44,20
6984,Ahmed Chaudhry,ME,2.27,24
3950,Noor Mughal,BBA,3.7,18
6969,Sara Malik,Physics,3.2,26
5596,Hassan Sheikh,ME,3.23,19
1780,Maryam Ahmed,EE,2.2,25
5609,Hassan Khan,CS,2.98,20
842,Ayesha Raza,CE,2.83,20
400,Maryam Ahmed,CS,2.76,26
8456,Omar Qureshi,EE,3.08,26
2601,Noor Butt,Math,3.22,23
9779,Ahmed Malik,Math,2.09,20
8865,Bilal Khan,CS,2.32,18
7015,Tariq Qureshi,BBA,2.54,20
1047,Fatima Abbasi,Math,2.81,23
8542,Tariq Raza,BBA,2.71,22
5102,Ahmed Chaudhry,Chemistry,3.57,18
8899,Zainab Ahmed,CS,2.0,18
4775,Bilal Raza,Physics,3.74,22
7034,Hassan Ahmed,Chemistry,2.26,22
5099,Kamran Mughal,Chemistry,3.95,24
8414,Tariq Sheikh,Chemistry,3.33,22
7272,Ahmed Raza,ME,2.2,25
3796,Sara Ahmed,Chemistry,3.86,19
3460,Zainab Ansari,EE,3.22,22
9818,Sara Raza,EE,2.94,24
7368,Hina Abbasi,ME,3.18,26
7885,Hassan Butt,CS,3.09,26
184,Omar Mughal,Physics,3.58,22
8505,Hassan Qureshi,CE,2.54,22
6057,Kamran Ansari,Physics,2.19,22
243,Zainab Raza,EE,3.5,22
5051,Bilal Sheikh,Chemistry,3.01,22
4340,Kamran Khan,Math,2.67,26
3669,Ahmed Malik,BBA,2.29,24
9655,Kamran Syed,CE,4.0,18
3193,Tariq Malik,CE,3.08,25
5971,Hassan Khan,Physics,3.31,26
8653,Hassan Qureshi,Physics,3.78,18
9351,Hassan Ahmed,EE,2.16,21
1910,Noor Ahmed,Physics,3.84,19
3010,Zainab Mughal,CS,3.56,24
8873,Fatima Raza,EE,3.91,21
6286,Noor Raza,ME,2.33,23
2504,Hassan Malik,Chemistry,2.28,18
6568,Kamran Sheikh,EE,2.62,20
8785,Sara Sheikh,Physics,2.16,25
5271,Omar Sheikh,BBA,3.79,25
9903,Usman Ahmed,CS,3.25,18
4657,Yahya Mughal,EE,2.18,26
6102,Yahya Abbasi,CS,3.95,22
8417,Yahya Malik,Chemistry,2.66,22
4857,Hina Chaudhry,ME,2.91,19
9577,Ayesha Chaudhry,Chemistry,3.22,18
7329,Ayesha Syed,Physics,2.49,24
5104,Zainab Khan,CS,3.43,21
4921,Maryam Syed,Chemistry,2.6,26
125,Ayesha Khan,Physics,2.47,26
638,Omar Sheikh,Physics,2.14,22
9100,Kamran Malik,BBA,3.65,18
9767,Sara Syed,BBA,2.33,21
4331,Ahmed Qureshi,EE,3.96,18
9404,Hina Syed,EE,2.34,21
3243,Maryam Malik,CS,2.97,18
6295,Bilal Malik,ME,3.86,22
4930,Ayesha Khan,CE,3.43,23
4807,Zainab Sheikh,CE,3.75,19
5790,Tariq Qureshi,Math,3.11,18
3985,Fatima Khan,Physics,3.88,21
1609,Omar Raza,Chemistry,2.96,21
3032,Yahya Abbasi,BBA,2.72,20
3824,Maryam Sheikh,ME,2.27,23
855,Omar Ansari,EE,2.44,21
6757,Tariq Syed,ME,3.26,22
3401,Bilal Ahmed,Physics,2.11,19
789,Yahya Ansari,Physics,2.21,20
390,Omar Mughal,Math,3.7,26
9402,Fatima Ansari,Math,3.21,21
187,Hina Khan,Chemistry,2.5,24
6903,Hina Chaudhry,EE,2.07,21
197,Fatima Malik,ME,2.76,18
1757,Omar Ahmed,Physics,2.74,20
9935,Tariq Ansari,Physics,2.8,20
40,Sara Malik,Physics,3.8,22
6125,Usman Ahmed,Math,2.31,26
4966,Tariq Qureshi,ME,3.8,22
8875,Zainab Khan,Math,2.62,22
5086,Sara Raza,ME,3.79,24
5918,Ayesha Syed,BBA,3.33,24
3287,Hina Ahmed,ME,2.01,25
4943,Hina Chaudhry,CE,3.31,24
9973,Kamran Khan,Physics,3.93,24
2708,Bilal Malik,Physics,2.94,23
8307,Hina Raza,Physics,2.95,25
3848,Bilal Syed,EE,2.7,20
1693,Hina Ansari,Physics,3.66,19
9607,Kamran Chaudhry,BBA,2.83,25
7003,Tariq Malik,ME,2.65,18
76,Kamran Sheikh,CE,2.42,22
2000,Fatima Ansari,Chemistry,2.38,20
5152,Sara Abbasi,CS,3.05,21
9065,Tariq Ahmed,CS,2.48,26
1283,Tariq Khan,EE,2.09,21
5874,Bilal Mughal,ME,2.68,19
4358,Hassan Raza,ME,2.92,18
3271,Yahya Malik,BBA,3.88,26
2108,Kamran Syed,CE,3.97,23
8258,Ayesha Chaudhry,CS,3.64,26
1361,Kamran Chaudhry,EE,2.17,24
1008,Fatima Sheikh,Chemistry,3.87,18
748,Hassan Chaudhry,CS,3.18,18
2448,Ahmed Sheikh,ME,3.39,20
3888,Kamran Ahmed,EE,3.16,21
5814,Ahmed Qureshi,CE,3.24,21
5049,Ayesha Ahmed,Chemistry,2.47,20
2813,Yahya Abbasi,Chemistry,3.36,18
6085,Noor Khan,Math,3.55,21
5406,Usman Butt,Physics,2.65,22
2246,Omar Syed,Math,2.43,26
9361,Zainab Chaudhry,Chemistry,2.29,22
3935,Omar Ahmed,Chemistry,3.83,20
3521,Hassan Butt,Math,2.22,20
6071,Hina Butt,Math,2.14,25
8266,Maryam Raza,CE,2.82,26
6718,Kamran Ansari,CE,2.21,21
6039,Noor Chaudhry,Physics,3.41,22
6056,Kamran Ahmed,Chemistry,3.09,23
7128,Kamran Butt,ME,2.84,21
5290,Noor Khan,ME,3.18,25
4410,Omar Malik,BBA,2.68,23
6845,Ahmed Khan,CE,2.2,19
9242,Hina Qureshi,CS,2.84,18
7891,Fatima Ansari,CS,2.24,26
6391,Bilal Raza,Math,3.9,26
1302,Tariq Syed,ME,3.59,21
9604,Maryam Sheikh,Chemistry,3.51,26
4956,Zainab Ansari,EE,2.28,26
4407,Fatima Abbasi,Math,3.37,20
1433,Ahmed Malik,Math,3.98,18
1273,Usman Abbasi,BBA,2.13,22
8429,Hina Ansari,Math,3.38,21
3341,Zainab Malik,Chemistry,2.35,23
6174,Hina Khan,BBA,2.1,23
5154,Tariq Raza,CE,2.86,21
4768,Bilal Chaudhry,Physics,3.94,20
6872,Omar Sheikh,Chemistry,2.41,24
1044,Omar Qureshi,BBA,3.95,23
4229,Usman Malik,Chemistry,2.19,25
2492,Ayesha Butt,BBA,3.74,20
1407,Hassan Mughal,ME,2.63,22
2016,Hina Abbasi,CE,3.98,25
7218,Sara Malik,Physics,2.26,23
1292,Zainab Syed,CE,3.53,18
9777,Omar Sheikh,Math,3.13,20
1333,Noor Qureshi,ME,2.63,25
8519,Ayesha Ansari,BBA,2.91,21
8940,Zainab Malik,Physics,2.93,21
1718,Sara Mughal,BBA,3.67,19
8458,Yahya Abbasi,ME,3.87,19
7508,Tariq Raza,CS,2.49,22
8279,Hina Khan,ME,2.04,18
518,Omar Chaudhry,CS,3.38,24
3979,Tariq Abbasi,Physics,2.5,18
1399,Sara Sheikh,EE,2.35,24
4450,Yahya Sheikh,BBA,2.09,25
6099,Yahya Butt,Math,3.06,20
2943,Sara Khan,Math,3.75,21
2392,Usman Qureshi,CE,3.82,23
3842,Bilal Khan,Math,3.76,18
4569,Bilal Mughal,Chemistry,3.87,18
7940,Yahya Ansari,BBA,3.65,25
7035,Maryam Mughal,Chemistry,3.22,24
764,Noor Ahmed,ME,3.15,23
1912,Kamran Ahmed,Physics,2.31,20
4053,Usman Chaudhry,CS,2.68,19
3213,Bilal Chaudhry,Chemistry,2.7,26
7837,Ahmed Butt,Chemistry,3.08,21
6355,Omar Qureshi,ME,2.08,21
6516,Maryam Raza,Physics,3.43,20
5627,Omar Malik,CS,2.92,24
1712,Fatima Butt,Chemistry,3.03,23
751,Noor Ansari,ME,2.78,21
337,Bilal Sheikh,Physics,3.33,18
8286,Omar Malik,BBA,2.32,19
2629,Omar Ansari,EE,2.47,19
775,Maryam Qureshi,Physics,3.25,22
3449,Bilal Syed,Physics,3.13,20
942,Fatima Ansari,Chemistry,2.4,23
966,Omar Khan,CE,3.8,23
3548,Hassan Butt,BBA,2.02,18
7118,Hina Sheikh,BBA,2.36,23
7825,Fatima Ansari,CE,2.03,25
9925,Maryam Chaudhry,BBA,3.59,25
5361,Noor Malik,CE,3.09,23
3509,Kamran Ahmed,BBA,3.63,24
9928,Yahya Raza,Physics,2.63,22
5382,Kamran Malik,BBA,3.79,19
5378,Ayesha Abbasi,Math,2.12,26
1462,Hassan Ahmed,Math,3.61,22
8420,Fatima Khan,CE,2.56,25
3897,Omar Malik,Chemistry,3.38,24
6198,Maryam Syed,BBA,3.93,23
5475,Noor Sheikh,Math,2.26,19
5649,Maryam Ahmed,Physics,3.23,23
4802,Ahmed Raza,EE,3.5,18
6452,Hina Raza,CS,2.65,22
644,Omar Abbasi,ME,3.61,24
1888,Zainab Ahmed,Chemistry,3.48,20
6111,Sara Chaudhry,ME,2.85,26
5762,Fatima Syed,ME,2.05,26
3511,Maryam Qureshi,Chemistry,3.41,19
8267,Fatima Sheikh,EE,2.38,19
6029,Yahya Khan,ME,2.93,21
4827,Bilal Sheikh,ME,3.38,24
8309,Tariq Sheikh,Math,2.37,21
6734,Fatima Raza,ME,2.66,22
8992,Ahmed Malik,EE,2.74,22
5533,Yahya Ansari,CS,2.82,26
283,Noor Malik,Physics,2.6,25
7497,Bilal Qureshi,CE,2.33,24
4008,Kamran Mughal,Chemistry,3.85,21
4297,Hassan Ansari,BBA,2.39,19
6705,Zainab Qureshi,CS,3.1,25
4417,Hassan Raza,Physics,2.48,18
4770,Maryam Sheikh,Chemistry,2.89,25
1346,Noor Syed,Chemistry,2.33,24
4351,Usman Ansari,ME,3.62,19
9211,Tariq Ansari,CS,2.37,21
1559,Kamran Syed,CS,3.01,21
7838,Ayesha Syed,CS,2.09,24
874,Kamran Ansari,Chemistry,2.48,24
3909,Sara Malik,EE,2.85,19
7688,Hassan Syed,ME,2.3,24
7421,Kamran Ansari,BBA,2.91,25
1579,Sara Ahmed,CS,3.43,23
5163,Maryam Malik,CE,2.88,22
6883,Kamran Syed,CE,3.32,25
626,Usman Ahmed,BBA,3.09,18
692,Kamran Sheikh,EE,2.84,21
538,Usman Syed,ME,2.24,19
3790,Hassan Butt,Chemistry,2.14,19
279,Hassan Raza,CE,2.36,25
6078,Fatima Abbasi,CS,2.34,21
9203,Zainab Qureshi,Physics,2.4,20
5838,Tariq Chaudhry,EE,2.65,22
9907,Ahmed Butt,Chemistry,2.78,20
9830,Ayesha Mughal,Physics,3.04,21
2309,Zainab Qureshi,Chemistry,3.18,19
4730,Hina Raza,Math,2.47,18
5068,Yahya Khan,CE,2.67,22
8114,Maryam Chaudhry,CE,3.59,18
9664,Ayesha Qureshi,EE,3.88,23
9483,Fatima Malik,Physics,3.09,19
7254,Ayesha Syed,CE,2.94,21
4165,Omar Malik,ME,3.24,26
7609,Ayesha Butt,EE,3.43,21
3964,Usman Mughal,CS,3.48,20
7712,Kamran Raza,Physics,3.87,20
2220,Bilal Ansari,CS,2.08,22
4281,Hassan Qureshi,Chemistry,3.42,26
1035,Zainab Ahmed,BBA,3.22,26
3436,Kamran Ansari,CS,3.07,24
9252,Usman Syed,Chemistry,3.38,21
3593,Tariq Ansari,EE,2.15,18
3851,Sara Syed,Chemistry,2.46,18
2404,Sara Sheikh,CS,2.07,23
6626,Bilal Ahmed,EE,2.92,23
5327,Zainab Abbasi,EE,3.83,22
3816,Kamran Raza,BBA,3.96,25
6979,Hassan Mughal,BBA,3.75,19
6205,Yahya Ahmed,ME,2.18,18
9799,Hassan Chaudhry,ME,2.67,20
5053,Noor Chaudhry,BBA,2.93,21
7419,Omar Malik,Physics,3.68,23
1371,Noor Syed,Chemistry,2.52,22
2484,Noor Ansari,CE,3.48,19
8254,Sara Sheikh,Chemistry,2.49,18
2562,Usman Qureshi,CS,2.81,21
7543,Usman Qureshi,Math,2.62,21
5386,Bilal Butt,ME,2.49,24
4179,Ayesha Sheikh,Physics,3.71,21
1205,Ahmed Khan,BBA,2.36,21
9532,Noor Ansari,ME,2.47,25
1524,Hassan Mughal,EE,2.21,23
6547,Noor Chaudhry,EE,3.33,20
1202,Bilal Mughal,EE,2.67,23
4029,Kamran Khan,CE,3.98,25
6761,Fatima Abbasi,BBA,2.65,23
4498,Ayesha Ahmed,ME,3.96,18
1713,Fatima Butt,Physics,2.4,26
304,Usman Ansari,Physics,2.04,21
3463,Omar Abbasi,ME,3.47,22
2006,Ahmed Syed,CS,2.34,24
5564,Noor Butt,Math,2.87,22
5477,Kamran Chaudhry,ME,3.9,18
5602,Bilal Abbasi,CS,3.83,25
9303,Omar Sheikh,ME,3.82,20
6353,Hassan Abbasi,CE,3.34,20
9896,Kamran Mughal,CE,3.95,22
2559,Tariq Sheikh,EE,3.02,26
1380,Fatima Ansari,Math,2.28,23
4686,Hina Butt,Chemistry,2.39,18
8317,Hina Abbasi,CS,2.96,19
7679,Hina Malik,ME,3.27,18
4799,Bilal Butt,Physics,2.83,21
2033,Yahya Mughal,Physics,3.12,19
4462,Sara Syed,Chemistry,2.46,21
6990,Bilal Sheikh,Chemistry,3.21,19
9792,Hassan Abbasi,BBA,3.17,26
8740,Ayesha Abbasi,EE,2.43,18
6497,Kamran Syed,CS,2.97,22
4668,Kamran Syed,EE,2.5,20
1710,Usman Qureshi,EE,3.71,22
5274,Ahmed Chaudhry,ME,2.37,23
7840,Fatima Malik,CE,3.75,22
402,Yahya Syed,Math,3.94,25
3781,Hassan Sheikh,EE,3.82,23
9811,Ayesha Raza,EE,2.94,21
393,Hina Qureshi,Chemistry,2.82,21
8580,Omar Qureshi,EE,3.27,19
5916,Fatima Ansari,Chemistry,3.36,20
9477,Hina Qureshi,Chemistry,3.32,21
227,Noor Abbasi,CE,2.17,20
6784,Usman Syed,Math,2.74,20
2253,Yahya Chaudhry,Physics,2.06,19
827,Ayesha Chaudhry,CS,2.37,23
8207,Yahya Mughal,EE,2.47,23
1192,Fatima Sheikh,CE,2.23,23
7366,Ayesha Sheikh,Physics,2.82,20
75,Ayesha Sheikh,BBA,2.36,21
3820,Ayesha Butt,ME,3.97,19
2660,Kamran Khan,CE,2.61,19
195,Fatima Ansari,CE,3.15,18
6801,Maryam Qureshi,Physics,3.01,23
7919,Maryam Ahmed,Chemistry,2.6,24
4359,Bilal Mughal,EE,3.03,23
6397,Usman Syed,ME,2.58,24
8971,Usman Malik,Chemistry,2.59,25
7209,Hina Chaudhry,Chemistry,2.18,18
8721,Hina Syed,ME,3.17,21
9872,Sara Syed,Chemistry,3.08,19
7511,Ayesha Ansari,CS,2.03,19
9708,Maryam Butt,CE,3.31,20
2626,Usman Abbasi,Math,2.34,18
7938,Hassan Chaudhry,BBA,3.34,23
5354,Tariq Chaudhry,Chemistry,2.73,25
9,Fatima Butt,BBA,2.03,25
5240,Usman Malik,Physics,3.84,23
9984,Bilal Ahmed,EE,3.16,20
4621,Hassan Abbasi,CE,2.76,25
86,Usman Ansari,EE,2.3,19
3539,Bilal Mughal,ME,2.53,20
7147,Noor Butt,ME,3.93,24
6764,Yahya Ahmed,BBA,3.51,24
5559,Yahya Sheikh,CE,3.93,24
7160,Fatima Butt,EE,3.4,22
6589,Sara Mughal,BBA,2.01,25
216,Omar Mughal,Chemistry,3.57,25
4640,Usman Syed,Chemistry,2.23,19
8293,Usman Raza,Chemistry,3.66,25
7517,Zainab Ahmed,BBA,3.39,23
6131,Hassan Ahmed,CS,3.07,24
1973,Noor Chaudhry,Chemistry,2.55,18
6327,Omar Butt,EE,2.63,18
832,Ayesha Sheikh,Physics,2.12,18
9625,Omar Qureshi,EE,2.14,25
9927,Hassan Butt,CE,3.5,24
3604,Hassan Khan,Math,3.61,23
8096,Ahmed Abbasi,EE,3.01,20
2069,Usman Khan,Math,3.23,26
9540,Bilal Syed,CE,3.65,22
9558,Omar Malik,BBA,3.6,23
3807,Hina Mughal,ME,2.15,18
3097,Usman Syed,ME,3.76,23
1201,Tariq Abbasi,Math,2.03,23
7847,Bilal Butt,EE,2.33,20
875,Hassan Malik,CS,3.42,25
1908,Bilal Mughal,ME,3.27,18
511,Usman Sheikh,Physics,3.46,24
6664,Ayesha Sheikh,ME,3.75,19
7932,Kamran Ansari,CE,2.7,25
6363,Ayesha Abbasi,EE,3.65,18
6435,Ahmed Qureshi,EE,3.34,22
2561,Zainab Raza,EE,3.77,24
6741,Bilal Butt,Math,3.19,21
6886,Ayesha Malik,ME,3.75,19
5780,Ahmed Ansari,ME,2.76,18
1904,Sara Abbasi,CS,2.6,21
6092,Tariq Ahmed,Chemistry,3.49,23
7683,Bilal Ahmed,Chemistry,2.36,26
8446,Fatima Ansari,BBA,3.17,24
1212,Omar Chaudhry,ME,3.94,20
7957,Noor Khan,Chemistry,3.87,22
1756,Zainab Butt,ME,3.04,21
8177,Maryam Sheikh,BBA,3.52,23
6076,Yahya Chaudhry,EE,2.57,19
7170,Usman Syed,BBA,3.96,19
6091,Zainab Qureshi,Physics,2.96,20
6974,Kamran Mughal,EE,2.31,24
8539,Bilal Chaudhry,CE,3.66,20
7251,Omar Abbasi,ME,2.46,24
1076,Yahya Chaudhry,ME,3.49,18
2411,Zainab Malik,Physics,3.22,25
4735,Zainab Malik,Chemistry,2.48,25
8804,Sara Syed,ME,2.48,25
443,Hina Malik,Math,2.92,20
4501,Ayesha Mughal,BBA,2.64,23
5643,Omar Butt,Math,2.15,18
2746,Zainab Chaudhry,CS,3.2,24
7121,Noor Ansari,CS,2.19,21
3318,Ahmed Mughal,CS,3.73,18
8642,Ahmed Mughal,CS,3.42,21
1360,Yahya Abbasi,CE,3.71,20
4381,Kamran Ahmed,Math,2.26,21
2145,Hassan Raza,CE,3.54,18
2053,Zainab Ahmed,Chemistry,2.45,18
1854,Noor Sheikh,Physics,3.05,23
5284,Zainab Sheikh,ME,2.73,22
5328,Kamran Ahmed,BBA,3.46,23
9957,Ayesha Malik,EE,3.12,21
8335,Ahmed Butt,Chemistry,2.09,18
9869,Bilal Malik,BBA,3.53,18
8396,Noor Chaudhry,EE,3.09,22
7783,Hina Qureshi,Physics,2.48,20
749,Ayesha Malik,Physics,3.49,26
3972,Noor Mughal,CE,2.99,19
1979,Yahya Ahmed,ME,2.96,23
3366,Ayesha Khan,Math,3.48,18
3975,Hina Butt,Chemistry,3.23,23
1833,Maryam Malik,ME,2.93,22
4669,Ayesha Chaudhry,Math,3.65,25
6122,Sara Sheikh,Physics,3.95,23
7198,Tariq Abbasi,Chemistry,3.97,22
5305,Usman Abbasi,Physics,2.67,18
6309,Ayesha Mughal,CE,3.31,19
1832,Ahmed Ahmed,CS,3.58,18
4124,Tariq Raza,ME,2.62,21
2946,Maryam Qureshi,BBA,3.26,23
111,Omar Syed,CE,2.49,24
5195,Bilal Khan,Math,3.19,25
1099,Hina Ahmed,CE,3.0,22
2717,Hina Malik,Chemistry,2.73,22
3101,Hassan Qureshi,CE,3.46,21
6962,Noor Qureshi,ME,2.62,19
7851,Bilal Malik,Physics,2.39,23
4516,Hassan Ahmed,ME,3.49,19
674,Tariq Mughal,CE,2.67,26
9974,Tariq Qureshi,EE,3.19,25
8327,Hina Malik,Physics,3.24,18
9989,Hina Raza,ME,3.31,23
9440,Zainab Raza,CS,2.2,23
9174,Hassan Syed,BBA,3.97,20
1309,Fatima Syed,EE,3.12,22
9632,Bilal Ansari,ME,2.74,20
7327,Zainab Sheikh,CS,2.14,24
7342,Bilal Khan,CE,3.41,26
8227,Usman Malik,EE,3.08,25
1009,Usman Malik,CS,2.17,22
7179,Yahya Chaudhry,CS,3.47,23
9981,Hina Chaudhry,CE,2.38,23
3487,Fatima Mughal,Physics,2.64,18
5018,Yahya Qureshi,ME,2.09,23
8139,Zainab Sheikh,Chemistry,3.32,21
1501,Hassan Sheikh,Math,2.42,18
3163,Bilal Butt,CE,3.61,25
9596,Bilal Khan,Math,2.53,21
5748,Omar Qureshi,CE,3.87,18
4814,Zainab Syed,Physics,3.03,21
6780,Hina Butt,EE,3.08,20
8190,Maryam Malik,Chemistry,3.82,23
3143,Yahya Syed,EE,2.91,24
7920,Omar Mughal,BBA,3.91,21
9310,Usman Sheikh,BBA,2.48,21
8681,Noor Mughal,EE,3.68,23
9513,Maryam Abbasi,Chemistry,3.73,25
9408,Kamran Ahmed,EE,3.52,18
9334,Omar Abbasi,Math,2.92,21
2452,Zainab Syed,ME,3.14,19
804,Bilal Ahmed,Physics,2.61,21
1420,Tariq Khan,CE,3.23,18
5878,Yahya Ansari,ME,3.82,26
622,Fatima Qureshi,EE,3.22,22
2891,Omar Butt,Physics,2.11,26
930,Sara Syed,CS,2.55,20
9865,Maryam Raza,CE,2.7,19
3396,Sara Malik,CE,2.27,24
6275,Noor Malik,ME,3.12,23
3285,Fatima Ahmed,BBA,2.73,25
3634,Zainab Chaudhry,Math,3.07,24
9703,Noor Syed,Physics,2.41,22
5506,Zainab Syed,EE,3.36,21
9357,Maryam Qureshi,EE,2.19,21
2766,Fatima Ansari,ME,3.07,23
3499,Tariq Qureshi,CS,3.71,25
8780,Sara Malik,CE,3.24,25
6041,Zainab Khan,Math,2.49,21
762,Yahya Qureshi,CE,2.15,21
5249,Hina Raza,BBA,3.59,24
1611,Noor Chaudhry,CS,3.28,21
8988,Omar Butt,ME,3.07,26
1811,Maryam Abbasi,BBA,3.58,25
4863,Hassan Sheikh,ME,3.52,25
2382,Hassan Chaudhry,Chemistry,3.75,19
9941,Ayesha Ansari,Chemistry,2.17,19
3624,Fatima Chaudhry,Math,3.02,25
360,Hassan Qureshi,Physics,3.9,21
8100,Hina Mughal,CE,2.82,20
7294,Bilal Syed,Chemistry,3.72,23
1533,Zainab Butt,BBA,3.68,25
693,Yahya Khan,Math,3.57,26
2926,Sara Malik,Math,3.5,22
3963,Tariq Chaudhry,CE,3.89,18
9887,Hassan Raza,Chemistry,2.86,18
9685,Hina Malik,CS,3.53,24
2134,Yahya Mughal,BBA,3.7,25
4499,Maryam Raza,EE,2.44,19
1864,Noor Syed,Chemistry,3.06,25
2880,Omar Khan,EE,2.3,20
5543,Hassan Khan,Chemistry,3.86,18
5230,Noor Sheikh,CE,2.07,25
8838,Zainab Chaudhry,Chemistry,3.1,20
2456,Maryam Chaudhry,CS,2.98,19
7270,Sara Ansari,CE,3.51,25
7636,Yahya Butt,ME,3.46,20
3602,Fatima Khan,BBA,3.66,19
6332,Hassan Mughal,Physics,3.89,22
530,Maryam Butt,CS,2.44,25
4675,Fatima Abbasi,CE,3.42,23
9810,Hina Sheikh,CS,2.54,18
1916,Maryam Malik,EE,3.45,25
6901,Omar Qureshi,ME,3.38,26
9056,Hina Mughal,BBA,2.85,25
4666,Fatima Khan,CS,3.71,23
9163,Tariq Ansari,ME,3.6,22
1179,Omar Chaudhry,ME,3.32,23
6402,Bilal Raza,CS,2.41,22
3030,Sara Abbasi,ME,3.39,20
4530,Maryam Abbasi,BBA,3.93,19
9570,Ayesha Qureshi,Chemistry,3.06,25
9539,Ahmed Ansari,EE,2.81,18
9881,Maryam Raza,BBA,3.99,21
5394,Omar Khan,CE,3.95,20
166,Bilal Butt,CS,2.68,18
6068,Maryam Khan,Chemistry,2.43,21
8278,Ayesha Butt,CE,2.27,22
7913,Noor Sheikh,CE,2.57,18
2739,Zainab Malik,CE,2.91,26
2795,Yahya Ansari,Math,2.81,25
6919,Hassan Malik,Math,2.58,26
862,Maryam Chaudhry,BBA,2.66,21
8347,Tariq Sheikh,CE,2.96,19
6721,Fatima Raza,Physics,2.22,25
2036,Usman Ansari,BBA,2.58,24
7336,Omar Malik,Math,2.56,20
2997,Usman Ansari,CE,2.14,20
7192,Tariq Abbasi,Physics,2.75,22
84,Hina Malik,EE,3.21,19
9624,Zainab Sheikh,BBA,3.43,25
6342,Yahya Malik,CE,3.52,21
851,Noor Chaudhry,Physics,3.03,18
5329,Maryam Malik,CE,2.61,26
8366,Sara Sheikh,CS,3.68,25
6232,Ahmed Sheikh,Chemistry,2.62,18
3846,Tariq Khan,EE,3.65,25
9339,Ayesha Abbasi,Chemistry,3.68,25
8435,Kamran Chaudhry,Math,2.62,26
2587,Fatima Mughal,Chemistry,2.27,20
556,Zainab Butt,Chemistry,3.46,19
9096,Hassan Abbasi,ME,3.83,20
9983,Zainab Qureshi,Chemistry,3.22,20
3301,Noor Qureshi,EE,2.22,26
7074,Omar Sheikh,EE,3.38,23
7315,Bilal Butt,Math,2.62,22
9999,Kamran Sheikh,EE,2.1,25
5131,Fatima Raza,CS,2.47,25
7376,Ayesha Qureshi,CE,3.7,26
1103,Tariq Sheikh,CS,2.04,26
1941,Yahya Malik,Chemistry,2.51,18
1957,Kamran Chaudhry,ME,2.65,20
2810,Bilal Ahmed,Physics,2.97,21
6063,Bilal Butt,EE,3.68,18
940,Yahya Syed,BBA,2.98,18
4695,Bilal Ansari,ME,2.33,26
5898,Omar Syed,CS,3.82,25
267,Maryam Sheikh,Math,3.45,25
2469,Tariq Raza,BBA,2.6,21
3586,Fatima Butt,Chemistry,2.3,26
1075,Maryam Ahmed,CE,2.12,21
5381,Ayesha Butt,CS,3.44,19
6061,Zainab Malik,CS,3.48,26
5174,Zainab Ahmed,CS,3.42,20
1505,Hassan Raza,ME,3.76,21
8565,Kamran Raza,Chemistry,2.73,23
7353,Maryam Chaudhry,Chemistry,3.92,25
7330,Maryam Syed,CE,3.42,20
2269,Omar Chaudhry,Chemistry,2.73,25
3377,Noor Ansari,BBA,2.79,23
794,Yahya Mughal,BBA,2.36,22
4210,Usman Khan,BBA,3.41,26
4037,Kamran Qureshi,EE,3.39,21
3483,Zainab Sheikh,ME,2.62,25
9325,Bilal Chaudhry,Physics,2.79,23
6957,Tariq Chaudhry,Chemistry,3.52,20
4432,Maryam Butt,EE,2.34,23
9638,Usman Khan,CS,3.19,22
4040,Tariq Butt,EE,3.49,21
3027,Yahya Mughal,ME,2.32,22
9168,Yahya Sheikh,ME,2.77,24
8817,Ayesha Mughal,CE,2.88,22
8394,Hina Abbasi,Physics,3.21,23
9490,Omar Butt,Math,3.37,21
466,Yahya Chaudhry,Physics,3.51,19
1606,Hina Mughal,CE,2.71,23
5691,Ayesha Raza,Math,2.84,18
7033,Usman Syed,BBA,3.62,21
9054,Usman Ahmed,CE,2.8,23
3862,Bilal Sheikh,Chemistry,2.23,23
3475,Sara Raza,BBA,3.91,26
1671,Sara Sheikh,EE,3.9,19
2428,Ayesha Qureshi,EE,2.13,25
5807,Maryam Ahmed,ME,3.54,19
4983,Ayesha Ahmed,EE,2.24,26
9175,Kamran Mughal,Physics,2.72,25
3140,Maryam Ansari,Chemistry,3.6,24
1288,Hassan Abbasi,Chemistry,3.94,23
9279,Yahya Malik,CE,3.0,25
2731,Ayesha Abbasi,CS,3.24,22
6144,Kamran Malik,Math,3.04,21
5491,Usman Abbasi,CS,3.54,22
1476,Zainab Malik,BBA,2.21,22
9207,Bilal Ahmed,Math,2.17,25
1115,Ayesha Khan,Math,3.89,20
3169,Sara Sheikh,ME,3.61,19
7286,Zainab Khan,Math,2.2,26
357,Fatima Butt,ME,2.84,25
9379,Noor Khan,Physics,3.57,18
1078,Tariq Qureshi,CS,2.23,19
6679,Sara Sheikh,Physics,3.67,24
4056,Hassan Butt,CS,2.43,18
667,Omar Syed,Physics,3.78,21
6163,Bilal Sheikh,Math,3.23,26
2744,Fatima Mughal,ME,3.51,19
2378,Bilal Ansari,Physics,3.04,19
9194,Kamran Mughal,Math,3.39,22
4412,Hassan Ansari,BBA,2.84,19
8411,Maryam Syed,BBA,3.11,21
8881,Hina Malik,BBA,3.64,22
7968,Noor Sheikh,BBA,2.57,19
9154,Omar Ansari,ME,3.71,24
7586,Noor Raza,EE,3.71,19
9773,Hina Abbasi,CE,3.61,21
3435,Omar Sheikh,BBA,3.83,19
207,Zainab Qureshi,EE,3.11,25
8308,Maryam Abbasi,BBA,3.83,22
3991,Fatima Ahmed,Chemistry,2.41,23
912,Ahmed Qureshi,CE,2.59,26
3847,Usman Qureshi,Math,3.83,20
21,Fatima Mughal,Physics,3.35,23
3778,Kamran Qureshi,BBA,3.16,26
6274,Hassan Mughal,Math,2.1,18
7496,Zainab Sheikh,Chemistry,3.67,18
5200,Usman Abbasi,CS,2.29,19
3172,Hassan Chaudhry,BBA,3.58,25
8226,Zainab Khan,Math,2.14,25
7722,Kamran Khan,Chemistry,3.2,26
9904,Noor Malik,Physics,2.37,22
8401,Ayesha Mughal,Math,2.31,23
9197,Sara Qureshi,BBA,3.3,25
5115,Bilal Abbasi,CS,3.4,23
332,Tariq Qureshi,ME,2.16,20
4893,Kamran Ansari,Math,2.85,21
508,Omar Ansari,CS,3.14,24
1054,Usman Abbasi,Physics,3.93,20
7247,Ahmed Khan,EE,2.94,19
9617,Tariq Mughal,EE,2.63,26
9482,Maryam Ansari,Physics,2.68,26
4991,Zainab Sheikh,ME,2.56,19
2111,Hassan Qureshi,BBA,2.18,20
2890,Omar Ahmed,CS,2.11,24
1968,Zainab Sheikh,ME,3.49,24
5197,Hassan Raza,Chemistry,3.01,22
7538,Usman Syed,BBA,2.24,23
5129,Ayesha Butt,Chemistry,2.37,24
8784,Yahya Syed,Physics,3.9,22
9891,Fatima Ansari,ME,3.1,19
2281,Fatima Ahmed,ME,3.25,24
4883,Noor Malik,Physics,2.0,18
4558,Ahmed Raza,CE,3.69,19
3298,Ayesha Ansari,CS,4.0,21
7455,Zainab Sheikh,EE,3.13,26
7038,Hina Syed,ME,3.52,24
949,Tariq Ansari,Math,3.12,25
4028,Kamran Abbasi,EE,3.61,24
5460,Ayesha Chaudhry,Chemistry,3.28,21
3953,Zainab Raza,BBA,2.19,18
8313,Maryam Qureshi,CS,3.06,26
9044,Hina Chaudhry,Physics,2.32,21
3189,Tariq Sheikh,Physics,3.28,22
1786,Ahmed Chaudhry,ME,3.45,19
9696,Usman Qureshi,Physics,3.3,20
7231,Ayesha Mughal,EE,3.64,20
833,Tariq Chaudhry,CS,3.7,22
4483,Bilal Mughal,CS,2.68,22
3421,Kamran Qureshi,EE,2.38,21
3034,Sara Ahmed,Chemistry,2.49,26
1471,Kamran Sheikh,ME,3.98,21
5981,Ahmed Malik,EE,3.9,24
760,Kamran Syed,CE,2.56,24
1438,Ahmed Syed,Physics,2.67,22
1664,Usman Mughal,Math,2.46,19
5700,Bilal Abbasi,CS,2.8,23
3688,Noor Mughal,EE,3.15,25
2964,Fatima Malik,BBA,3.29,22
1113,Ayesha Butt,BBA,3.24,22
2323,Noor Qureshi,CS,2.58,18
1943,Hassan Mughal,Math,2.96,20
1542,Sara Butt,BBA,2.35,21
4642,Noor Ansari,Physics,3.84,26
828,Bilal Qureshi,BBA,3.69,23
2969,Zainab Syed,ME,3.46,24
5416,Tariq Ansari,Math,3.33,24
3333,Yahya Sheikh,CE,3.53,22
5737,Zainab Sheikh,ME,3.83,22
3843,Bilal Qureshi,Math,3.53,21
1042,Usman Sheikh,CS,2.06,20
3871,Tariq Syed,Math,3.61,20
2229,Fatima Qureshi,ME,3.22,18
8944,Ahmed Syed,Math,3.73,21
4235,Bilal Mughal,Math,2.24,19
5424,Fatima Mughal,EE,3.25,18
414,Tariq Raza,EE,3.4,24
7641,Sara Raza,BBA,2.06,26
3600,Sara Qureshi,BBA,2.05,26
4597,Noor Syed,CS,2.37,20
9180,Yahya Qureshi,ME,3.57,23
2164,Yahya Malik,EE,3.11,20
9051,Hassan Sheikh,Math,2.45,25
4440,Noor Butt,Math,2.05,26
3905,Zainab Raza,Math,2.9,25
3004,Ahmed Butt,Chemistry,2.75,19
5877,Bilal Sheikh,Chemistry,3.9,22
3179,Bilal Khan,BBA,2.15,25
2597,Noor Sheikh,CS,3.57,24
1544,Kamran Ansari,CS,3.35,18
1449,Usman Sheikh,Physics,3.79,19
4532,Omar Malik,Physics,2.36,23
7944,Hassan Mughal,Physics,2.06,18
9858,Noor Abbasi,CE,3.5,19
2095,Omar Chaudhry,EE,2.55,19
6961,Tariq Sheikh,ME,3.57,23
2856,Fatima Ansari,Math,2.25,20
5443,Omar Chaudhry,Chemistry,3.38,22
975,Bilal Abbasi,Math,2.92,26
4979,Zainab Butt,EE,2.22,19
6610,Zainab Mughal,CE,2.8,25
3775,Sara Mughal,Physics,3.79,26
7533,Maryam Syed,Physics,3.68,23
6107,Zainab Butt,CS,3.58,22
7896,Yahya Butt,BBA,2.01,25
272,Hina Sheikh,BBA,3.49,21
7475,Ayesha Abbasi,ME,2.98,18
3883,Noor Ahmed,BBA,2.37,22
7580,Hina Sheikh,EE,3.21,22
2144,Ayesha Sheikh,Physics,3.37,26
9080,Hassan Sheikh,ME,3.66,26
3524,Kamran Sheikh,ME,3.34,26
7117,Bilal Syed,Physics,2.06,23
9906,Maryam Qureshi,ME,3.8,24
7229,Sara Qureshi,Chemistry,3.59,20
880,Bilal Malik,Math,3.29,23
9804,Yahya Raza,CE,3.73,23
7213,Yahya Butt,BBA,3.5,23
1271,Noor Qureshi,ME,2.4,26
2864,Tariq Butt,BBA,2.46,24
605,Ahmed Raza,Chemistry,2.04,24
3823,Yahya Butt,Physics,3.76,21
4247,Ahmed Raza,CE,3.87,25
2623,Ahmed Syed,CE,2.97,22
211,Noor Abbasi,Physics,3.72,23
8525,Maryam Syed,BBA,2.72,18
8598,Usman Butt,Physics,2.43,23
53,Omar Butt,Physics,2.45,23
8205,Noor Mughal,BBA,3.96,21
9986,Usman Chaudhry,CE,3.35,25
2613,Bilal Butt,CE,2.03,24
4249,Yahya Raza,Math,3.75,25
5587,Bilal Ansari,CS,2.55,19
3313,Noor Chaudhry,ME,2.01,24
5849,Omar Butt,EE,3.47,25
1806,Tariq Qureshi,Math,2.25,23
2418,Omar Ahmed,CS,2.86,23
3278,Zainab Syed,CE,3.27,23
783,Omar Raza,ME,3.61,26
527,Usman Ahmed,BBA,2.01,18
7988,Usman Sheikh,EE,2.98,18
6971,Bilal Mughal,Chemistry,2.63,25
9366,Noor Qureshi,ME,2.38,25
3817,Noor Malik,Physics,2.55,22
3617,Omar Sheikh,ME,2.81,20
1540,Bilal Mughal,CS,3.96,21
3043,Hassan Malik,CE,3.67,24
7500,Hina Abbasi,CE,3.85,23
4221,Hina Butt,EE,3.03,25
6666,Noor Butt,CE,2.21,18
6424,Yahya Ansari,CE,3.54,24
4866,Bilal Sheikh,EE,2.56,25
9202,Hina Abbasi,EE,2.49,18
1386,Ayesha Sheikh,Chemistry,2.48,23
8339,Fatima Ansari,Physics,2.68,22
8367,Ahmed Raza,Physics,2.87,21
2747,Kamran Ansari,CS,3.75,24
7992,Omar Malik,ME,3.25,22
1651,Kamran Abbasi,ME,2.2,24
9507,Fatima Malik,Physics,2.9,26
1866,Fatima Sheikh,Chemistry,2.62,26
4631,Maryam Khan,BBA,2.66,25
4298,Kamran Abbasi,EE,2.36,20
4071,Hina Khan,Math,2.52,18
4160,Sara Malik,CE,2.39,25
546,Bilal Malik,BBA,2.17,23
7725,Fatima Ahmed,CE,3.96,26
5511,Kamran Butt,CE,2.35,23
6354,Sara Qureshi,CE,3.16,24
2989,Zainab Sheikh,Physics,2.34,18
4963,Ahmed Mughal,Math,2.74,25
658,Tariq Qureshi,BBA,2.78,26
355,Omar Mughal,ME,2.5,26
961,Kamran Raza,ME,2.36,18
3338,Kamran Ansari,CE,3.55,18
8129,Bilal Syed,BBA,2.96,21
1465,Ahmed Ansari,BBA,2.24,20
5034,Ayesha Raza,CE,2.86,20
2379,Ahmed Ansari,CE,2.67,20
9302,Sara Butt,ME,3.63,26
7220,Omar Mughal,Physics,3.94,23
4147,Tariq Syed,Math,2.58,18
85,Omar Ansari,BBA,3.95,26
5704,Yahya Sheikh,BBA,3.79,21
3207,Yahya Chaudhry,CE,3.16,23
7784,Noor Malik,CS,3.4,23
8236,Ahmed Mughal,CS,2.4,18
2578,Fatima Butt,EE,3.47,18
8779,Omar Abbasi,Math,3.42,23
6630,Maryam Syed,Math,2.08,23
5462,Hassan Syed,BBA,3.6,20
8218,Fatima Khan,ME,2.12,19
9042,Yahya Qureshi,CS,3.08,23
7630,Ayesha Abbasi,CS,2.41,21
2995,Maryam Mughal,CS,3.31,26
989,Bilal Ahmed,CE,2.47,22
4458,Yahya Ansari,CS,2.46,21
1964,Noor Malik,Math,3.03,22
9272,Fatima Raza,CS,2.09,19
2029,Ahmed Ansari,CE,2.23,25
684,Tariq Ansari,CS,3.84,23
4968,Usman Malik,ME,2.24,19
810,Maryam Chaudhry,Physics,2.48,20
8026,Maryam Khan,Physics,3.26,20
5107,Maryam Mughal,Chemistry,2.74,25
7105,Bilal Qureshi,Chemistry,2.29,19
864,Zainab Abbasi,Physics,2.6,21
7985,Hina Chaudhry,Chemistry,2.2,25
5646,Ayesha Chaudhry,Physics,3.13,22
2266,Zainab Malik,CE,2.84,22
2241,Hina Syed,CE,3.55,18
3643,Kamran Abbasi,CE,2.85,24
4677,Noor Butt,BBA,3.58,19
2772,Hina Syed,Physics,3.18,25
15,Ahmed Chaudhry,CS,3.68,18
7269,Sara Ahmed,ME,2.52,18
2639,Omar Butt,Math,3.28,24
9006,Omar Malik,BBA,3.68,20
3444,Noor Khan,Physics,3.12,21
852,Kamran Syed,CS,3.36,22
1322,Omar Ahmed,BBA,2.82,18
5707,Fatima Chaudhry,EE,3.85,26
7692,Omar Khan,Physics,3.6,23
4904,Kamran Mughal,Physics,3.08,25
4049,Fatima Syed,EE,2.74,19
1842,Hina Chaudhry,Chemistry,2.55,25
7844,Zainab Butt,CE,2.29,26
4658,Omar Malik,Chemistry,3.45,21
4890,Noor Ansari,BBA,3.12,21
1772,Omar Ahmed,BBA,3.42,26
9467,Hassan Malik,CE,3.69,22
1817,Bilal Ansari,BBA,3.7,19
5845,Yahya Butt,Physics,2.81,24
776,Noor Syed,Chemistry,3.07,20
9236,Yahya Abbasi,EE,2.22,22
6046,Ayesha Raza,EE,2.79,20
1840,Ahmed Khan,Physics,3.59,25
2786,Hina Chaudhry,ME,3.9,18
4838,Fatima Sheikh,CE,3.9,24
3930,Omar Raza,EE,3.76,25
3024,Bilal Ansari,ME,3.09,21
8737,Fatima Ansari,BBA,2.46,19
183,Hassan Abbasi,Math,3.04,23
2500,Hassan Ahmed,CS,3.67,21
2427,Hina Qureshi,CS,3.41,22
7306,Zainab Qureshi,CS,3.97,24
934,Omar Malik,CE,2.06,20
8963,Hina Syed,ME,2.61,20
4845,Fatima Ahmed,CS,2.89,26
1519,Sara Raza,Chemistry,3.22,23
6227,Omar Khan,Physics,3.22,18
2874,Zainab Butt,BBA,2.04,20
4725,Ahmed Sheikh,Math,3.88,24
1068,Maryam Butt,Chemistry,2.81,23
2260,Sara Malik,ME,2.05,22
8497,Usman Khan,BBA,3.12,22
1092,Ahmed Malik,EE,3.57,21
5261,Yahya Ahmed,BBA,2.83,20
6258,Hina Raza,ME,2.77,24
5846,Tariq Abbasi,CS,2.33,22
4080,Tariq Ahmed,Math,2.26,20
4178,Bilal Mughal,CE,2.69,24
2987,Ahmed Malik,ME,2.1,20
20,Noor Ahmed,BBA,3.06,18
55,Tariq Chaudhry,EE,2.03,21
4405,Noor Qureshi,Math,2.81,21
2369,Ahmed Ahmed,CE,2.11,21
1129,Fatima Syed,Math,3.36,18
9478,Usman Mughal,CS,2.18,26
5188,Maryam Butt,CS,3.34,22
2702,Sara Ahmed,EE,3.9,18
9097,Omar Butt,CS,3.46,18
4283,Usman Syed,Chemistry,2.58,26
5949,Fatima Mughal,CE,3.11,24
2851,Noor Qureshi,BBA,2.41,26
3478,Kamran Mughal,Math,3.34,25
7113,Kamran Chaudhry,ME,2.2,21
2065,Zainab Khan,CE,2.98,25
5479,Ahmed Malik,Chemistry,3.85,21
4402,Tariq Butt,BBA,2.23,21
4880,Noor Sheikh,CS,2.81,22
3119,Fatima Ahmed,ME,3.13,22
4618,Noor Qureshi,CS,3.0,21
4688,Zainab Mughal,Physics,3.43,26
1343,Yahya Ansari,Math,3.92,24
654,Noor Ahmed,Chemistry,2.54,21
8586,Maryam Abbasi,CS,2.11,20
7571,Omar Khan,Math,3.09,18
4067,Tariq Mughal,ME,3.93,19
4140,Omar Ahmed,Math,3.91,25
2679,Fatima Raza,BBA,3.03,25
2408,Hassan Syed,BBA,3.54,21
6495,Bilal Butt,CE,3.29,21
1429,Maryam Mughal,BBA,3.29,19
5650,Ayesha Ahmed,Math,3.5,25
3632,Kamran Chaudhry,ME,3.94,24
8229,Ahmed Khan,CE,2.23,23
8672,Sara Sheikh,Physics,2.07,20
3788,Maryam Qureshi,Physics,3.18,22
3870,Hassan Butt,EE,3.31,25
3733,Tariq Abbasi,Chemistry,2.04,21
8358,Hina Mughal,CS,3.81,25
1382,Noor Khan,CS,2.53,25
8115,Kamran Mughal,Physics,3.74,26
2871,Noor Abbasi,Physics,3.64,18
9972,Sara Chaudhry,Math,3.6,19
1370,Hassan Abbasi,Chemistry,3.09,21
1241,Kamran Abbasi,ME,2.88,20
4741,Zainab Ahmed,CE,3.21,18
2735,Sara Syed,CE,3.17,23
9176,Fatima Sheikh,ME,3.75,22
7492,Bilal Ansari,Math,2.53,18
8310,Tariq Ahmed,CE,2.05,23
306,Bilal Mughal,Chemistry,2.59,23
8697,Noor Khan,ME,3.42,19
132,Omar Chaudhry,EE,3.06,23
7887,Usman Raza,Physics,2.91,26
7358,Bilal Mughal,ME,3.51,18
5844,Yahya Syed,ME,2.38,19
9222,Usman Malik,Math,2.7,22
5685,Bilal Qureshi,CE,2.52,22
3502,Fatima Ahmed,CE,2.62,18
4571,Fatima Ahmed,BBA,3.54,22
7999,Hassan Ansari,EE,3.29,23
5065,Hina Sheikh,Chemistry,2.63,20
2171,Kamran Mughal,Chemistry,2.4,22
1161,Hassan Khan,Math,2.79,19
8618,Omar Butt,Chemistry,3.33,26
163,Noor Qureshi,Chemistry,3.07,23
1799,Hina Khan,CE,3.58,23
6343,Hassan Butt,ME,3.61,24
704,Fatima Abbasi,Physics,2.23,22
3994,Maryam Ansari,CS,2.8,26
302,Omar Chaudhry,BBA,3.52,21
5038,Sara Ansari,CE,2.22,20
7412,Fatima Abbasi,EE,3.61,25
8123,Ahmed Butt,EE,2.69,24
6289,Ayesha Ahmed,Chemistry,2.87,21
8155,Yahya Mughal,CE,2.27,19
54,Hassan Butt,Math,2.32,20
71,Hassan Qureshi,Math,2.73,22
6433,Noor Khan,Physics,3.16,19
7278,Maryam Abbasi,CE,2.95,26
8903,Usman Raza,Chemistry,3.73,22
1045,Noor Sheikh,CS,2.72,26
8852,Tariq Abbasi,Chemistry,2.13,18
4048,Usman Ahmed,BBA,3.2,21
6518,Usman Butt,BBA,3.32,21
6445,Hina Khan,BBA,3.44,22
2975,Ayesha Malik,CE,2.43,25
329,Kamran Ahmed,Math,2.51,19
3903,Noor Ansari,BBA,2.84,26
859,Zainab Mughal,CS,3.23,25
8285,Hassan Ahmed,CE,2.49,21
8916,Yahya Qureshi,Physics,2.44,18
980,Ayesha Khan,CS,2.32,25
4577,Sara Khan,Physics,3.49,26
1510,Tariq Malik,Math,2.99,22
2782,Bilal Qureshi,BBA,2.34,21
6663,Kamran Syed,CS,2.51,23
6922,Hina Syed,CS,2.34,23
8799,Ahmed Ansari,BBA,2.33,21
3342,Hassan Qureshi,Chemistry,3.59,18
4162,Ayesha Raza,Math,2.26,26
72,Omar Abbasi,CS,3.4,20
9475,Sara Malik,Physics,2.79,26
5132,Noor Mughal,Chemistry,2.93,20
9369,Tariq Syed,Math,3.67,24
2103,Usman Abbasi,CS,3.15,18
1770,Kamran Khan,EE,2.02,23
5954,Maryam Abbasi,Chemistry,2.68,24
4522,Hassan Malik,Physics,3.65,20
9815,Usman Khan,Chemistry,3.72,22
3752,Omar Ansari,Physics,2.03,22
8470,Maryam Sheikh,CE,3.32,19
9260,Fatima Chaudhry,EE,3.73,19
6710,Yahya Syed,Physics,2.17,21
9206,Ayesha Raza,BBA,3.38,26
1180,Yahya Butt,BBA,3.12,20
9383,Sara Malik,CE,2.06,23
8671,Ahmed Malik,EE,2.68,19
5726,Tariq Khan,Chemistry,3.1,24
3810,Usman Syed,CE,3.75,18
5817,Kamran Abbasi,Chemistry,2.64,19
7438,Hina Raza,EE,2.25,26
8798,Usman Mughal,EE,2.34,18
2797,Hina Malik,CS,3.66,19
447,Yahya Butt,Physics,2.34,25
3099,Yahya Ahmed,CE,2.68,23
2321,Maryam Mughal,CE,2.8,23
6687,Tariq Sheikh,EE,3.66,23
2992,Ahmed Malik,BBA,3.23,19
7663,Hina Sheikh,BBA,2.22,22
8199,Maryam Sheikh,CS,2.28,20
8655,Bilal Ahmed,Chemistry,2.03,18
312,Fatima Ahmed,CS,2.64,20
984,Omar Malik,Chemistry,2.21,18
9074,Hassan Sheikh,CE,3.08,26
1816,Usman Raza,Physics,2.08,24
3812,Omar Qureshi,Math,2.67,25
7109,Omar Sheikh,EE,3.07,21
847,Yahya Sheikh,Physics,3.98,26
8283,Hassan Butt,EE,2.35,22
345,Zainab Syed,Math,3.83,26
1514,Yahya Syed,CE,3.61,22
3592,Sara Abbasi,CS,3.02,22
2998,Hassan Ansari,BBA,2.22,19
1847,Hina Ansari,EE,3.19,26
9470,Hina Butt,Chemistry,3.73,19
9076,Bilal Ahmed,Physics,2.1,19
2843,Usman Butt,Physics,3.45,21
3351,Noor Chaudhry,CS,3.29,21
657,Zainab Chaudhry,Math,3.29,24
7696,Kamran Chaudhry,ME,2.84,26
6382,Usman Syed,Math,3.71,24
6602,Zainab Abbasi,CE,3.87,25
3616,Hassan Malik,EE,2.44,21
8250,Hassan Ansari,ME,2.13,22
584,Noor Abbasi,Chemistry,2.05,22
3115,Hassan Sheikh,Math,3.76,23
2836,Tariq Mughal,Chemistry,3.6,21
9918,Yahya Ansari,ME,2.56,24
5633,Kamran Chaudhry,Math,2.37,24
6558,Noor Ansari,EE,3.5,26
6781,Noor Qureshi,CE,3.15,18
8931,Bilal Chaudhry,BBA,2.48,21
6154,Tariq Butt,BBA,3.4,23
8488,Tariq Butt,Math,2.44,24
6992,Noor Butt,CS,2.83,21
5371,Ahmed Ahmed,Math,3.12,24
3945,Bilal Malik,CE,2.27,20
4259,Ahmed Butt,EE,2.87,23
9868,Hassan Abbasi,CE,3.39,22
46,Bilal Chaudhry,Math,3.92,21
2207,Hassan Khan,CS,3.88,22
8106,Fatima Mughal,EE,3.59,26
8448,Yahya Ansari,Chemistry,3.04,24
8669,Noor Butt,CS,2.7,24
1777,Maryam Malik,Chemistry,2.42,22
2212,Maryam Chaudhry,Math,2.63,19
5880,Ahmed Butt,Chemistry,2.64,25
7768,Yahya Chaudhry,CE,3.59,25
8154,Hassan Ahmed,Physics,3.38,20
5248,Usman Sheikh,CS,2.89,24
803,Omar Raza,EE,3.91,25
8761,Ahmed Sheikh,CE,3.67,18
1130,Kamran Malik,CE,3.17,25
1397,Ayesha Chaudhry,ME,2.19,20
3957,Omar Khan,CE,3.44,20
5024,Maryam Qureshi,ME,3.69,26
708,Kamran Qureshi,ME,3.22,23
1001,Bilal Malik,CE,2.6,19
4018,Sara Malik,ME,2.52,21
8230,Hassan Khan,Physics,3.45,18
8643,Usman Mughal,CS,2.62,21
8268,Sara Malik,Math,3.79,20
5917,Zainab Raza,ME,3.31,25
7498,Sara Malik,ME,2.1,19
5758,Bilal Syed,CE,3.33,19
30,Bilal Khan,Chemistry,3.92,23
9060,Yahya Khan,Physics,2.53,21
3166,Ahmed Chaudhry,Chemistry,3.45,24
8919,Ahmed Malik,CE,2.97,18
9110,Sara Ansari,BBA,2.67,19
3707,Sara Chaudhry,Chemistry,3.79,18
4932,Fatima Raza,Math,3.76,23
9113,Yahya Syed,CE,3.63,26
320,Yahya Raza,Physics,2.1,23
7396,Bilal Mughal,ME,3.79,25
5744,Omar Ansari,Chemistry,2.4,19
6581,Ahmed Raza,CS,2.05,25
6819,Bilal Raza,BBA,3.64,23
45,Bilal Butt,CS,2.76,24
83,Fatima Sheikh,Math,3.71,19
3731,Bilal Abbasi,Chemistry,2.9,22
2849,Ahmed Syed,CS,3.92,24
1017,Ayesha Ansari,ME,3.64,20
7637,Ahmed Mughal,Chemistry,2.77,21
5832,Usman Syed,ME,3.35,18
7583,Noor Qureshi,Physics,2.1,19
8846,Fatima Chaudhry,Chemistry,3.76,19
9461,Noor Ahmed,BBA,2.27,21
5537,Usman Sheikh,Math,2.41,23
2156,Noor Qureshi,ME,3.19,25
8975,Tariq Raza,Math,2.51,25
6243,Usman Abbasi,ME,3.64,20
8437,Noor Malik,CE,2.97,25
6207,Yahya Mughal,Math,2.87,22
860,Kamran Khan,Physics,2.2,21
5332,Usman Syed,Math,3.15,20
165,Bilal Malik,BBA,3.7,21
286,Fatima Raza,Physics,2.95,18
483,Ahmed Ansari,Math,3.36,19
2715,Fatima Abbasi,CS,2.26,24
4961,Noor Syed,Physics,3.19,25
9658,Noor Khan,EE,3.61,22
3828,Omar Sheikh,Chemistry,2.47,25
7252,Zainab Syed,BBA,2.92,21
8620,Fatima Raza,ME,3.96,23
6152,Ayesha Mughal,BBA,2.77,24
7935,Maryam Chaudhry,Physics,2.73,23
1013,Zainab Ansari,EE,2.94,19
4000,Hina Sheikh,Physics,2.9,18
6253,Tariq Qureshi,CE,2.15,26
17,Hassan Malik,CS,3.34,22
7202,Fatima Ahmed,EE,2.25,19
2525,Kamran Malik,Physics,2.32,23
6692,Maryam Butt,Chemistry,3.77,18
2723,Omar Malik,ME,2.95,22
3479,Ahmed Butt,Math,3.15,26
9651,Ahmed Butt,Chemistry,2.87,20
2974,Ahmed Sheikh,BBA,3.34,19
2868,Maryam Malik,EE,2.42,22
8882,Usman Malik,EE,3.85,25
9541,Omar Mughal,CE,3.28,22
6830,Noor Chaudhry,ME,3.2,24
6431,Zainab Sheikh,CS,3.02,26
2205,Yahya Mughal,CS,3.39,19
1631,Noor Chaudhry,ME,3.52,25
1440,Tariq Raza,CS,3.43,26
6422,Maryam Malik,CS,2.04,23
1862,Omar Qureshi,CS,3.97,26
2912,Sara Mughal,Chemistry,3.37,23
4552,Sara Mughal,CS,3.25,26
1808,Ahmed Mughal,CS,3.12,20
988,Fatima Abbasi,Physics,3.14,21
1646,Kamran Raza,Math,3.8,19
1603,Hina Abbasi,Physics,2.59,23
264,Kamran Malik,CS,2.03,20
7054,Yahya Malik,ME,2.51,18
4984,Maryam Ansari,Physics,3.57,22
3176,Zainab Ahmed,Math,2.77,25
7514,Sara Ahmed,CE,3.57,21
6288,Tariq Sheikh,Chemistry,3.5,18
5606,Bilal Mughal,Chemistry,2.42,23
9118,Usman Ansari,Chemistry,3.42,20
6196,Maryam Ahmed,Chemistry,3.48,18
1880,Tariq Sheikh,Physics,3.05,20
7634,Noor Abbasi,Math,3.75,22
8158,Hassan Syed,Math,2.94,23
8687,Hassan Abbasi,ME,3.3,25
3014,Kamran Qureshi,BBA,2.28,18
1696,Sara Raza,Chemistry,2.38,19
254,Kamran Abbasi,Chemistry,4.0,26
7310,Sara Syed,BBA,3.72,25
712,Noor Malik,EE,3.98,24
9504,Bilal Chaudhry,CS,3.42,20
5345,Kamran Malik,Physics,2.09,22
8859,Tariq Chaudhry,Math,3.83,18
1789,Usman Ahmed,Math,3.82,18
4803,Kamran Ahmed,BBA,2.77,18
5109,Ahmed Ansari,Math,2.72,22
3651,Bilal Butt,Physics,2.93,22
7856,Sara Butt,Chemistry,3.53,19
5000,Ayesha Khan,CE,2.01,20
5495,Noor Chaudhry,ME,2.53,24
2581,Usman Chaudhry,CS,3.0,19
2881,Bilal Ahmed,ME,3.09,24
1427,Ayesha Chaudhry,Math,2.18,22
3017,Tariq Ansari,Math,3.0,26
4255,Usman Syed,CS,3.09,26
5465,Kamran Raza,EE,2.72,21
2245,Sara Butt,ME,2.61,26
3113,Bilal Malik,Chemistry,2.28,19
792,Bilal Chaudhry,Math,3.35,19
9011,Kamran Chaudhry,Math,3.06,20
8612,Hina Sheikh,Chemistry,3.63,19
2002,Ayesha Ahmed,Math,3.63,21
6997,Maryam Ansari,BBA,3.72,23
8590,Yahya Malik,EE,2.17,26
5789,Omar Abbasi,BBA,2.57,25
8340,Yahya Sheikh,CS,2.98,19
4495,Bilal Ahmed,BBA,2.78,19
4594,Ahmed Syed,EE,2.53,24
7747,Ayesha Ahmed,Math,3.07,20
665,Sara Ansari,CE,2.2,18
6555,Usman Khan,CE,3.76,25
5032,Omar Ansari,Chemistry,2.14,26
2979,Sara Qureshi,Math,3.76,26
726,Ahmed Malik,ME,2.8,22
709,Hassan Khan,Chemistry,3.78,26
6362,Maryam Ahmed,BBA,2.49,21
9510,Maryam Khan,Math,2.96,19
5413,Hassan Malik,Chemistry,3.8,26
1422,Noor Ahmed,ME,3.15,21
9131,Sara Butt,CE,2.01,20
1088,Omar Ahmed,Physics,3.27,18
1828,Omar Chaudhry,Math,3.33,18
156,Kamran Mughal,EE,3.27,19
9423,Ahmed Ahmed,BBA,3.83,21
2104,Yahya Malik,Chemistry,2.81,23
4988,Sara Qureshi,Chemistry,2.49,23
5004,Fatima Chaudhry,BBA,3.68,20
2658,Noor Malik,EE,3.87,18
1026,Omar Chaudhry,Physics,2.99,23
885,Ayesha Sheikh,CE,3.05,21
434,Yahya Sheikh,Chemistry,2.84,20
8287,Omar Sheikh,EE,2.28,26
5837,Zainab Malik,ME,3.73,26
3082,Bilal Qureshi,Math,2.39,21
6047,Kamran Ansari,Physics,2.93,25
7613,Ahmed Abbasi,Physics,3.41,20
4801,Zainab Ansari,CE,2.37,22
9579,Kamran Malik,BBA,2.58,25
2063,Hassan Ahmed,Chemistry,2.1,20
3536,Ahmed Qureshi,Physics,3.03,24
4738,Hina Abbasi,Physics,3.66,21
9284,Noor Raza,Chemistry,2.36,18
6157,Sara Malik,BBA,2.48,25
6040,Hassan Ansari,Math,2.03,18
3577,Maryam Qureshi,CS,2.99,26
8987,Hina Malik,Chemistry,2.03,18
354,Kamran Qureshi,BBA,3.28,26
8915,Hassan Ahmed,CS,3.62,21
6967,Kamran Ansari,Chemistry,3.26,26
1416,Ahmed Malik,CS,3.69,25
1204,Zainab Chaudhry,CE,2.28,25
1963,Sara Butt,Math,3.11,24
8407,Maryam Abbasi,Physics,3.85,25
8201,Ahmed Mughal,CE,2.93,20
9516,Sara Malik,EE,3.78,22
3288,Usman Butt,Math,3.59,20
9746,Fatima Butt,Chemistry,2.07,19
4094,Zainab Ansari,Math,3.8,25
6839,Tariq Ahmed,Physics,2.96,24
2125,Bilal Ahmed,Chemistry,2.95,18
3696,Fatima Mughal,BBA,2.84,26
5243,Hassan Abbasi,EE,3.97,18
8474,Zainab Butt,Chemistry,2.03,24
3480,Ayesha Ahmed,BBA,2.83,26
7156,Fatima Chaudhry,EE,3.94,26
9160,Tariq Butt,Physics,2.07,26
4884,Yahya Mughal,ME,2.42,22
1940,Noor Mughal,CE,2.94,26
6493,Ayesha Sheikh,EE,2.6,23
9033,Usman Ansari,EE,3.0,25
199,Kamran Ahmed,Physics,3.29,23
2203,Maryam Butt,CS,2.45,26
1236,Kamran Qureshi,BBA,2.56,25
3606,Maryam Ansari,ME,3.46,19
6498,Hassan Ahmed,CE,2.47,20
9244,Tariq Sheikh,EE,2.1,22
2698,Omar Qureshi,ME,2.29,20
2280,Maryam Chaudhry,Physics,3.52,18
4073,Ahmed Ansari,EE,3.86,26
7406,Noor Mughal,ME,2.39,23
7653,Zainab Butt,Chemistry,2.48,18
8494,Hassan Butt,ME,2.85,26
6805,Tariq Ahmed,CS,2.82,25
6235,Fatima Qureshi,ME,2.25,23
1956,Ahmed Abbasi,CS,3.92,25
1714,Zainab Abbasi,CS,2.09,24
3263,Yahya Chaudhry,Math,2.72,20
3006,Zainab Ahmed,CS,2.73,22
4661,Fatima Ahmed,ME,3.8,22
9867,Fatima Khan,ME,3.1,21
5014,Sara Chaudhry,EE,2.96,19
5820,Hina Raza,Physics,3.52,24
1974,Ayesha Sheikh,BBA,2.08,19
844,Ayesha Ahmed,EE,3.76,19
4874,Usman Chaudhry,CE,3.99,22
3300,Omar Raza,ME,3.47,18
9394,Yahya Chaudhry,BBA,2.72,24
5929,Hassan Malik,CS,2.14,18
515,Yahya Khan,Math,2.81,18
6844,Bilal Sheikh,Math,3.28,24
3252,Maryam Butt,EE,2.97,20
7237,Kamran Butt,CE,3.01,21
3826,Ahmed Malik,EE,3.54,19
416,Usman Mughal,Physics,3.27,23
8412,Hina Malik,CS,3.93,23
8450,Sara Mughal,CE,2.26,18
7539,Kamran Ahmed,Math,3.27,25
437,Hina Ahmed,Math,3.5,25
2479,Zainab Ansari,Math,2.92,19
6548,Hassan Raza,BBA,2.31,20
9040,Hassan Ansari,Chemistry,3.94,25
2128,Bilal Chaudhry,Math,3.5,26
3958,Tariq Chaudhry,EE,2.48,25
9963,Bilal Ansari,CE,2.93,25
275,Omar Khan,BBA,2.34,19
6101,Noor Qureshi,CS,2.61,21
7440,Bilal Qureshi,CE,2.4,25
8942,Maryam Ansari,Physics,3.75,18
7111,Noor Butt,Math,3.27,23
9626,Hina Malik,Math,2.8,25
490,Yahya Syed,CS,2.58,21
5783,Noor Ahmed,Physics,3.45,19
1814,Fatima Ansari,ME,3.36,23
1312,Ahmed Ansari,Physics,2.1,19
6059,Yahya Mughal,CS,3.36,20
3659,Yahya Qureshi,Chemistry,3.01,18
2893,Fatima Malik,EE,3.68,19
6981,Kamran Ansari,Chemistry,3.25,19
711,Fatima Qureshi,EE,3.32,22
2887,Fatima Khan,CS,3.48,26
2625,Tariq Qureshi,CE,3.03,21
7300,Tariq Qureshi,CS,3.03,22
1581,Noor Sheikh,BBA,2.94,23
643,Ahmed Raza,EE,3.77,18
7314,Tariq Qureshi,ME,2.15,25
8148,Sara Qureshi,CE,3.0,20
7610,Sara Butt,BBA,3.51,24
4434,Hassan Qureshi,CE,3.83,26
3792,Ahmed Ansari,CE,2.07,23
351,Fatima Qureshi,EE,2.93,23
259,Sara Malik,CE,2.18,25
3279,Hina Chaudhry,Physics,2.49,25
8031,Omar Raza,CE,3.57,25
5454,Maryam Ahmed,CE,2.94,23
6949,Tariq Syed,CS,2.39,18
9692,Usman Chaudhry,EE,3.51,26
5311,Ahmed Raza,CE,2.07,20
260,Zainab Qureshi,ME,3.15,25
8617,Tariq Chaudhry,EE,2.09,25
617,Ayesha Chaudhry,BBA,3.67,18
5883,Tariq Sheikh,CE,3.57,25
245,Usman Ansari,Chemistry,2.25,22
9088,Yahya Qureshi,ME,2.3,19
8112,Noor Malik,EE,2.56,21
2865,Hassan Butt,EE,3.07,19
9665,Fatima Raza,Math,2.08,20
9032,Yahya Malik,Chemistry,3.6,26
7954,Tariq Syed,Math,2.79,22
8197,Hassan Butt,Physics,3.72,25
8444,Usman Butt,CE,2.5,23
2264,Hina Khan,ME,3.11,23
8787,Hina Butt,EE,3.93,20
5139,Bilal Khan,CS,3.15,19
7912,Noor Mughal,BBA,2.25,19
1146,Noor Ahmed,Physics,2.51,26
2713,Noor Malik,Math,3.74,22
6373,Hina Malik,EE,3.39,18
8440,Omar Malik,Math,3.13,22
5617,Maryam Mughal,CE,2.77,26
8587,Noor Ansari,EE,3.88,22
3029,Sara Ansari,ME,3.2,18
7644,Noor Chaudhry,BBA,2.45,25
4070,Usman Ahmed,BBA,2.5,21
6460,Zainab Chaudhry,CS,3.28,23
6814,Fatima Malik,BBA,3.37,18
4466,Bilal Ansari,ME,3.97,22
1793,Yahya Khan,BBA,3.58,24
3237,Zainab Abbasi,Math,3.42,21
5425,Zainab Mughal,Math,3.2,24
5219,Hina Sheikh,BBA,3.9,21
2557,Ayesha Syed,Math,3.94,19
4492,Omar Butt,EE,3.23,26
9296,Noor Ahmed,CS,3.01,25
7385,Yahya Qureshi,ME,3.17,19
8055,Zainab Ansari,EE,2.26,18
1034,Noor Malik,Physics,2.15,19
8570,Zainab Mughal,Math,3.11,22
5334,Noor Ahmed,ME,2.41,25
1572,Fatima Qureshi,CE,2.85,23
5851,Noor Sheikh,CE,3.49,18
9185,Sara Ahmed,Physics,2.91,21
3178,Zainab Qureshi,CS,2.08,21
6161,Tariq Ansari,Physics,3.39,23
6681,Fatima Butt,ME,2.81,23
9259,Kamran Butt,CE,2.96,26
1235,Ahmed Mughal,Chemistry,2.08,19
3440,Noor Abbasi,Math,2.71,25
969,Noor Mughal,Physics,3.52,26
9084,Omar Qureshi,ME,3.68,25
685,Bilal Butt,Chemistry,2.88,25
392,Zainab Qureshi,CS,2.23,23
9890,Fatima Sheikh,Chemistry,3.78,25
157,Zainab Butt,Math,2.74,26
8431,Bilal Ansari,EE,3.43,20
6884,Usman Syed,Math,2.3,18
4019,Kamran Mughal,EE,3.26,18
7908,Ahmed Ahmed,CE,2.04,21
9128,Noor Abbasi,BBA,3.86,20
2062,Kamran Syed,EE,3.82,25
6916,Sara Abbasi,Chemistry,2.46,18
6608,Fatima Malik,Chemistry,2.46,24
5819,Omar Syed,BBA,2.03,24
767,Bilal Chaudhry,BBA,2.26,20
567,Sara Abbasi,Math,2.96,22
9389,Yahya Abbasi,Math,2.43,24
8711,Usman Mughal,CS,2.26,20
8936,Omar Syed,Math,2.62,18
5028,Hina Ansari,CS,2.87,26
3265,Usman Ahmed,Math,2.32,20
5826,Zainab Khan,Physics,3.78,21
4564,Maryam Mughal,Math,2.9,25
6210,Tariq Qureshi,ME,2.42,23
8101,Ahmed Malik,ME,3.73,22
8503,Bilal Khan,CS,3.57,26
2051,Hina Khan,Chemistry,3.28,21
9732,Yahya Syed,Math,3.88,24
1894,Sara Syed,CS,3.94,22
1551,Bilal Malik,EE,2.05,26
6226,Hina Chaudhry,EE,3.22,21
6539,Hina Butt,Chemistry,2.28,23
884,Ayesha Chaudhry,Physics,2.9,21
4253,Ayesha Ansari,EE,2.22,19
440,Usman Abbasi,CE,2.07,18
5490,Hassan Raza,Physics,2.41,19
6624,Bilal Raza,ME,3.26,21
3379,Hina Ahmed,EE,2.15,22
7941,Sara Chaudhry,CE,2.06,20
7659,Yahya Abbasi,CS,3.33,24
7512,Bilal Qureshi,Math,2.74,19
2706,Maryam Abbasi,CE,3.71,21
8156,Usman Qureshi,CE,2.56,18
4925,Fatima Ahmed,CS,3.59,19
160,Omar Mughal,ME,3.43,25
3120,Usman Abbasi,Physics,2.57,25
3141,Hina Raza,ME,3.5,24
5362,Zainab Syed,ME,3.37,22
3106,Bilal Chaudhry,EE,3.47,18
840,Omar Chaudhry,CE,2.11,26
1004,Zainab Qureshi,CS,2.99,22
5624,Yahya Ansari,Math,3.72,23
9497,Hina Abbasi,Chemistry,3.32,19
7921,Yahya Ansari,BBA,3.21,18
5630,Bilal Khan,BBA,2.81,25
2519,Omar Butt,Math,2.82,24
4542,Fatima Malik,EE,3.07,26
2463,Ayesha Qureshi,Physics,3.65,22
1329,Tariq Malik,BBA,3.5,22
9173,Omar Raza,ME,3.04,21
7781,Omar Syed,Math,2.71,23
9167,Sara Raza,ME,2.07,18
1725,Hina Qureshi,Math,2.23,18
7275,Noor Sheikh,EE,3.82,24
4915,Omar Malik,Math,3.81,26
4288,Omar Syed,BBA,2.11,24
7289,Ahmed Malik,Math,2.03,23
3442,Fatima Khan,ME,2.54,21
4952,Ahmed Chaudhry,Math,2.34,25
5659,Noor Abbasi,BBA,2.02,21
9468,Zainab Qureshi,CE,3.23,20
1944,Usman Butt,CS,3.46,18
6996,Fatima Syed,BBA,3.65,19
5171,Maryam Syed,ME,2.4,21
3363,Maryam Mughal,Physics,3.01,22
4586,Usman Raza,CE,2.78,24
3955,Ayesha Malik,Chemistry,3.3,19
5027,Sara Khan,BBA,3.72,26
4332,Hassan Mughal,Chemistry,3.57,19
5455,Yahya Mughal,Physics,2.47,20
4929,Kamran Chaudhry,BBA,3.69,21
7355,Bilal Raza,CE,2.75,18
3429,Tariq Sheikh,CS,2.65,18
4787,Maryam Butt,BBA,2.22,24
504,Kamran Sheikh,CE,2.53,21
1873,Sara Chaudhry,ME,3.86,21
6459,Ahmed Chaudhry,Chemistry,3.37,18
8406,Hina Ahmed,EE,3.75,23
2628,Yahya Raza,ME,3.85,23
8557,Hassan Ansari,EE,3.32,20
8372,Ahmed Malik,ME,3.42,20
1596,Zainab Ansari,BBA,3.8,18
9413,Ayesha Raza,BBA,2.12,21
1734,Hina Ansari,Math,2.62,19
8072,Tariq Qureshi,ME,2.84,22
2541,Kamran Sheikh,CS,3.17,18
1504,Ayesha Chaudhry,Physics,3.18,23
1673,Maryam Ansari,CS,3.12,22
6307,Yahya Mughal,BBA,3.86,21
3239,Tariq Syed,Physics,3.07,24
2968,Hina Raza,BBA,2.49,26
9807,Hassan Mughal,CE,2.64,22
9744,Fatima Ansari,Physics,2.16,26
3515,Kamran Chaudhry,CE,2.41,22
9586,Tariq Khan,Chemistry,2.42,25
6336,Zainab Chaudhry,Physics,2.51,26
7283,Tariq Ansari,BBA,2.69,25
3131,Tariq Butt,CS,3.45,18
7194,Noor Sheikh,BBA,2.19,25
9842,Maryam Ahmed,ME,2.63,22
4271,Ahmed Ansari,CE,2.05,23
645,Yahya Sheikh,EE,3.93,21
8447,Sara Butt,CS,3.1,26
6966,Ahmed Raza,CE,2.79,20
5876,Usman Ahmed,BBA,3.54,22
9316,Noor Ahmed,Physics,3.47,21
9374,Usman Ahmed,Physics,3.33,19
6717,Yahya Mughal,Physics,2.8,18
2777,Ayesha Ahmed,Physics,2.6,22
1473,Ahmed Ansari,Physics,3.91,19
6003,Noor Qureshi,CS,3.04,21
2394,Ayesha Chaudhry,Math,2.24,26
2096,Fatima Sheikh,EE,3.08,25
6213,Kamran Syed,BBA,3.0,26
1291,Yahya Raza,BBA,3.99,19
1761,Ayesha Mughal,CE,2.71,21
6743,Yahya Khan,CS,2.98,22
7817,Hassan Qureshi,Chemistry,3.31,20
8978,Usman Khan,EE,3.92,18
1587,Hina Malik,BBA,2.79,23
7277,Yahya Sheikh,CE,2.25,26
2938,Omar Abbasi,Physics,3.92,20
9852,Usman Mughal,Chemistry,3.58,26
8373,Ahmed Syed,Physics,3.76,21
8058,Zainab Ansari,CE,3.81,24
9635,Bilal Ansari,Math,3.98,24
1548,Hina Sheikh,Physics,2.92,21
6815,Fatima Sheikh,Physics,2.5,22
3597,Omar Ahmed,Physics,3.69,26
191,Bilal Ansari,BBA,3.87,19
7302,Noor Butt,Physics,3.24,22
6347,Bilal Malik,EE,3.19,20
6898,Sara Abbasi,Chemistry,3.92,25
578,Fatima Ahmed,BBA,2.63,18
2631,Omar Butt,CS,3.27,22
8869,Usman Khan,CE,2.97,22
1415,Bilal Mughal,BBA,2.9,22
4578,Hina Butt,CE,2.69,22
9162,Maryam Mughal,Math,3.54,23
9693,Bilal Sheikh,CE,2.76,18
593,Hassan Ansari,CS,3.42,20
7375,Usman Qureshi,BBA,3.92,20
5498,Sara Khan,CS,2.45,26
8533,Ayesha Raza,EE,2.24,21
1230,Hassan Chaudhry,EE,2.17,24
9170,Hassan Raza,BBA,2.82,26
8338,Omar Abbasi,BBA,3.56,24
983,Omar Ahmed,EE,2.8,21
7010,Omar Sheikh,ME,2.76,26
9498,Tariq Sheikh,Chemistry,2.49,23
5148,Sara Abbasi,Chemistry,2.58,24
3811,Tariq Butt,ME,2.17,22
1262,Omar Chaudhry,Chemistry,3.98,26
6037,Kamran Butt,Chemistry,3.29,22
4389,Ayesha Khan,Physics,3.69,20
7834,Omar Abbasi,EE,2.05,20
1112,Sara Mughal,Math,3.0,24
6396,Fatima Raza,Math,2.48,21
9593,Kamran Qureshi,Math,2.1,23
3095,Zainab Qureshi,ME,3.85,25
6941,Zainab Ansari,EE,2.95,25
6920,Kamran Qureshi,Physics,3.16,23
4603,Kamran Butt,BBA,3.33,24
664,Hina Sheikh,ME,2.46,24
758,Yahya Butt,CE,3.03,19
298,Zainab Butt,ME,2.96,18
2355,Omar Mughal,CE,3.32,18
3035,Usman Butt,CS,3.2,24
697,Sara Ansari,ME,2.77,18
5211,Fatima Butt,Chemistry,3.49,24
2290,Sara Ansari,BBA,3.86,23
3408,Tariq Qureshi,Physics,2.06,20
4538,Hassan Abbasi,BBA,2.24,23
3383,Hina Abbasi,BBA,3.99,22
6818,Noor Raza,ME,2.5,20
6652,Tariq Qureshi,ME,2.91,19
845,Hina Malik,CS,2.45,20
2928,Ahmed Butt,CS,2.4,26
5507,Tariq Syed,ME,2.32,20
5839,Maryam Mughal,Chemistry,3.08,23
8739,Omar Raza,EE,2.7,19
1339,Yahya Butt,ME,3.07,26
8141,Sara Raza,EE,2.88,22
2846,Hassan Syed,EE,2.5,21
9124,Maryam Chaudhry,BBA,3.48,23
8901,Ayesha Ahmed,Math,3.44,25
8551,Sara Mughal,Math,3.46,25
9295,Noor Qureshi,Physics,2.4,21
3895,Sara Khan,EE,3.29,24
2385,Hina Abbasi,CE,2.86,25
3678,Bilal Abbasi,Math,2.15,19
2939,Ahmed Mughal,Math,2.23,24
9588,Zainab Syed,ME,2.14,26
411,Tariq Khan,ME,3.51,23
4234,Kamran Malik,ME,3.79,24
7486,Kamran Qureshi,ME,2.44,25
4517,Zainab Chaudhry,Math,3.17,21
2536,Tariq Qureshi,Physics,2.95,25
651,Fatima Ansari,Math,3.93,23
4427,Ayesha Sheikh,Physics,3.85,19
4074,Noor Qureshi,Math,2.99,26
8573,Ahmed Butt,CE,3.57,22
501,Ahmed Chaudhry,EE,3.81,24
7646,Omar Raza,Math,3.21,22
9870,Yahya Sheikh,Chemistry,2.4,23
4171,Hina Butt,EE,2.91,25
8277,Fatima Raza,BBA,2.05,25
316,Usman Butt,Physics,2.14,22
3116,Fatima Ansari,CE,3.08,26
7626,Bilal Qureshi,EE,3.0,19
4145,Maryam Syed,Math,2.41,21
8214,Hassan Mughal,EE,3.62,24
4805,Fatima Abbasi,Physics,2.53,26
7713,Hassan Ahmed,Math,3.29,25
9823,Tariq Abbasi,EE,3.98,26
8438,Maryam Raza,EE,3.23,23
7720,Bilal Raza,EE,3.45,21
4131,Hassan Sheikh,Physics,3.99,19
1134,Hassan Abbasi,ME,2.56,22
3968,Noor Sheikh,BBA,2.98,18
7522,Ayesha Ansari,Math,3.33,19
5291,Yahya Qureshi,Chemistry,2.19,19
3729,Sara Ahmed,Chemistry,2.41,25
6620,Usman Mughal,BBA,2.8,21
7093,Yahya Khan,EE,3.42,26
7130,Kamran Abbasi,Physics,3.18,23
278,Tariq Mughal,Chemistry,2.98,24
317,Yahya Ahmed,Math,3.69,24
1016,Yahya Butt,BBA,3.86,24
8863,Hina Sheikh,CE,2.44,25
9255,Usman Chaudhry,CE,3.22,22
7110,Sara Chaudhry,ME,3.49,19
8782,Yahya Abbasi,CE,3.51,19
3257,Fatima Abbasi,EE,3.96,23
5529,Omar Chaudhry,ME,3.69,18
2803,Fatima Malik,Math,2.59,22
5908,Ahmed Abbasi,CE,2.92,19
1785,Yahya Syed,Math,3.56,25
2576,Noor Ahmed,Chemistry,2.31,20
9745,Zainab Ahmed,CE,3.64,20
953,Usman Butt,Chemistry,2.53,23
7979,Zainab Syed,ME,3.19,26
482,Sara Butt,EE,2.26,23
3320,Usman Malik,CS,2.02,21
6723,Ayesha Chaudhry,CE,3.02,19
1350,Zainab Chaudhry,Physics,3.51,26
9950,Kamran Malik,BBA,2.84,18
3952,Omar Butt,CE,3.82,21
8379,Maryam Sheikh,Math,2.66,24
673,Tariq Chaudhry,BBA,2.14,19
8762,Yahya Khan,CE,3.0,24
5103,Yahya Ahmed,ME,3.6,26
918,Yahya Abbasi,CS,2.71,18
2200,Zainab Ansari,CS,3.56,18
3746,Kamran Abbasi,CE,2.86,23
9010,Sara Abbasi,BBA,3.6,23
7675,Kamran Sheikh,CS,2.11,21
6847,Usman Chaudhry,CE,2.22,20
7693,Ayesha Raza,Chemistry,2.82,18
4923,Bilal Syed,CS,3.05,21
8107,Hina Chaudhry,Math,3.09,21
2345,Noor Ahmed,Math,2.72,18
3867,Noor Malik,Chemistry,2.56,24
6244,Ayesha Ansari,BBA,3.25,24
2084,Usman Ansari,Chemistry,3.87,22
2153,Noor Abbasi,Math,2.27,23
1997,Kamran Butt,ME,2.29,20
8926,Zainab Ansari,EE,3.02,20
9319,Hina Malik,CE,3.16,21
2248,Noor Abbasi,CE,2.13,24
1709,Noor Khan,BBA,3.15,25
6296,Kamran Butt,Math,2.93,23
210,Sara Mughal,ME,3.71,22
5228,Tariq Abbasi,EE,2.81,18
9898,Zainab Raza,CE,3.48,20
1095,Zainab Sheikh,EE,2.86,22
7182,Bilal Raza,CS,2.77,23
8696,Omar Sheikh,ME,3.99,26
4100,Sara Butt,Math,3.2,19
1213,Maryam Ahmed,ME,2.72,23
2386,Ahmed Ahmed,Math,3.67,22
6384,Ahmed Butt,CS,3.1,19
9409,Ahmed Raza,CE,3.53,22
6937,Sara Qureshi,Math,2.2,22
8238,Noor Abbasi,Physics,2.54,19
5241,Omar Ansari,CE,2.51,24
8701,Omar Ansari,Math,2.69,18
7776,Tariq Butt,EE,3.64,18
2875,Bilal Syed,Math,2.88,24
8534,Maryam Syed,ME,2.36,22
2476,Fatima Sheikh,ME,3.57,25
9871,Ayesha Chaudhry,BBA,2.12,20
8833,Maryam Khan,Math,2.86,19
4971,Sara Malik,Chemistry,3.09,21
649,Tariq Mughal,BBA,3.37,18
8897,Ahmed Raza,ME,3.57,21
4719,Kamran Sheikh,BBA,2.8,25
8790,Yahya Butt,BBA,3.59,25
5933,Maryam Khan,EE,3.7,24
2830,Fatima Syed,Math,3.05,22
4876,Sara Ansari,Math,2.4,18
2491,Bilal Malik,Chemistry,3.0,25
7980,Fatima Ansari,CE,3.76,19
5806,Fatima Mughal,CS,2.14,21
4215,Kamran Qureshi,ME,3.51,26
80,Zainab Malik,Physics,2.61,20
5050,Usman Ansari,Math,3.68,20
6703,Fatima Malik,BBA,3.01,21
3437,Bilal Chaudhry,Math,3.64,23
627,Hina Butt,CE,3.71,18
679,Omar Raza,ME,2.04,19
8343,Tariq Sheikh,CS,2.97,19
8053,Fatima Ahmed,CS,3.36,19
8857,Omar Raza,ME,2.34,23
5557,Fatima Butt,Math,2.95,19
1077,Fatima Qureshi,CE,3.2,21
7460,Sara Ahmed,CS,2.0,19
7669,Tariq Qureshi,CE,3.01,19
9726,Usman Malik,BBA,2.65,20
5084,Hassan Ansari,Physics,3.14,18
611,Tariq Sheikh,Chemistry,2.85,26
2352,Zainab Chaudhry,Math,3.28,20
9985,Tariq Butt,CE,3.91,21
5792,Hassan Ahmed,Physics,2.94,25
2826,Fatima Sheikh,Chemistry,3.23,23
7987,Sara Mughal,CS,3.26,24
1458,Yahya Khan,BBA,2.85,24
5723,Ahmed Chaudhry,ME,2.66,25
1642,Noor Ansari,CE,3.03,21
4325,Ayesha Ahmed,ME,2.77,25
6722,Usman Butt,BBA,3.08,20
731,Hassan Syed,CS,2.77,24
3329,Hina Ansari,BBA,3.36,20
5859,Fatima Ansari,EE,2.77,21
1802,Bilal Chaudhry,BBA,2.98,18
6012,Bilal Raza,ME,2.04,26
9686,Bilal Raza,Chemistry,3.9,21
7881,Fatima Khan,BBA,2.35,26
82,Tariq Sheikh,CE,2.3,18
7391,Zainab Qureshi,CE,2.27,20
6269,Usman Ansari,CS,3.74,24
9424,Usman Chaudhry,Physics,3.99,25
8102,Usman Sheikh,Math,3.56,19
5902,Zainab Malik,CE,2.87,24
7922,Sara Mughal,CS,2.3,21
2093,Maryam Butt,Math,2.86,18
424,Tariq Khan,Chemistry,3.57,18
6257,Ahmed Abbasi,ME,2.76,24
4629,Ahmed Qureshi,Math,2.03,22
4568,Kamran Raza,ME,3.7,21
3743,Zainab Mughal,Chemistry,2.75,19
1168,Tariq Mughal,CS,3.91,21
3833,Usman Butt,EE,3.22,19
2650,Hina Ahmed,Physics,3.46,26
9774,Sara Abbasi,BBA,3.27,20
8578,Bilal Chaudhry,ME,3.39,25
2765,Omar Khan,Chemistry,2.27,21
8960,Yahya Abbasi,BBA,2.41,22
9909,Yahya Abbasi,Chemistry,2.19,26
6132,Kamran Ahmed,CS,2.32,24
8144,Noor Ahmed,CE,3.16,19
433,Noor Ahmed,BBA,3.52,26
9610,Sara Raza,Chemistry,3.14,23
8673,Tariq Mughal,CS,3.23,26
7094,Usman Syed,ME,2.54,26
8350,Noor Ansari,ME,3.4,21
6915,Fatima Mughal,Physics,2.87,25
7734,Omar Qureshi,EE,3.88,21
606,Yahya Chaudhry,EE,3.04,25
2884,Tariq Qureshi,ME,3.14,25
3965,Zainab Sheikh,EE,2.78,20
5757,Bilal Sheikh,EE,3.43,23
7558,Hina Syed,ME,2.41,26
7072,Noor Butt,Math,3.45,20
5343,Noor Raza,ME,3.96,22
7573,Sara Malik,BBA,2.03,23
4746,Omar Mughal,ME,3.97,23
9561,Kamran Butt,Math,3.73,21
3003,Yahya Ansari,Physics,3.29,23
8518,Fatima Syed,EE,2.44,20
5,Ahmed Abbasi,Chemistry,2.01,24
1067,Hina Chaudhry,ME,2.24,20
787,Ahmed Butt,Math,3.78,24
1090,Zainab Syed,CS,3.39,26
4226,Ahmed Malik,CS,2.35,26
829,Yahya Ansari,Physics,3.1,19
9568,Omar Syed,Physics,3.92,20
6828,Zainab Malik,ME,3.24,20
6556,Zainab Khan,CE,2.41,22
1351,Kamran Khan,Math,2.75,22
9091,Tariq Ansari,ME,3.92,24
6840,Maryam Syed,EE,3.58,26
1803,Hina Sheikh,ME,3.47,25
2527,Maryam Mughal,BBA,2.01,24
6176,Usman Chaudhry,Math,2.42,24
4659,Fatima Ahmed,CE,3.31,20
3627,Usman Ansari,CS,3.57,22
8789,Bilal Ansari,ME,3.98,21
6948,Maryam Malik,BBA,3.9,19
9235,Sara Abbasi,Math,3.51,18
524,Noor Sheikh,Math,2.64,22
8178,Hina Chaudhry,CE,2.6,19
1850,Sara Ansari,CE,2.54,19
9030,Yahya Sheikh,ME,3.46,20
6030,Ayesha Syed,Chemistry,2.08,19
2535,Omar Mughal,Physics,2.47,20
8479,Maryam Butt,Chemistry,2.23,25
7717,Kamran Mughal,Math,3.65,20
8081,Usman Sheikh,Chemistry,2.78,18
3647,Ayesha Abbasi,CS,2.92,18
8895,Maryam Mughal,EE,3.72,19
2789,Tariq Ansari,Math,2.22,20
8051,Hassan Khan,BBA,3.82,24
2867,Hina Chaudhry,Math,3.7,18
2755,Fatima Qureshi,CE,3.13,21
9970,Fatima Ahmed,Chemistry,2.42,19
6140,Sara Mughal,Math,2.37,19
3012,Tariq Mughal,EE,2.94,26
2368,Bilal Ansari,CE,3.66,20
809,Yahya Mughal,Chemistry,2.06,24
5096,Fatima Abbasi,ME,2.4,18
1949,Yahya Butt,Math,2.31,22
6246,Sara Chaudhry,CE,2.14,24
1823,Noor Syed,Chemistry,2.43,25
8827,Kamran Malik,Chemistry,2.64,21
7760,Maryam Ansari,Chemistry,2.5,24
6842,Zainab Chaudhry,EE,2.85,20
1150,Hina Butt,Physics,2.25,18
5445,Yahya Mughal,Chemistry,3.86,22
899,Yahya Ansari,Math,2.2,21
650,Sara Ahmed,BBA,3.61,24
6508,Hassan Qureshi,CS,2.01,26
4972,Hassan Qureshi,BBA,2.67,18
6735,Yahya Syed,CE,2.06,20
4872,Fatima Chaudhry,EE,3.15,24
7791,Tariq Malik,Chemistry,3.3,20
9462,Fatima Syed,ME,3.2,21
6850,Yahya Ansari,Chemistry,3.76,22
998,Kamran Raza,ME,3.25,25
3151,Yahya Raza,CS,3.13,23
3520,Hassan Sheikh,BBA,2.86,23
618,Sara Ahmed,CS,2.73,19
5074,Ayesha Mughal,CE,2.41,24
7070,Omar Sheikh,EE,3.84,26
3280,Noor Sheikh,Chemistry,2.67,22
6554,Ayesha Chaudhry,Math,3.66,24
3259,Yahya Malik,CE,3.75,22
9668,Noor Sheikh,Math,2.68,25
2421,Tariq Butt,Physics,2.34,25
1193,Hina Mughal,CE,3.12,18
5562,Kamran Mughal,ME,3.9,19
7952,Sara Raza,Physics,3.73,24
4541,Hassan Malik,ME,2.22,21
7216,Sara Malik,BBA,3.55,26
3051,Zainab Abbasi,ME,3.39,19
4484,Sara Chaudhry,CE,2.3,24
2425,Noor Ansari,CS,2.79,24
4213,Ayesha Mughal,Physics,3.31,18
4396,Ahmed Qureshi,ME,3.16,26
3864,Tariq Chaudhry,CS,2.15,20
682,Yahya Syed,CS,3.1,19
4354,Tariq Butt,ME,3.91,19
5333,Zainab Malik,BBA,3.76,22
1601,Maryam Ahmed,Math,2.15,22
5894,Kamran Sheikh,ME,3.36,21
786,Tariq Khan,EE,2.31,24
8010,Noor Malik,Chemistry,3.38,26
2410,Tariq Khan,EE,2.33,25
66,Ayesha Chaudhry,Chemistry,2.58,22
7027,Tariq Malik,ME,3.66,20
2310,Hassan Qureshi,CE,2.8,20
5657,Noor Khan,Math,2.7,26
4687,Ayesha Butt,CE,2.69,23
8472,Bilal Sheikh,CS,3.67,24
4167,Tariq Khan,CS,2.32,24
6836,Hina Sheikh,Math,3.35,24
7263,Hina Qureshi,Math,3.45,26
6896,Hina Malik,CE,2.46,22
361,Maryam Ahmed,BBA,2.5,20
3216,Yahya Abbasi,Chemistry,3.11,20
587,Maryam Ansari,ME,3.53,21
1640,Zainab Khan,CS,2.68,22
9064,Zainab Qureshi,ME,3.95,19
8629,Tariq Sheikh,CE,2.14,25
1893,Tariq Syed,BBA,2.27,20
1818,Fatima Khan,Math,3.13,20
3212,Fatima Syed,Math,3.25,23
2966,Zainab Syed,Physics,3.18,22
74,Fatima Malik,CE,3.54,22
1901,Hina Chaudhry,CS,3.02,22
1455,Ahmed Mughal,Physics,3.97,25
1353,Tariq Khan,CS,3.54,20
5351,Ayesha Butt,ME,2.95,21
2691,Noor Abbasi,Physics,3.39,26
1690,Kamran Qureshi,Physics,2.27,22
1635,Yahya Sheikh,ME,3.81,19
246,Hina Abbasi,Physics,3.15,25
9344,Hassan Sheikh,BBA,2.71,22
49,Hassan Abbasi,Chemistry,2.62,19
9690,Noor Mughal,CE,2.44,20
8953,Zainab Malik,Math,3.51,21
1954,Sara Abbasi,CE,3.28,24
6118,Ahmed Syed,CS,2.55,26
5777,Yahya Butt,Physics,2.41,26
7555,Kamran Butt,BBA,3.58,25
6973,Ahmed Syed,CE,3.01,20
1050,Yahya Raza,CE,3.07,21
3206,Yahya Raza,Chemistry,3.55,22
5336,Zainab Qureshi,Physics,2.09,18
5603,Zainab Butt,Physics,3.56,18
2270,Usman Butt,EE,3.66,22
9978,Ahmed Ahmed,ME,2.87,18
7909,Zainab Syed,ME,2.33,24
5887,Yahya Khan,Physics,2.43,18
9435,Sara Sheikh,CS,3.77,24
7006,Tariq Sheikh,Math,3.79,18
1744,Yahya Sheikh,Physics,2.82,18
9615,Noor Abbasi,Math,3.34,21
8686,Fatima Butt,Physics,3.4,19
2863,Zainab Malik,ME,3.56,24
1064,Hassan Mughal,EE,2.24,22
2636,Tariq Ahmed,CS,3.65,21
9375,Maryam Raza,BBA,2.04,26
7017,Maryam Sheikh,BBA,2.37,20
7587,Ayesha Syed,ME,2.6,23
7133,Zainab Sheikh,ME,3.68,21
7145,Yahya Sheikh,ME,3.23,24
4399,Ayesha Abbasi,CS,3.94,20
1752,Hassan Raza,EE,2.59,23
1243,Ahmed Ansari,ME,3.43,25
8319,Yahya Qureshi,Chemistry,2.11,23
1708,Hassan Khan,ME,2.46,21
9796,Fatima Khan,ME,2.67,25
7585,Ayesha Chaudhry,BBA,3.59,25
26,Omar Khan,Physics,3.48,24
9445,Maryam Abbasi,Chemistry,2.39,23
4528,Noor Butt,Physics,2.11,22
5798,Noor Raza,EE,2.7,25
9840,Kamran Sheikh,CS,3.47,25
9078,Maryam Chaudhry,CS,2.25,18
8191,Sara Sheikh,CE,2.42,19
9508,Ayesha Abbasi,CS,3.23,26
7895,Ahmed Malik,EE,3.6,18
2537,Sara Khan,Chemistry,3.33,24
696,Omar Butt,EE,3.49,23
206,Noor Qureshi,BBA,2.16,20
1600,Tariq Chaudhry,CS,2.98,23
8008,Omar Ansari,BBA,3.29,18
6467,Sara Chaudhry,EE,2.76,23
901,Noor Khan,BBA,3.82,18
3347,Usman Syed,EE,2.82,18
1781,Omar Syed,Physics,2.39,26
2043,Sara Qureshi,Chemistry,2.48,24
7755,Yahya Raza,BBA,3.51,24
4384,Sara Ansari,CE,3.55,19
889,Ahmed Chaudhry,CS,3.14,22
2042,Ayesha Chaudhry,Physics,2.81,21
3211,Usman Abbasi,CE,3.0,18
9862,Bilal Khan,EE,3.41,26
7240,Hina Syed,EE,2.1,24
5539,Yahya Khan,CE,2.85,18
7657,Kamran Butt,Chemistry,2.64,20
318,Ahmed Qureshi,CE,3.73,25
8591,Fatima Raza,CE,2.08,22
4800,Bilal Qureshi,BBA,3.14,23
2183,Kamran Raza,EE,3.34,22
9789,Ahmed Malik,Chemistry,3.32,22
251,Kamran Mughal,Chemistry,2.16,25
5472,Usman Syed,BBA,2.57,26
2324,Yahya Ansari,Physics,2.03,19
5225,Kamran Chaudhry,CS,2.14,18
7341,Ahmed Malik,Math,2.47,22
2759,Sara Butt,EE,2.62,20
9473,Omar Qureshi,CS,2.8,22
8663,Noor Sheikh,Math,2.19,24
4912,Noor Chaudhry,CE,2.22,24
6427,Hassan Ahmed,Physics,3.19,24
1218,Hina Khan,Chemistry,2.04,18
669,Omar Syed,EE,3.7,22
5734,Maryam Raza,Physics,3.26,19
1843,Noor Ansari,Physics,3.23,20
4526,Zainab Khan,EE,2.73,25
5563,Ahmed Sheikh,Physics,3.39,21
8357,Bilal Ahmed,ME,3.07,25
6646,Noor Syed,Math,3.35,25
1114,Zainab Sheikh,CS,3.88,26
9323,Ahmed Ahmed,Physics,2.86,20
3400,Ahmed Ahmed,CE,3.43,23
5931,Noor Chaudhry,CE,3.81,18
7640,Hina Chaudhry,Physics,2.08,20
9212,Bilal Syed,CE,2.62,25
3186,Omar Qureshi,CS,2.84,24
3998,Usman Sheikh,Math,2.99,25
7658,Ayesha Raza,EE,3.01,24
9813,Kamran Raza,EE,3.11,18
8433,Ahmed Abbasi,Physics,2.13,20
2940,Kamran Syed,Physics,3.64,22
2123,Zainab Chaudhry,BBA,2.1,19
4111,Maryam Khan,Physics,2.84,18
7967,Omar Raza,ME,2.04,18
2951,Hassan Ahmed,CE,2.48,26
705,Hassan Khan,ME,2.08,20
970,Fatima Chaudhry,Physics,2.52,26
3795,Bilal Butt,EE,3.95,21
8506,Maryam Chaudhry,CE,2.97,24
698,Zainab Chaudhry,EE,3.13,24
9762,Ayesha Butt,Chemistry,2.57,21
9919,Ayesha Raza,Math,2.23,23
8768,Maryam Ahmed,Chemistry,3.84,24
8489,Usman Sheikh,Math,2.09,20
962,Yahya Mughal,BBA,3.81,24
5693,Tariq Mughal,CE,3.81,21
932,Tariq Qureshi,Physics,2.94,19
4362,Hassan Qureshi,BBA,2.47,23
5165,Tariq Chaudhry,CE,3.65,23
806,Ayesha Ansari,ME,2.21,24
9857,Ayesha Abbasi,EE,2.82,20
8575,Bilal Malik,BBA,2.39,18
2102,Ayesha Mughal,CS,3.61,21
9210,Maryam Qureshi,Math,3.08,18
7780,Bilal Abbasi,Math,2.87,18
4076,Ayesha Chaudhry,Physics,2.7,23
6348,Sara Khan,Math,2.47,18
6524,Yahya Mughal,Math,2.98,26
757,Yahya Mughal,EE,3.8,22
3181,Usman Ahmed,BBA,3.16,21
3782,Zainab Raza,EE,2.55,21
7833,Kamran Chaudhry,Physics,2.67,22
4933,Fatima Ansari,BBA,2.59,24
4031,Noor Malik,CE,3.88,20
8818,Omar Khan,ME,2.54,18
2574,Hassan Sheikh,BBA,2.8,19
5467,Sara Ansari,BBA,3.11,18
1871,Usman Syed,BBA,3.63,21
8290,Noor Qureshi,BBA,2.64,20
9250,Ahmed Raza,Physics,2.58,23
2906,Usman Mughal,Physics,3.23,23
9449,Hassan Raza,Chemistry,2.44,20
2648,Zainab Qureshi,CS,2.88,23
196,Yahya Ahmed,Physics,3.63,18
4488,Maryam Chaudhry,EE,3.69,19
9587,Sara Ahmed,Chemistry,2.58,22
6345,Omar Abbasi,Physics,3.92,25
8471,Maryam Ahmed,BBA,3.36,18
9391,Ayesha Ahmed,CE,3.76,24
5881,Tariq Sheikh,ME,2.77,26
4505,Ayesha Syed,EE,3.67,20
9758,Usman Malik,Chemistry,2.99,18
4237,Noor Ansari,CE,2.25,21
1058,Tariq Ansari,Math,2.0,24
2299,Noor Chaudhry,Chemistry,3.44,22
1900,Zainab Syed,Chemistry,3.82,24
5508,Fatima Khan,EE,2.73,20
3554,Kamran Ansari,BBA,3.52,19
2480,Ahmed Qureshi,Math,2.34,22
8092,Ahmed Abbasi,Math,3.04,21
9246,Bilal Khan,BBA,3.07,24
1266,Kamran Abbasi,Chemistry,3.53,24
4784,Tariq Khan,ME,3.51,18
8163,Usman Syed,Physics,3.42,23
9742,Omar Ahmed,EE,2.29,19
5287,Hassan Ansari,Chemistry,2.2,18
9474,Maryam Chaudhry,BBA,3.94,25
1705,Sara Sheikh,Chemistry,2.34,24
8080,Kamran Chaudhry,ME,2.49,26
7750,Usman Ahmed,BBA,2.76,20
5120,Ayesha Butt,Math,3.14,20
7318,Maryam Syed,BBA,3.77,22
3470,Bilal Ahmed,CS,3.92,23
1439,Sara Raza,BBA,3.27,26
2112,Tariq Sheikh,CE,2.31,25
8499,Hassan Sheikh,CE,3.56,25
3336,Noor Raza,Math,2.83,23
7222,Hassan Qureshi,BBA,3.54,23
4214,Ahmed Raza,CE,3.08,20
7116,Sara Chaudhry,Math,3.53,20
6738,Usman Sheikh,CS,3.81,22
4512,Hassan Abbasi,EE,3.05,22
1668,Hassan Qureshi,Chemistry,3.31,25
8445,Ayesha Sheikh,Math,2.22,24
3764,Ayesha Raza,CS,3.29,23
1589,Kamran Khan,ME,3.51,20
1171,Ahmed Sheikh,EE,3.92,26
2039,Ahmed Chaudhry,Chemistry,3.45,19
8731,Usman Ansari,ME,3.22,20
2575,Yahya Malik,EE,2.32,19
552,Zainab Sheikh,Physics,2.69,19
1225,Sara Abbasi,Math,2.45,25
4401,Ahmed Qureshi,ME,2.8,22
9849,Maryam Malik,CS,3.02,22
1082,Kamran Butt,ME,2.84,18
8291,Tariq Butt,CE,3.03,22
3493,Hina Malik,CE,2.33,23
9107,Usman Syed,CS,3.48,21
2508,Hassan Syed,EE,3.37,21
2014,Maryam Syed,Chemistry,3.2,19
139,Kamran Sheikh,CS,2.38,24
9910,Noor Malik,CS,2.99,26
2635,Hassan Malik,Physics,3.26,18
1895,Yahya Ahmed,ME,3.06,20
5828,Tariq Malik,BBA,3.15,26
6659,Kamran Khan,Math,2.12,25
1929,Zainab Ahmed,EE,2.04,19
4454,Sara Abbasi,Math,2.97,19
2235,Sara Butt,ME,2.06,24
6096,Noor Mughal,CS,3.79,18
7934,Hassan Sheikh,Physics,3.8,22
4274,Bilal Mughal,Math,3.98,19
7219,Omar Abbasi,ME,2.94,26
1375,Kamran Sheikh,BBA,3.54,20
7400,Kamran Raza,ME,2.66,24
3249,Zainab Ahmed,Math,2.71,21
7553,Tariq Syed,Math,3.31,23
4882,Noor Qureshi,BBA,2.94,21
9143,Hassan Khan,EE,2.55,25
4187,Tariq Qureshi,Physics,2.58,22
1621,Omar Syed,ME,3.72,26
1602,Fatima Ahmed,EE,2.49,21
1684,Usman Khan,EE,2.52,23
6093,Hina Butt,CS,3.14,18
7060,Ayesha Ansari,Chemistry,3.68,24
5642,Yahya Ahmed,Physics,2.05,24
6302,Kamran Sheikh,Physics,2.28,24
8182,Omar Malik,Chemistry,2.76,21
9850,Bilal Sheikh,Math,2.67,18
2701,Fatima Ahmed,BBA,3.74,19
4041,Noor Ahmed,EE,3.83,25
6352,Bilal Sheikh,CE,3.95,24
3104,Zainab Mughal,CS,3.16,26
9597,Kamran Ansari,ME,3.96,21
4314,Maryam Ansari,EE,2.69,19
7210,Ayesha Syed,BBA,3.58,22
5218,Ayesha Chaudhry,ME,2.56,18
2733,Maryam Sheikh,EE,3.71,23
2126,Hassan Ahmed,Chemistry,3.29,24
2734,Maryam Syed,Chemistry,3.35,24
3579,Kamran Chaudhry,Physics,3.49,21
2274,Omar Butt,EE,3.11,26
6475,Hina Qureshi,CE,2.72,20
7667,Yahya Sheikh,Chemistry,3.4,19
4785,Yahya Raza,Physics,3.31,26
9338,Bilal Syed,Physics,2.5,24
5746,Bilal Ansari,CE,2.06,23
1320,Yahya Qureshi,Physics,2.01,23
5605,Ahmed Malik,CS,2.98,18
7115,Hina Raza,Math,2.53,24
5478,Maryam Malik,CE,3.27,19
7822,Hina Mughal,EE,3.55,20
6500,Bilal Sheikh,EE,4.0,24
5173,Ayesha Ansari,CE,3.61,21
8946,Ahmed Ansari,BBA,3.87,26
1215,Omar Sheikh,CE,3.21,23
3916,Tariq Chaudhry,CS,3.91,19
6912,Maryam Abbasi,CE,2.49,25
1057,Hassan Malik,Physics,3.41,19
8265,Ayesha Raza,Math,2.89,21
6168,Hassan Chaudhry,Chemistry,3.82,22
8025,Hassan Mughal,CS,3.92,26
2121,Usman Mughal,Chemistry,3.49,22
9721,Noor Malik,CE,2.55,25
3988,Maryam Ahmed,ME,3.37,20
297,Yahya Butt,EE,2.9,26
6035,Fatima Mughal,CS,2.77,26
8162,Usman Raza,CE,2.33,20
8955,Fatima Qureshi,BBA,2.4,20
8398,Tariq Syed,CS,3.52,21
1444,Noor Khan,Chemistry,3.9,26
9275,Tariq Sheikh,Math,2.36,26
4004,Maryam Khan,CS,2.56,21
1852,Omar Ahmed,Chemistry,2.08,25
5304,Bilal Sheikh,BBA,2.35,20
4718,Kamran Khan,Math,2.02,21
1605,Fatima Qureshi,EE,3.71,19
4920,Zainab Chaudhry,EE,3.47,18
6410,Noor Qureshi,ME,3.07,23
7503,Noor Ahmed,EE,3.78,22
5822,Omar Ahmed,ME,3.82,18
7106,Fatima Sheikh,Math,3.1,25
8632,Hassan Khan,Math,3.89,26
6860,Sara Abbasi,Math,2.73,25
5451,Tariq Abbasi,Chemistry,3.18,20
9106,Fatima Syed,Math,3.16,26
9980,Hina Ahmed,BBA,2.98,23
8348,Noor Ansari,EE,3.9,18
9592,Fatima Abbasi,EE,3.65,19
9195,Kamran Abbasi,Chemistry,2.55,18
8242,Omar Ahmed,CS,3.42,25
2528,Omar Ahmed,BBA,2.22,18
9749,Ahmed Sheikh,EE,3.22,19
8243,Bilal Raza,EE,2.04,18
8184,Noor Ansari,Chemistry,3.61,23
8014,Hassan Syed,CE,2.2,18
4502,Yahya Butt,EE,2.34,21
285,Bilal Qureshi,CS,2.56,21
8706,Ayesha Abbasi,Chemistry,2.96,25
8512,Fatima Syed,Math,3.67,23
745,Kamran Raza,Physics,3.56,19
7325,Noor Ansari,ME,3.88,18
3321,Tariq Mughal,CS,3.18,23
509,Bilal Syed,Physics,2.65,23
1829,Maryam Khan,Chemistry,2.69,23
870,Tariq Khan,BBA,3.84,26
8103,Tariq Chaudhry,Physics,2.26,26
3943,Zainab Raza,Math,2.14,21
7670,Maryam Sheikh,ME,3.95,21
4704,Ahmed Khan,Chemistry,2.15,26
3779,Noor Khan,Physics,2.6,23
7016,Ahmed Ansari,Physics,3.15,26
4012,Tariq Qureshi,ME,3.41,26
6826,Ahmed Malik,CS,3.95,23
1741,Omar Malik,Chemistry,2.54,23
2970,Noor Ansari,Chemistry,2.5,22
7638,Sara Ansari,Math,3.08,21
3081,Kamran Qureshi,Physics,3.19,19
8020,Maryam Chaudhry,CS,3.08,21
7611,Ayesha Butt,BBA,2.87,18
3837,Ahmed Chaudhry,CS,3.0,24
9115,Bilal Chaudhry,Chemistry,3.23,24
1971,Yahya Syed,ME,3.45,25
9145,Omar Sheikh,ME,2.92,22
908,Kamran Butt,CS,2.17,26
7994,Ayesha Khan,CS,2.25,22
6877,Sara Syed,EE,3.37,25
3454,Yahya Chaudhry,BBA,3.95,25
310,Hina Khan,CS,2.29,18
1110,Maryam Sheikh,Math,3.21,20
8046,Fatima Malik,BBA,2.7,26
1849,Ahmed Malik,BBA,2.83,22
2758,Sara Khan,Physics,2.45,18
6267,Kamran Syed,CE,2.09,18
158,Maryam Syed,Chemistry,3.67,25
566,Tariq Chaudhry,Physics,2.53,24
1278,Fatima Chaudhry,BBA,2.31,19
9827,Noor Sheikh,ME,3.05,18
9068,Kamran Raza,ME,3.81,26
990,Tariq Syed,Chemistry,2.57,21
5823,Fatima Malik,BBA,2.67,18
5897,Hina Ansari,CE,3.63,21
7805,Zainab Chaudhry,Chemistry,2.79,20
3266,Bilal Mughal,Chemistry,3.8,25
1,Kamran Sheikh,CS,2.71,20
6155,Usman Qureshi,Math,2.78,18
9554,Hassan Qureshi,CE,3.18,20
8082,Maryam Malik,CS,2.66,25
592,Sara Syed,BBA,3.5,20
1229,Ahmed Malik,CE,2.85,21
2793,Fatima Raza,ME,2.05,26
7402,Kamran Ahmed,CE,2.98,26
4743,Hassan Butt,EE,2.94,20
3507,Bilal Syed,CE,3.36,20
702,Hassan Raza,BBA,3.46,25
4039,Fatima Ahmed,ME,2.96,19
1183,Omar Malik,Physics,2.83,25
413,Ayesha Butt,Math,2.17,18
9772,Noor Syed,EE,3.22,20
5786,Usman Ahmed,Physics,3.66,20
8514,Ayesha Ansari,Chemistry,2.85,19
2430,Omar Sheikh,CE,3.31,22
309,Tariq Khan,EE,3.68,20
9623,Omar Sheikh,CE,2.88,24
1784,Bilal Chaudhry,ME,3.18,22
2580,Zainab Ahmed,BBA,3.97,23
5612,Usman Raza,EE,3.78,21
6642,Maryam Khan,CE,2.38,21
6616,Fatima Sheikh,Math,3.78,24
6604,Hassan Butt,CS,2.6,24
5213,Hassan Butt,ME,3.05,19
5969,Kamran Butt,ME,3.7,22
6428,Bilal Syed,Chemistry,2.62,24
192,Kamran Malik,ME,2.94,26
1234,Zainab Raza,Math,2.48,18
9667,Omar Mughal,ME,3.2,21
5126,Ahmed Abbasi,CS,3.6,18
3874,Bilal Chaudhry,Math,2.37,22
2267,Hassan Abbasi,ME,3.19,26
6643,Sara Butt,ME,2.74,23
1870,Ayesha Raza,CE,2.07,25
1300,Bilal Malik,CS,3.01,25
2335,Yahya Ahmed,Chemistry,3.0,25
5422,Ahmed Qureshi,EE,3.22,18
7735,Noor Qureshi,CS,2.56,18
5262,Kamran Chaudhry,EE,2.8,26
5124,Noor Qureshi,ME,3.96,18
8559,Hina Qureshi,Math,3.69,23
1159,Maryam Ahmed,Physics,2.13,23
8553,Ahmed Butt,Physics,3.62,20
1678,Noor Khan,Math,2.59,22
5720,Omar Khan,Chemistry,2.97,19
3050,Tariq Ansari,ME,2.43,26
9153,Hina Abbasi,ME,2.12,22
6654,Hassan Ansari,CE,3.97,20
4190,Sara Butt,CS,3.51,24
9066,Yahya Abbasi,Physics,2.6,18
3284,Kamran Khan,BBA,3.48,19
1327,Zainab Raza,BBA,3.8,22
4170,Ahmed Abbasi,EE,3.96,19
2764,Hina Ansari,Chemistry,2.5,24
7238,Tariq Ansari,CS,2.66,21
6698,Tariq Ahmed,Math,3.92,23
9002,Noor Abbasi,BBA,2.44,20
7090,Omar Abbasi,Physics,2.63,22
387,Usman Ahmed,EE,2.86,26
363,Maryam Ansari,EE,3.62,20
5040,Bilal Khan,CE,3.65,18
9420,Maryam Ansari,ME,2.11,22
3008,Fatima Sheikh,Math,3.22,25
4218,Omar Butt,Chemistry,3.7,24
4497,Noor Sheikh,CE,2.58,26
1976,Bilal Raza,ME,2.34,24
2191,Yahya Chaudhry,Physics,3.57,22
4065,Yahya Syed,Physics,3.74,23
1877,Bilal Chaudhry,EE,3.9,18
8913,Ayesha Abbasi,CE,2.7,20
5904,Fatima Qureshi,CS,3.11,24
9410,Fatima Malik,BBA,2.83,26
5684,Fatima Qureshi,Physics,3.94,23
5821,Usman Ansari,Physics,3.09,19
370,Ayesha Sheikh,CE,2.03,21
3748,Ayesha Chaudhry,Math,2.25,22
2908,Hassan Chaudhry,EE,3.26,22
6486,Yahya Qureshi,CE,3.4,22
8070,Ahmed Khan,BBA,3.45,21
3685,Fatima Mughal,BBA,2.04,21
5540,Usman Abbasi,CE,2.58,20
9833,Hina Chaudhry,BBA,2.73,20
8320,Sara Syed,ME,3.24,18
6221,Hina Sheikh,ME,3.03,18
2413,Ayesha Abbasi,ME,2.44,19
777,Fatima Syed,CS,2.28,21
5021,Noor Mughal,BBA,3.65,23
559,Bilal Ansari,EE,2.85,22
6390,Kamran Ahmed,ME,2.07,26
6910,Noor Qureshi,CE,3.45,20
7528,Hina Chaudhry,Chemistry,2.0,19
2038,Zainab Butt,CE,2.54,19
6220,Tariq Chaudhry,Physics,3.19,26
4075,Maryam Chaudhry,CS,3.6,19
2869,Omar Mughal,Physics,3.69,24
9363,Noor Abbasi,Chemistry,2.23,26
5368,Zainab Malik,Math,2.05,25
3557,Hassan Raza,EE,2.43,19
3494,Sara Ansari,BBA,2.01,18
8870,Ahmed Sheikh,CS,2.3,23
4025,Usman Butt,BBA,3.71,23
1085,Tariq Abbasi,Physics,3.45,18
2377,Tariq Ahmed,CE,3.33,24
4311,Usman Abbasi,Math,3.61,20
399,Fatima Qureshi,ME,2.01,21
8556,Maryam Butt,ME,2.74,24
8011,Noor Malik,BBA,2.2,23
5986,Hina Butt,ME,2.21,18
3918,Hassan Malik,Chemistry,3.95,22
686,Maryam Syed,Chemistry,2.3,20
1086,Noor Abbasi,EE,3.88,26
5166,Zainab Butt,BBA,2.15,23
8866,Fatima Abbasi,CS,3.99,24
2870,Noor Ansari,BBA,3.26,23
3358,Zainab Chaudhry,BBA,2.55,24
7933,Bilal Chaudhry,ME,2.49,19
144,Sara Sheikh,CS,3.54,23
8530,Hassan Mughal,EE,3.75,24
2801,Yahya Qureshi,CS,2.53,18
739,Omar Khan,ME,2.75,23
1961,Noor Butt,Math,2.7,26
3738,Omar Chaudhry,ME,2.96,25
5873,Tariq Ahmed,ME,3.02,19
4798,Hassan Mughal,CE,3.38,21
9747,Bilal Malik,Physics,3.04,19
2474,Omar Butt,CS,2.22,22
7026,Sara Abbasi,ME,2.58,21
1043,Yahya Raza,CE,2.69,21
6871,Hassan Abbasi,CE,2.65,20
7467,Tariq Mughal,EE,2.43,21
7910,Sara Mughal,EE,2.69,21
3799,Kamran Butt,BBA,3.17,20
7727,Bilal Ansari,CE,3.26,25
4419,Ayesha Ansari,ME,3.38,24
300,Yahya Raza,ME,2.01,26
1499,Hassan Malik,Math,2.38,25
6748,Hassan Mughal,BBA,2.81,25
815,Bilal Ansari,Physics,2.84,19
4459,Fatima Ansari,CS,3.67,20
419,Zainab Chaudhry,Physics,3.37,20
4955,Hina Ahmed,EE,3.4,24
3863,Kamran Sheikh,ME,2.19,21
1825,Usman Ansari,CE,2.83,24
7915,Ayesha Mughal,CE,3.29,25
3609,Hassan Ahmed,Physics,2.43,25
737,Kamran Khan,CE,2.34,20
2289,Noor Ahmed,EE,3.9,18
6338,Omar Khan,CE,3.75,19
5515,Sara Abbasi,ME,2.84,20
561,Ahmed Khan,Chemistry,3.01,22
9416,Noor Malik,Math,3.91,21
1926,Noor Qureshi,EE,3.75,19
2165,Yahya Ansari,CE,2.71,25
1404,Bilal Abbasi,BBA,3.93,18
543,Hina Qureshi,Math,2.45,24
9444,Maryam Chaudhry,CE,3.84,18
6437,Bilal Khan,Chemistry,3.15,22
7390,Sara Chaudhry,Chemistry,2.63,23
7702,Tariq Mughal,ME,3.98,18
5885,Tariq Qureshi,Chemistry,3.17,23
6523,Sara Sheikh,BBA,3.96,18
7574,Ahmed Ansari,ME,2.25,22
5663,Usman Mughal,Physics,3.75,18
1264,Omar Abbasi,EE,3.97,22
4913,Ayesha Khan,ME,2.59,21
2482,Yahya Ahmed,Math,2.27,19
5206,Tariq Sheikh,ME,3.99,20
9605,Usman Ansari,Physics,3.96,21
5580,Ayesha Khan,Physics,2.26,26
5992,Tariq Syed,Physics,2.81,21
7993,Usman Syed,ME,3.55,21
5698,Usman Mughal,BBA,3.42,23
3611,Yahya Ahmed,CE,3.34,19
110,Yahya Ansari,Math,2.17,24
5866,Sara Qureshi,ME,3.94,21
8054,Hina Khan,Chemistry,2.62,20
9427,Hina Malik,CE,2.01,21
3803,Ayesha Syed,Physics,2.17,24
5812,Kamran Syed,CE,3.28,25
5438,Bilal Syed,CE,2.61,21
2817,Sara Raza,EE,2.39,26
8634,Noor Malik,Math,2.39,25
2558,Ayesha Mughal,Physics,3.74,18
7367,Sara Sheikh,Chemistry,2.82,25
5749,Omar Malik,BBA,3.72,23
2582,Omar Ahmed,ME,3.94,25
615,Yahya Khan,BBA,3.74,26
3048,Sara Qureshi,EE,2.18,23
6405,Omar Chaudhry,BBA,2.01,24
7677,Yahya Raza,EE,3.56,26
5348,Zainab Qureshi,Physics,2.6,21
9544,Noor Raza,CS,3.54,25
8351,Omar Chaudhry,BBA,3.2,26
3767,Fatima Sheikh,ME,3.94,23
4627,Ahmed Butt,CS,2.77,22
9109,Zainab Malik,ME,3.81,26
4154,Bilal Abbasi,BBA,3.8,21
537,Yahya Sheikh,Math,2.34,23
6771,Omar Mughal,EE,3.24,25
4475,Bilal Butt,ME,2.87,18
7762,Usman Ahmed,Math,2.95,22
4406,Fatima Mughal,CS,3.06,19
5942,Hina Sheikh,Physics,2.72,19
4306,Yahya Abbasi,Math,3.38,24
6726,Ahmed Sheikh,CE,2.93,26
4032,Hassan Syed,Math,3.12,22
2982,Noor Abbasi,Chemistry,3.13,25
2965,Ahmed Syed,CS,2.27,25
8962,Bilal Abbasi,Chemistry,3.57,25
265,Fatima Ahmed,Physics,2.54,18
4887,Omar Ahmed,EE,3.27,18
1108,Ayesha Mughal,Chemistry,2.03,19
9809,Usman Butt,Math,3.57,22
4732,Bilal Qureshi,BBA,2.22,26
9098,Kamran Malik,CE,3.13,21
6356,Noor Khan,CE,3.32,20
5298,Ayesha Syed,Math,3.28,21
5058,Omar Mughal,Math,3.87,22
9086,Zainab Abbasi,Chemistry,2.17,22
8552,Ahmed Khan,EE,2.59,22
8908,Tariq Sheikh,Chemistry,3.65,18
1543,Ayesha Raza,CS,3.73,18
9656,Kamran Abbasi,EE,3.88,25
8426,Hina Malik,Physics,3.48,24
7582,Kamran Abbasi,Physics,3.98,24
9505,Yahya Qureshi,Physics,3.8,18
8368,Yahya Butt,CE,2.14,18
6958,Bilal Qureshi,CE,2.02,19
2885,Fatima Ansari,ME,3.08,26
950,Hassan Ansari,Math,2.15,22
209,Noor Ahmed,Physics,3.44,21
5521,Fatima Abbasi,EE,2.72,23
2129,Bilal Ahmed,CE,2.91,20
14,Omar Raza,Physics,3.67,21
8356,Usman Mughal,ME,2.88,25
9545,Noor Syed,BBA,3.13,18
4447,Sara Sheikh,Chemistry,3.4,20
927,Fatima Butt,ME,2.31,26
6461,Ahmed Butt,Physics,2.18,25
1137,Hina Qureshi,ME,3.58,19
1423,Omar Mughal,ME,3.29,21
1743,Sara Qureshi,Physics,3.21,21
9349,Omar Ahmed,Physics,2.45,24
4881,Hassan Raza,Math,3.96,24
9393,Hassan Sheikh,ME,3.27,25
8264,Fatima Ansari,CE,3.51,26
377,Omar Sheikh,Physics,2.58,18
7422,Usman Abbasi,EE,3.3,22
4487,Zainab Abbasi,BBA,3.41,23
8678,Hina Mughal,Chemistry,3.31,24
1848,Bilal Qureshi,EE,3.1,21
6939,Hina Ansari,CE,3.72,25
1188,Sara Raza,BBA,2.52,26
5147,Bilal Qureshi,Math,2.12,20
5945,Tariq Chaudhry,ME,2.06,25
3819,Sara Ahmed,Math,2.53,19
7842,Hassan Ansari,Physics,2.54,22
3235,Bilal Ansari,CE,3.52,19
5095,Kamran Chaudhry,CE,3.16,18
9971,Yahya Ahmed,CE,2.56,23
3546,Zainab Chaudhry,EE,2.5,23
4693,Kamran Abbasi,Math,2.49,21
9503,Noor Sheikh,Physics,3.56,25
5002,Hassan Chaudhry,BBA,3.34,22
234,Fatima Qureshi,CS,2.65,24
8912,Kamran Mughal,EE,3.0,25
727,Noor Mughal,BBA,2.51,18
3719,Yahya Raza,ME,2.87,19
208,Ahmed Ansari,Math,3.39,25
3196,Hina Qureshi,CE,2.69,20
5919,Zainab Raza,Physics,3.56,21
2617,Usman Abbasi,Chemistry,3.16,24
7159,Bilal Ansari,Physics,3.14,23
9079,Maryam Butt,Math,3.07,22
28,Tariq Ahmed,CE,2.04,25
9594,Yahya Butt,EE,2.16,24
4847,Zainab Qureshi,ME,3.13,26
9439,Ayesha Syed,BBA,2.55,24
1902,Ayesha Abbasi,CE,2.41,19
2916,Hina Qureshi,Chemistry,3.93,26
1809,Noor Syed,ME,2.39,19
4303,Sara Syed,ME,2.82,18
9146,Hassan Sheikh,ME,2.22,19
544,Tariq Butt,Chemistry,3.37,19
1794,Yahya Butt,Math,2.48,22
5889,Hassan Qureshi,Math,3.47,23
8747,Ayesha Mughal,EE,3.85,18
8623,Omar Ansari,Math,3.69,18
9038,Maryam Khan,EE,3.57,21
1308,Maryam Chaudhry,CE,2.11,20
4236,Hina Qureshi,BBA,2.94,22
2910,Maryam Butt,ME,2.19,21
3601,Bilal Ahmed,ME,3.01,26
7062,Kamran Sheikh,EE,2.34,26
506,Ayesha Mughal,CE,3.97,22
782,Hina Mughal,EE,3.21,21
5583,Usman Malik,CE,2.65,26
344,Ayesha Malik,Chemistry,2.08,21
3533,Usman Khan,CE,2.48,23
4207,Hina Sheikh,ME,3.76,20
1488,Tariq Chaudhry,Chemistry,2.88,25
5928,Sara Chaudhry,Chemistry,2.0,22
1448,Yahya Butt,BBA,2.71,22
5414,Zainab Qureshi,Chemistry,3.87,23
9472,Hina Mughal,Math,2.24,26
9778,Maryam Malik,EE,3.03,22
1381,Hassan Qureshi,Chemistry,2.21,20
1525,Yahya Raza,CE,2.05,23
2941,Noor Khan,Chemistry,2.75,22
583,Fatima Malik,Physics,3.12,18
7599,Noor Mughal,Chemistry,3.34,18
9764,Hassan Syed,CE,3.97,23
7741,Hassan Raza,EE,3.5,20
2451,Usman Sheikh,CE,2.45,24
3322,Ayesha Syed,Physics,3.27,23
1282,Usman Khan,BBA,2.63,20
3362,Ahmed Qureshi,EE,2.93,23
796,Ahmed Chaudhry,BBA,2.97,24
4655,Ayesha Qureshi,CE,2.06,24
8806,Hina Ahmed,Math,3.72,18
442,Hina Malik,Physics,2.84,25
7627,Maryam Malik,EE,3.75,19
5770,Yahya Butt,CE,2.94,22
6173,Hina Chaudhry,Chemistry,3.04,22
7044,Maryam Khan,Math,2.4,18
384,Noor Ansari,EE,2.92,23
8288,Noor Butt,CS,3.37,25
6605,Maryam Butt,Physics,2.13,25
2983,Usman Butt,Chemistry,3.79,23
948,Sara Syed,ME,2.87,23
3047,Bilal Qureshi,Chemistry,3.98,26
6108,Kamran Khan,Chemistry,2.99,22
8640,Ahmed Ahmed,CE,3.86,23
9263,Noor Malik,Physics,2.15,18
7556,Ayesha Sheikh,Math,2.62,23
1378,Hassan Malik,CS,2.62,24
680,Omar Syed,ME,3.46,22
7565,Maryam Sheikh,CS,3.23,24
5634,Maryam Syed,CS,3.93,23
7506,Usman Syed,CS,3.17,22
1477,Hassan Mughal,BBA,3.13,24
2664,Bilal Ahmed,ME,3.94,20
9995,Fatima Sheikh,CE,3.58,23
7882,Zainab Mughal,CS,2.19,21
2282,Tariq Qureshi,Physics,3.26,20
7037,Hina Butt,CE,3.0,26
7137,Kamran Chaudhry,Math,3.51,19
3556,Fatima Chaudhry,Math,3.99,19
867,Tariq Raza,ME,3.06,24
7945,Tariq Malik,ME,3.46,18
492,Zainab Chaudhry,Chemistry,3.57,22
1144,Noor Ahmed,CS,3.38,20
4439,Zainab Ansari,Chemistry,2.32,24
1417,Ayesha Abbasi,EE,3.37,18
822,Zainab Chaudhry,CE,3.36,18
2736,Kamran Butt,CS,3.16,18
2568,Sara Chaudhry,ME,2.46,24
1970,Ayesha Raza,Chemistry,2.72,24
4851,Ahmed Mughal,BBA,2.42,23
7177,Sara Syed,ME,3.65,20
3765,Maryam Mughal,Physics,3.15,21
2300,Tariq Chaudhry,EE,3.75,21
6417,Sara Abbasi,BBA,3.11,18
8837,Fatima Ansari,Math,2.79,19
2873,Tariq Mughal,EE,2.94,25
9943,Sara Sheikh,Chemistry,2.05,22
2688,Ayesha Raza,Math,2.33,19
4261,Tariq Raza,BBA,2.1,23
32,Zainab Syed,Chemistry,2.92,20
4773,Noor Butt,Physics,2.87,26
2610,Hina Malik,Physics,2.32,24
9385,Fatima Abbasi,Physics,3.12,21
9619,Hina Malik,ME,2.6,26
1530,Tariq Chaudhry,Physics,2.23,18
4241,Sara Chaudhry,EE,2.12,22
5276,Tariq Ansari,Chemistry,3.51,22
5578,Ahmed Ansari,Physics,3.78,21
911,Sara Ansari,CE,2.59,22
4886,Tariq Chaudhry,CS,3.79,18
1517,Bilal Chaudhry,BBA,3.01,24
4126,Yahya Abbasi,CS,3.21,23
4478,Omar Chaudhry,BBA,3.0,19
4582,Sara Abbasi,BBA,3.32,19
7618,Ayesha Raza,EE,2.95,18
8069,Usman Qureshi,BBA,2.67,24
1132,Hassan Sheikh,EE,3.69,19
6785,Zainab Ahmed,Math,2.25,25
3441,Bilal Malik,CS,2.51,18
1841,Zainab Qureshi,CE,2.32,20
6611,Ahmed Sheikh,CS,3.05,20
9285,Hina Ansari,ME,3.22,21
2961,Zainab Syed,ME,2.33,18
1263,Yahya Mughal,Chemistry,3.26,18
4122,Hassan Chaudhry,CE,3.51,25
270,Zainab Mughal,CS,3.02,24
9046,Hina Abbasi,CE,3.11,25
6823,Ahmed Chaudhry,ME,3.55,18
8611,Tariq Khan,Chemistry,3.8,18
4636,Fatima Ansari,CS,3.29,23
2990,Bilal Malik,Math,3.26,21
7488,Ahmed Raza,Physics,3.63,21
7079,Ayesha Ansari,Chemistry,3.05,18
4747,Hina Ahmed,Physics,2.01,23
9538,Yahya Sheikh,Physics,2.98,23
3878,Usman Malik,CS,3.0,19
3455,Bilal Raza,Chemistry,3.38,21
3995,Noor Khan,Chemistry,2.9,18
3009,Hina Ansari,Chemistry,2.66,19
6231,Omar Raza,EE,3.29,20
1767,Kamran Ahmed,Chemistry,3.97,25
1384,Fatima Ansari,EE,2.17,21
9213,Fatima Sheikh,CE,2.33,20
4387,Usman Raza,EE,2.22,24
4954,Fatima Syed,ME,2.35,23
1426,Kamran Abbasi,CE,2.34,24
5512,Bilal Ansari,ME,2.54,22
7312,Yahya Ansari,CS,3.11,26
768,Bilal Syed,EE,3.61,21
4964,Hina Mughal,CS,3.4,18
5335,Fatima Ansari,ME,2.25,22
9111,Omar Ansari,Physics,2.41,25
5552,Omar Raza,BBA,3.67,25
7193,Fatima Mughal,BBA,2.12,24
6141,Maryam Ahmed,CS,2.59,19
6600,Fatima Raza,Physics,2.18,25
1385,Bilal Khan,Physics,3.55,22
825,Yahya Syed,Physics,3.05,24
3100,Tariq Sheikh,BBA,2.89,19
9591,Hassan Ahmed,EE,3.07,26
933,Ayesha Ahmed,EE,2.61,18
4557,Yahya Malik,Math,2.42,25
2740,Bilal Butt,Physics,4.0,24
4619,Kamran Mughal,Chemistry,2.96,24
2647,Tariq Syed,BBA,2.74,22
3529,Hassan Raza,Physics,3.15,18
3825,Maryam Abbasi,CE,2.59,19
3159,Yahya Mughal,Math,2.77,19
2319,Omar Raza,EE,3.67,22
4523,Yahya Malik,Chemistry,3.43,25
6525,Hassan Sheikh,Physics,2.42,21
4318,Zainab Khan,EE,2.76,26
943,Ayesha Khan,CS,3.8,18
4223,Bilal Ansari,Math,2.17,20
1672,Omar Abbasi,ME,3.8,19
4710,Maryam Khan,Physics,3.0,23
6709,Noor Chaudhry,Chemistry,2.41,26
586,Sara Butt,CE,3.41,22
5430,Usman Malik,CE,3.32,23
3989,Tariq Syed,BBA,2.51,19
3491,Yahya Syed,Chemistry,3.12,19
9555,Tariq Chaudhry,EE,3.67,21
4524,Zainab Khan,ME,3.09,24
4861,Omar Ansari,CS,2.91,26
8793,Sara Khan,CE,3.16,26
7473,Fatima Malik,Math,2.57,19
2791,Ahmed Qureshi,Math,3.19,26
4268,Omar Malik,Physics,2.35,21
9938,Fatima Qureshi,Math,3.23,24
5473,Maryam Malik,Math,2.79,23
9895,Ayesha Sheikh,CE,3.86,20
3020,Ayesha Qureshi,Chemistry,3.08,21
5135,Yahya Raza,ME,2.73,26
8700,Sara Malik,CE,3.5,25
4731,Hina Khan,Chemistry,2.54,26
2238,Fatima Qureshi,CE,2.43,24
2692,Yahya Sheikh,CE,2.31,19
1452,Kamran Syed,CS,3.77,20
7053,Yahya Malik,BBA,3.29,22
6018,Usman Ansari,Physics,3.47,19
7721,Omar Malik,Physics,2.03,21
7676,Ahmed Abbasi,CE,3.11,24
3376,Zainab Raza,Math,3.19,25
9341,Bilal Raza,CE,3.1,23
3055,Tariq Raza,EE,2.71,19
5236,Omar Butt,Math,3.08,19
1231,Usman Ahmed,Chemistry,3.58,24
3917,Fatima Ansari,EE,3.16,23
5112,Yahya Ansari,BBA,2.53,22
8571,Ahmed Ansari,Chemistry,3.51,21
9991,Ahmed Sheikh,Physics,3.29,25
8421,Omar Abbasi,CE,3.46,24
7871,Kamran Chaudhry,Chemistry,2.36,20
4652,Usman Abbasi,EE,2.07,26
7857,Hina Qureshi,EE,2.93,19
2454,Yahya Sheikh,Physics,2.9,19
941,Maryam Ansari,Physics,3.02,25
7745,Maryam Raza,CE,3.91,19
1198,Kamran Raza,Chemistry,3.39,22
3623,Tariq Abbasi,BBA,2.65,22
6628,Sara Chaudhry,CE,2.04,18
9376,Zainab Khan,CE,3.81,20
5566,Hina Abbasi,ME,3.79,26
6684,Zainab Ansari,CS,3.51,25
3841,Sara Ahmed,Physics,3.69,18
1760,Noor Ahmed,EE,2.17,20
6119,Ahmed Mughal,CE,2.49,21
7205,Fatima Sheikh,CS,3.59,22
6031,Usman Malik,Physics,3.75,23
7036,Sara Malik,BBA,2.96,20
3650,Maryam Ahmed,Physics,2.94,20
3923,Hassan Ansari,Math,2.08,26
5295,Yahya Mughal,CS,3.63,22
7431,Maryam Sheikh,BBA,3.66,25
9886,Tariq Mughal,CS,3.67,26
6982,Tariq Ahmed,Physics,2.78,18
9401,Fatima Chaudhry,BBA,3.93,20
2047,Yahya Khan,Chemistry,2.57,26
5863,Bilal Khan,CS,2.29,20
4996,Tariq Syed,Math,2.2,22
359,Yahya Ansari,ME,3.95,20
8698,Omar Raza,CS,2.17,25
7124,Hassan Ansari,BBA,2.24,18
3723,Ayesha Chaudhry,CS,2.96,23
2364,Ayesha Ansari,Math,2.72,20
3028,Kamran Sheikh,Chemistry,3.31,26
9205,Noor Qureshi,Math,3.0,22
2262,Sara Syed,ME,3.18,22
3787,Usman Malik,CS,2.42,24
3690,Hassan Qureshi,ME,3.89,22
1293,Sara Qureshi,Chemistry,3.55,22
4205,Maryam Butt,EE,2.98,23
7654,Tariq Ahmed,ME,2.11,18
7699,Yahya Mughal,CS,3.27,18
8999,Ayesha Syed,Physics,2.43,21
9673,Hassan Butt,Physics,3.35,26
3245,Kamran Sheikh,EE,3.27,20
7139,Kamran Qureshi,Physics,3.95,21
2475,Tariq Qureshi,Chemistry,3.06,25
8332,Usman Sheikh,CS,3.42,19
240,Yahya Khan,Math,3.58,26
3474,Tariq Syed,ME,2.24,25
8248,Maryam Malik,BBA,3.45,26
3208,Ayesha Ansari,CS,2.57,26
2314,Ahmed Malik,Physics,2.78,22
2784,Omar Ahmed,CE,3.73,18
4103,Sara Chaudhry,BBA,3.52,26
8568,Bilal Malik,CS,3.81,20
9007,Hassan Qureshi,ME,3.31,19
1975,Omar Raza,Chemistry,2.23,25
9585,Zainab Mughal,Physics,3.77,26
4573,Ahmed Qureshi,Math,3.46,22
7021,Zainab Qureshi,Math,3.89,20
5303,Ayesha Abbasi,CS,2.09,18
3902,Sara Khan,BBA,2.69,18
6792,Omar Qureshi,CS,2.41,25
2695,Zainab Qureshi,Math,2.6,19
4326,Usman Abbasi,ME,2.85,18
6724,Noor Ahmed,CE,3.78,25
7203,Sara Khan,CE,3.68,26
678,Zainab Sheikh,CE,2.61,25
3233,Hina Syed,ME,3.49,21
3203,Hassan Khan,Physics,3.34,25
3121,Fatima Ansari,Math,3.66,21
3822,Kamran Malik,BBA,2.5,22
7091,Fatima Chaudhry,Physics,2.32,22
2199,Bilal Ansari,Physics,3.75,18
1810,Tariq Butt,Math,3.12,18
4413,Usman Khan,Math,2.37,23
9654,Zainab Chaudhry,BBA,2.16,20
6592,Ahmed Malik,Chemistry,2.32,19
1435,Noor Qureshi,CE,2.31,21
6389,Bilal Raza,ME,3.3,24
4251,Yahya Butt,EE,3.16,18
8294,Noor Chaudhry,CE,2.88,21
7890,Zainab Raza,EE,2.24,18
6645,Maryam Malik,CS,2.29,19
5180,Yahya Butt,ME,2.34,21
8138,Noor Abbasi,BBA,2.06,24
8693,Fatima Qureshi,BBA,2.5,24
9718,Ahmed Malik,CE,3.19,25
6070,Zainab Chaudhry,BBA,3.85,22
8167,Fatima Abbasi,BBA,3.61,24
6202,Maryam Malik,Chemistry,2.6,20
8466,Bilal Butt,Physics,2.35,23
2550,Maryam Abbasi,Physics,3.84,18
334,Usman Sheikh,BBA,3.91,25
9724,Ayesha Malik,CE,3.78,23
6178,Ayesha Mughal,EE,2.36,24
7633,Noor Sheikh,ME,3.03,26
5696,Hassan Sheikh,ME,2.46,26
8560,Fatima Chaudhry,CE,2.68,26
6835,Yahya Abbasi,CS,3.7,20
8879,Maryam Ansari,Physics,2.85,24
5469,Fatima Sheikh,Physics,3.75,25
3316,Ayesha Chaudhry,Physics,2.71,22
4194,Zainab Abbasi,Math,3.84,18
7724,Kamran Malik,CE,2.35,20
8436,Ahmed Ansari,Chemistry,3.36,20
9132,Hassan Ahmed,BBA,3.29,18
2450,Ahmed Ahmed,Math,2.76,23
5233,Yahya Syed,ME,3.36,24
1062,Tariq Khan,EE,3.22,19
6324,Maryam Mughal,ME,2.69,23
3368,Ayesha Mughal,CS,3.85,20
2665,Hassan Raza,CE,3.2,18
1536,Tariq Khan,BBA,2.62,21
2374,Hassan Abbasi,CS,3.1,19
1660,Tariq Ahmed,EE,3.39,20
4795,Ayesha Syed,Chemistry,3.62,18
6737,Zainab Malik,Chemistry,2.25,23
907,Bilal Abbasi,ME,2.78,25
255,Fatima Ahmed,Physics,3.2,24
2440,Kamran Sheikh,EE,3.62,22
4935,Zainab Ahmed,ME,2.79,25
3241,Maryam Abbasi,Physics,3.72,22
4388,Hina Malik,Math,3.92,23
4135,Fatima Syed,Math,3.08,22
5373,Kamran Malik,BBA,3.34,19
5310,Fatima Chaudhry,Physics,3.28,26
1216,Zainab Chaudhry,ME,2.59,22
5043,Tariq Abbasi,CE,3.87,22
7340,Fatima Butt,EE,3.22,21
6002,Tariq Khan,CE,2.04,21
3364,Bilal Qureshi,EE,2.61,24
7867,Noor Syed,CS,2.38,21
6423,Yahya Malik,Physics,2.59,26
9464,Zainab Syed,BBA,3.72,23
3680,Ayesha Raza,Chemistry,2.31,23
2752,Noor Chaudhry,Chemistry,2.14,23
4727,Omar Syed,CE,3.03,22
5069,Omar Ansari,CE,3.05,25
5325,Noor Ahmed,CE,2.48,20
9283,Fatima Abbasi,CE,3.73,24
2218,Maryam Syed,Chemistry,3.84,20
6615,Hassan Malik,CE,2.98,22
557,Hassan Khan,CE,2.88,20
8337,Usman Malik,CE,2.0,22
8306,Hina Ansari,CE,3.86,19
2511,Hassan Chaudhry,EE,3.24,18
8459,Sara Syed,EE,3.67,23
182,Sara Ahmed,ME,3.46,23
2936,Hassan Qureshi,Physics,3.28,18
2566,Maryam Butt,Chemistry,3.01,23
1748,Hina Abbasi,EE,2.58,18
4832,Zainab Qureshi,CE,3.05,20
2832,Bilal Chaudhry,Chemistry,3.42,25
1306,Hassan Sheikh,Chemistry,2.35,19
8989,Fatima Syed,EE,2.91,22
396,Omar Khan,Physics,2.86,18
9020,Hassan Raza,BBA,3.46,22
3938,Ayesha Khan,EE,2.11,20
5850,Hassan Ahmed,EE,3.89,18
3691,Maryam Ansari,Math,2.09,24
1930,Sara Ansari,EE,2.73,23
2090,Kamran Mughal,EE,3.44,19
1164,Ayesha Khan,CE,3.4,26
532,Sara Qureshi,CE,3.0,21
6625,Usman Butt,CE,3.48,21
113,Usman Khan,Math,2.52,19
9629,Zainab Khan,CS,2.13,18
4702,Tariq Ahmed,ME,3.76,21
9262,Maryam Ahmed,CS,3.32,26
1238,Noor Butt,Chemistry,3.26,18
4062,Ahmed Ahmed,CE,3.94,22
7083,Sara Ahmed,ME,2.32,23
3698,Hassan Mughal,Chemistry,3.95,24
8959,Bilal Chaudhry,BBA,3.61,25
1658,Fatima Ansari,Physics,3.9,21
3569,Fatima Malik,Physics,2.15,19
7082,Maryam Chaudhry,CE,3.42,25
2064,Kamran Malik,EE,2.8,26
710,Tariq Syed,Chemistry,3.7,26
5653,Hassan Raza,Math,3.18,26
401,Usman Khan,BBA,3.0,24
7196,Sara Raza,BBA,3.0,19
4373,Bilal Syed,Chemistry,3.39,26
1145,Hina Qureshi,Chemistry,2.28,23
6265,Hassan Ahmed,BBA,2.29,26
5721,Noor Butt,CS,3.03,24
798,Kamran Qureshi,EE,2.02,23
3806,Tariq Syed,CE,3.39,24
7969,Fatima Ahmed,CS,2.12,20
7349,Yahya Chaudhry,Math,3.62,25
8117,Fatima Sheikh,CE,2.04,20
5672,Ahmed Qureshi,CE,2.51,24
6534,Usman Mughal,Chemistry,2.28,24
4266,Noor Mughal,CE,2.09,21
1000,Hassan Qureshi,CE,3.12,21
8753,Kamran Khan,Physics,3.05,21
6280,Noor Qureshi,EE,2.75,26
6488,Fatima Khan,BBA,3.3,20
4565,Sara Khan,Chemistry,3.21,22
3391,Maryam Sheikh,EE,3.79,19
105,Kamran Butt,EE,2.32,22
2447,Tariq Qureshi,ME,3.67,22
9661,Hina Mughal,EE,3.19,23
5915,Hina Butt,CE,3.24,22
8750,Sara Qureshi,ME,3.42,19
8540,Sara Malik,ME,2.81,21
2923,Usman Sheikh,CE,2.37,19
7485,Ayesha Khan,Physics,2.33,22
3074,Sara Malik,Physics,3.74,26
6266,Yahya Sheikh,Physics,2.49,26
9125,Sara Sheikh,Chemistry,2.44,22
5530,Zainab Ahmed,ME,2.95,24
9267,Sara Abbasi,Math,3.66,19
6375,Fatima Chaudhry,CE,3.23,25
6944,Hina Raza,BBA,2.5,24
1357,Noor Butt,Physics,2.52,25
2944,Zainab Chaudhry,CE,2.64,21
4611,Zainab Syed,Chemistry,3.83,22
9757,Kamran Malik,CE,2.12,23
6776,Tariq Abbasi,EE,2.79,24
7911,Noor Mughal,Chemistry,2.45,25
7138,Hassan Malik,Chemistry,2.76,24
8670,Maryam Chaudhry,BBA,3.61,18
8251,Yahya Khan,CS,3.73,20
9929,Maryam Chaudhry,CS,2.9,19
8260,Omar Ahmed,CS,3.93,23
7301,Noor Ansari,Math,3.7,23
2855,Fatima Sheikh,ME,2.81,20
3445,Omar Chaudhry,CE,2.9,22
9816,Kamran Mughal,Math,2.49,24
8813,Maryam Khan,BBA,2.88,21
9248,Tariq Raza,Chemistry,2.52,23
6968,Maryam Ansari,BBA,2.51,26
1509,Yahya Qureshi,CS,2.63,21
8160,Kamran Abbasi,CE,3.44,23
4054,Hina Ansari,Physics,2.49,26
2608,Hassan Qureshi,Chemistry,2.61,26
877,Hina Raza,Physics,2.97,18
6294,Usman Butt,ME,2.69,24
8968,Maryam Raza,Physics,3.22,26
7625,Yahya Malik,BBA,2.06,22
4535,Ayesha Butt,EE,3.51,18
540,Omar Chaudhry,CS,2.26,18
2538,Omar Khan,Physics,2.18,26
4560,Ahmed Abbasi,Math,2.61,26
6744,Hassan Ahmed,CS,3.35,22
8418,Tariq Ansari,BBA,3.38,22
4667,Ahmed Malik,BBA,2.33,24
954,Ahmed Ahmed,EE,2.68,21
3350,Bilal Qureshi,ME,2.56,20
6765,Noor Ahmed,CS,3.54,18
8303,Fatima Raza,CS,3.38,19
2075,Kamran Ansari,Chemistry,3.78,18
6015,Usman Khan,Chemistry,3.88,19
9671,Ayesha Malik,BBA,3.65,20
2340,Hina Qureshi,ME,3.36,18
5209,Bilal Abbasi,CS,3.45,24
1706,Bilal Mughal,CS,2.8,19
8707,Kamran Raza,Physics,3.52,21
7207,Bilal Butt,EE,2.4,24
8336,Tariq Raza,EE,3.37,24
9224,Bilal Syed,Physics,2.21,23
8650,Yahya Butt,ME,3.2,26
9589,Usman Butt,Chemistry,3.98,23
6584,Zainab Syed,Math,3.69,18
505,Sara Malik,BBA,3.65,22
9314,Usman Sheikh,Physics,3.02,18
1511,Hina Abbasi,Physics,2.25,23
4736,Omar Mughal,Chemistry,2.18,23
1827,Bilal Sheikh,CE,3.29,22
485,Ayesha Chaudhry,ME,3.92,19
138,Ahmed Malik,Physics,3.65,26
823,Zainab Ahmed,CE,3.14,19
6079,Maryam Mughal,ME,3.87,26
7647,Kamran Ahmed,Physics,3.83,20
4622,Tariq Raza,Math,2.98,18
4674,Sara Butt,Math,3.84,24
9192,Tariq Malik,CE,2.06,23
4772,Ahmed Qureshi,Physics,3.93,24
9968,Kamran Ahmed,ME,3.4,19
4962,Omar Ansari,BBA,2.28,25
6242,Maryam Ansari,CS,3.73,23
3041,Fatima Raza,CE,3.57,23
5409,Omar Chaudhry,EE,3.76,19
6180,Hina Khan,Chemistry,3.59,25
1028,Bilal Syed,ME,3.34,23
2935,Sara Sheikh,Math,2.95,24
5556,Ayesha Khan,CE,2.92,23
1679,Yahya Mughal,Math,2.73,25
5613,Kamran Khan,BBA,3.53,25
9912,Tariq Abbasi,ME,2.98,25
7273,Hina Abbasi,Physics,2.21,22
1387,Hina Raza,Chemistry,3.5,22
7790,Bilal Ahmed,Math,3.54,21
7028,Zainab Mughal,Chemistry,2.82,20
193,Yahya Raza,Chemistry,3.05,23
6229,Fatima Ahmed,EE,3.22,23
4023,Hina Butt,ME,2.65,20
1334,Hina Malik,ME,3.85,20
6793,Omar Butt,Math,3.55,26
1688,Noor Malik,Physics,3.18,23
479,Kamran Abbasi,ME,2.67,22
2338,Ahmed Khan,Math,2.2,20
5292,Fatima Ansari,BBA,2.31,18
9600,Fatima Butt,CE,2.49,21
4867,Hina Butt,Math,3.95,21
6412,Maryam Chaudhry,EE,2.63,21
3486,Noor Qureshi,Math,2.96,25
7066,Hina Butt,ME,3.74,19
5568,Ahmed Ansari,CS,3.3,20
305,Kamran Ahmed,Chemistry,2.08,20
5655,Maryam Abbasi,ME,3.94,23
6925,Kamran Sheikh,CS,2.18,22
1903,Fatima Mughal,ME,3.12,26
6906,Tariq Ahmed,Physics,3.97,22
2078,Maryam Ansari,Chemistry,2.8,19
5619,Usman Malik,Physics,2.96,24
3929,Kamran Ansari,Physics,2.82,26
5385,Usman Raza,Physics,3.44,20
4561,Usman Raza,Physics,2.21,26
6641,Kamran Chaudhry,Physics,3.32,25
1018,Usman Mughal,Chemistry,3.92,26
1208,Kamran Raza,CE,2.79,25
812,Bilal Ansari,BBA,3.46,19
2583,Yahya Mughal,CS,2.53,20
8172,Ayesha Khan,Chemistry,2.1,26
7067,Ayesha Malik,Math,3.96,26
3513,Bilal Syed,Chemistry,3.09,20
1835,Kamran Syed,EE,3.19,25
8482,Hina Syed,EE,3.53,20
4275,Bilal Khan,EE,2.97,22
1597,Omar Ahmed,CS,3.08,18
8434,Kamran Sheikh,CS,3.2,26
1460,Kamran Abbasi,Math,2.32,20
2700,Ayesha Malik,CE,3.49,23
1011,Ayesha Chaudhry,Chemistry,3.91,20
8219,Ahmed Chaudhry,BBA,3.95,22
5528,Ayesha Ahmed,Math,2.4,26
6662,Tariq Malik,CS,3.44,21
8083,Bilal Sheikh,BBA,2.47,20
9169,Ahmed Syed,CS,2.22,26
8385,Usman Qureshi,Physics,3.21,19
1073,Maryam Malik,Chemistry,3.1,26
5308,Ahmed Ansari,Math,2.85,25
5030,Tariq Khan,CE,3.94,20
8452,Hassan Sheikh,Physics,3.75,18
198,Bilal Qureshi,CS,3.26,25
3482,Zainab Ansari,Chemistry,2.09,21
5078,Zainab Ansari,BBA,3.61,20
3970,Fatima Butt,Math,2.63,20
104,Zainab Khan,Math,2.81,24
1872,Omar Khan,EE,3.15,25
8748,Hina Ansari,BBA,2.69,23
5975,Fatima Raza,ME,2.51,24
9531,Yahya Syed,CS,2.26,19
8247,Hina Mughal,BBA,2.69,24
7516,Sara Sheikh,Chemistry,2.61,18
4112,Zainab Qureshi,Physics,3.72,21
2066,Bilal Butt,ME,3.05,25
373,Fatima Ansari,Physics,3.22,25
8550,Usman Raza,Physics,3.6,22
2389,Kamran Chaudhry,BBA,2.25,26
1620,Ayesha Khan,BBA,3.5,22
2840,Hassan Syed,Physics,3.18,22
1775,Usman Abbasi,ME,2.66,22
5764,Yahya Abbasi,CS,3.14,23
9752,Ahmed Sheikh,Chemistry,2.62,26
4263,Yahya Butt,BBA,2.7,22
4368,Bilal Ansari,ME,2.16,18
2948,Hina Mughal,Chemistry,2.87,19
8027,Ayesha Khan,EE,2.24,22
5967,Bilal Abbasi,BBA,2.16,26
4613,Omar Qureshi,EE,3.42,24
6950,Fatima Malik,EE,2.4,19
1503,Tariq Chaudhry,Physics,3.17,25
5921,Hina Syed,CE,2.27,23
8404,Usman Qureshi,CE,3.55,25
9786,Noor Chaudhry,Chemistry,2.87,26
6808,Ahmed Syed,BBA,3.24,25
6933,Maryam Ahmed,CS,2.11,23
4246,Hassan Mughal,EE,2.48,20
1965,Ahmed Ansari,CE,3.12,20
9756,Omar Chaudhry,BBA,3.93,19
1528,Ahmed Chaudhry,BBA,2.1,25
521,Ahmed Sheikh,BBA,2.58,23
4509,Sara Butt,CS,2.77,20
2488,Usman Khan,Chemistry,3.72,26
3858,Noor Abbasi,Chemistry,2.39,24
353,Yahya Ahmed,EE,3.21,18
5810,Hassan Mughal,CS,3.81,25
4679,Sara Chaudhry,Chemistry,3.57,23
5875,Ayesha Raza,EE,2.35,26
8023,Usman Raza,Chemistry,2.45,23
1156,Zainab Ahmed,EE,2.2,22
7126,Usman Syed,EE,2.69,23
261,Hina Mughal,ME,3.77,25
3982,Zainab Raza,BBA,2.34,26
3716,Hassan Syed,Physics,3.83,22
9365,Hassan Ansari,CE,2.92,25
3973,Sara Mughal,CE,3.99,18
8602,Fatima Ansari,Chemistry,3.89,20
9016,Ahmed Ahmed,BBA,2.33,19
9959,Kamran Ahmed,Chemistry,2.21,25
525,Zainab Syed,EE,3.95,24
2732,Yahya Chaudhry,Physics,2.1,19
6732,Zainab Malik,Math,2.21,20
3506,Usman Mughal,ME,2.95,25
2350,Bilal Abbasi,Physics,3.86,23
9183,Hassan Qureshi,Physics,2.14,25
5959,Bilal Qureshi,Math,2.87,23
666,Omar Abbasi,BBA,3.56,19
3059,Maryam Sheikh,ME,3.28,24
7531,Ayesha Raza,CE,2.32,18
718,Bilal Abbasi,EE,2.59,20
2556,Maryam Mughal,BBA,3.96,26
1396,Sara Butt,BBA,3.82,21
1425,Ahmed Ansari,Math,2.98,21
6800,Usman Sheikh,CS,2.6,23
873,Ayesha Malik,EE,3.47,22
9817,Bilal Malik,EE,2.41,19
8480,Yahya Ahmed,CS,3.51,22
4660,Bilal Ahmed,EE,3.78,20
9017,Omar Syed,EE,2.5,19
1819,Usman Malik,Chemistry,2.39,26
2690,Ahmed Khan,CE,3.37,21
448,Hina Chaudhry,ME,2.75,20
1689,Omar Raza,BBA,3.72,25
7947,Zainab Ansari,ME,3.55,25
56,Bilal Khan,CS,2.37,18
9138,Noor Raza,BBA,3.18,26
6672,Omar Mughal,BBA,2.66,22
7897,Hassan Malik,CE,2.26,25
9877,Fatima Ahmed,Physics,2.93,19
6537,Ayesha Syed,Physics,3.35,20
7343,Usman Qureshi,CE,2.45,22
375,Hina Malik,Chemistry,2.36,20
6019,Kamran Abbasi,BBA,2.37,21
6770,Kamran Chaudhry,Chemistry,2.63,23
8086,Ahmed Raza,CE,3.47,21
6479,Usman Chaudhry,Math,2.43,26
9301,Ayesha Ansari,CE,3.23,22
365,Kamran Malik,Chemistry,2.97,20
6930,Maryam Qureshi,EE,2.13,22
6090,Omar Sheikh,CS,2.02,19
5570,Sara Butt,EE,2.97,20
2907,Noor Malik,Chemistry,3.0,18
9663,Noor Chaudhry,Math,3.38,24
9793,Hina Raza,Math,2.2,23
9157,Omar Qureshi,Physics,3.93,20
7866,Fatima Mughal,CS,2.56,26
1079,Usman Syed,CE,3.09,26
4158,Yahya Sheikh,Math,3.72,18
2312,Sara Abbasi,Physics,3.94,26
1717,Kamran Khan,Physics,3.93,26
6191,Hassan Ahmed,EE,2.2,25
9820,Ayesha Sheikh,CS,2.36,23
9355,Kamran Qureshi,BBA,2.65,19
5666,Zainab Abbasi,ME,2.49,21
8478,Ahmed Qureshi,Math,2.38,22
2572,Sara Mughal,Physics,3.19,21
6482,Zainab Ahmed,Physics,2.18,25
1421,Bilal Qureshi,EE,2.66,25
4457,Tariq Qureshi,Physics,2.76,22
3230,Tariq Abbasi,Physics,2.04,25
4506,Yahya Abbasi,CE,3.77,20
9286,Maryam Khan,Physics,2.32,22
1639,Fatima Qureshi,ME,2.03,18
8829,Ayesha Qureshi,Math,3.88,19
4590,Noor Raza,Physics,3.01,19
8900,Ayesha Ansari,ME,2.39,23
9716,Bilal Ansari,CE,3.84,24
3307,Ayesha Qureshi,Math,3.07,26
5934,Usman Ansari,Physics,2.42,19
3798,Omar Raza,ME,3.87,23
7873,Maryam Butt,ME,2.01,20
8146,Bilal Raza,Chemistry,2.1,25
5941,Omar Malik,CE,3.04,24
1038,Usman Abbasi,Math,2.15,21
1677,Maryam Ahmed,Physics,3.18,23
5517,Noor Raza,CS,2.43,19
3911,Ahmed Abbasi,CE,3.22,22
368,Zainab Qureshi,Chemistry,3.1,25
3498,Bilal Chaudhry,EE,3.8,18
3572,Hassan Khan,BBA,2.24,24
8089,Noor Mughal,ME,2.58,20
2757,Usman Abbasi,CS,2.27,25
6468,Kamran Mughal,BBA,3.4,21
9484,Zainab Mughal,BBA,2.54,25
4471,Usman Ansari,Chemistry,2.18,18
5736,Noor Qureshi,Chemistry,2.58,24
8699,Tariq Chaudhry,CS,3.32,19
9359,Maryam Raza,Chemistry,2.67,23
2009,Zainab Ansari,EE,2.47,25
4547,Maryam Malik,Chemistry,3.97,25
512,Maryam Chaudhry,BBA,2.04,22
268,Ayesha Butt,BBA,2.46,19
2457,Tariq Khan,CS,3.66,24
2458,Ayesha Raza,Chemistry,2.31,19
109,Noor Ahmed,EE,3.93,22
1255,Ahmed Khan,Physics,3.93,22
4163,Ahmed Ahmed,CE,3.99,23
1697,Maryam Syed,Physics,3.54,18
9230,Omar Syed,Math,3.05,25
1869,Yahya Ansari,EE,3.89,22
3013,Maryam Butt,EE,2.87,24
6787,Hina Syed,BBA,3.49,23
3461,Maryam Qureshi,EE,2.05,18
2147,Tariq Sheikh,Chemistry,3.52,25
6638,Hassan Ansari,EE,2.63,20
3374,Tariq Ahmed,BBA,3.08,24
5186,Ahmed Khan,ME,3.27,26
8624,Zainab Syed,ME,3.23,24
6606,Hina Ansari,CE,3.97,19
9266,Omar Mughal,ME,2.33,25
9085,Yahya Ahmed,BBA,2.06,25
2396,Noor Malik,CE,3.35,19
7152,Maryam Sheikh,Physics,3.65,22
2585,Maryam Abbasi,ME,3.19,21
8183,Kamran Qureshi,Chemistry,3.1,21
4620,Bilal Malik,CS,2.28,20
5189,Zainab Malik,Math,3.85,23
5372,Zainab Qureshi,Math,3.63,24
4256,Yahya Malik,CE,2.49,24
7998,Bilal Ansari,CS,3.64,22
7382,Kamran Khan,EE,2.58,25
6928,Ahmed Sheikh,Physics,2.67,18
8439,Maryam Butt,CS,3.95,25
5117,Zainab Raza,Math,2.85,19
9698,Yahya Malik,Math,2.65,26
4790,Ayesha Abbasi,Math,3.55,18
9565,Noor Malik,CS,3.66,23
12,Maryam Abbasi,Chemistry,3.71,18
9058,Ahmed Raza,EE,2.3,24
9223,Hina Ahmed,EE,2.87,18
5259,Hina Ansari,EE,3.29,20
5906,Tariq Chaudhry,CE,3.9,25
4777,Fatima Ansari,Physics,3.52,24
6005,Fatima Syed,EE,2.96,18
7230,Maryam Khan,Physics,2.01,18
4479,Fatima Ahmed,BBA,2.16,22
4083,Maryam Ansari,CS,2.05,25
6837,Hassan Mughal,EE,2.58,23
5860,Usman Raza,CE,2.85,26
5576,Hassan Abbasi,BBA,3.02,25
4068,Omar Ahmed,Chemistry,2.29,20
1269,Yahya Butt,BBA,3.11,20
6416,Ayesha Butt,CS,3.31,24
5157,Ahmed Khan,CS,2.79,19
5208,Zainab Chaudhry,ME,2.84,23
5279,Tariq Butt,EE,2.65,24
9077,Bilal Butt,Chemistry,3.78,25
8239,Omar Sheikh,Chemistry,2.04,19
3296,Fatima Abbasi,ME,3.65,18
1692,Yahya Qureshi,Physics,3.94,20
1191,Kamran Malik,CS,3.56,23
923,Omar Raza,CS,2.81,22
6271,Noor Ahmed,CE,2.43,19
6169,Tariq Abbasi,BBA,2.96,18
3800,Tariq Qureshi,Physics,3.98,24
9528,Bilal Butt,Math,3.55,26
9337,Hassan Ansari,Physics,3.21,24
7869,Zainab Mughal,CS,2.38,18
6086,Noor Qureshi,Math,2.34,26
1497,Yahya Khan,CS,2.19,26
7564,Bilal Butt,CS,2.72,21
1838,Hassan Qureshi,CS,3.62,24
7509,Tariq Ahmed,Physics,2.8,24
4239,Sara Ahmed,Physics,3.72,25
6150,Usman Ansari,EE,2.19,19
8233,Zainab Raza,ME,3.05,26
1663,Usman Ahmed,CS,3.4,21
2353,Bilal Butt,Chemistry,2.26,21
7297,Fatima Ahmed,EE,3.75,25
955,Sara Syed,Physics,2.89,25
9081,Bilal Raza,Chemistry,2.22,22
1294,Kamran Raza,Math,3.2,26
7392,Kamran Sheikh,EE,3.88,24
5948,Ahmed Malik,EE,3.88,25
7448,Hina Butt,Chemistry,2.64,25
1617,Maryam Raza,Chemistry,2.83,26
9839,Usman Abbasi,Physics,2.17,18
574,Omar Khan,Physics,3.14,19
5266,Ayesha Qureshi,Chemistry,2.27,18
824,Bilal Ansari,EE,3.56,25
4444,Kamran Sheikh,Math,3.08,19
6855,Tariq Qureshi,Math,3.38,19
3697,Yahya Mughal,Math,2.8,22
8744,Ahmed Butt,CS,2.93,21
8933,Hina Qureshi,CE,2.65,20
8904,Fatima Chaudhry,EE,3.84,26
1233,Sara Qureshi,CS,2.26,21
5727,Hina Malik,BBA,3.41,20
3661,Tariq Sheikh,CS,2.8,18
1485,Sara Raza,Chemistry,3.57,22
9837,Noor Abbasi,Physics,2.13,22
1157,Usman Khan,Physics,3.97,23
2444,Yahya Khan,Chemistry,2.23,25
9141,Ahmed Khan,Chemistry,3.81,26
1394,Hina Khan,EE,2.95,19
5146,Kamran Chaudhry,Physics,3.65,19
397,Usman Abbasi,CE,2.75,20
6579,Kamran Raza,ME,2.59,21
3060,Maryam Chaudhry,BBA,2.5,26
8647,Omar Syed,EE,3.12,25
4759,Fatima Ahmed,Physics,2.76,26
1065,Fatima Ahmed,Physics,2.97,25
6279,Kamran Syed,Chemistry,2.8,19
6853,Ayesha Abbasi,CS,2.46,24
7078,Zainab Khan,CS,3.04,18
3759,Maryam Butt,BBA,3.57,26
7266,Tariq Chaudhry,EE,3.02,18
8766,Kamran Sheikh,CE,2.55,21
2487,Omar Syed,CE,2.8,25
3663,Kamran Khan,CE,2.58,19
4093,Yahya Sheikh,ME,2.83,19
6033,Bilal Malik,BBA,3.42,18
1558,Ayesha Syed,CS,3.91,24
2503,Bilal Khan,ME,2.98,22
4646,Bilal Ahmed,EE,2.52,24
1224,Hassan Khan,CE,2.22,23
3134,Kamran Qureshi,Physics,3.78,26
2654,Noor Qureshi,EE,2.88,26
8047,Hassan Ahmed,EE,2.24,24
1474,Tariq Mughal,Chemistry,2.82,21
3492,Hassan Malik,EE,2.49,23
5246,Maryam Chaudhry,CS,2.25,22
217,Noor Malik,Chemistry,3.74,24
7280,Hina Syed,CS,2.11,18
7976,Tariq Khan,Physics,3.25,24
5398,Ayesha Mughal,EE,3.52,21
4430,Yahya Chaudhry,Math,3.35,25
1738,Sara Butt,CS,3.38,21
6880,Kamran Butt,Math,3.25,26
5302,Sara Butt,ME,3.85,26
6351,Omar Ahmed,BBA,3.46,23
7257,Ahmed Ahmed,Math,2.76,23
5594,Noor Raza,Math,2.94,18
3534,Omar Chaudhry,CS,2.22,25
4233,Ayesha Chaudhry,Physics,2.1,20
5185,Omar Ansari,Math,2.46,21
1654,Kamran Khan,BBA,3.43,26
8595,Fatima Syed,Chemistry,2.64,24
9000,Tariq Chaudhry,CE,2.41,24
2673,Sara Raza,CE,2.79,19
6282,Ahmed Malik,Physics,2.81,24
5444,Usman Sheikh,Physics,2.53,20
3324,Fatima Chaudhry,ME,2.69,19
5779,Noor Qureshi,Math,3.75,19
1388,Bilal Mughal,BBA,3.39,20
5489,Kamran Sheikh,BBA,2.37,21
5144,Kamran Mughal,CS,2.65,25
4196,Sara Qureshi,Math,3.44,20
2589,Sara Khan,EE,3.76,19
4973,Maryam Chaudhry,ME,3.27,19
4647,Tariq Ahmed,EE,2.69,21
8161,Noor Raza,Math,3.14,20
95,Omar Mughal,CS,2.4,23
3630,Ahmed Chaudhry,Math,2.04,19
9911,Bilal Mughal,Math,2.0,25
9332,Maryam Ansari,Math,2.62,24
9397,Yahya Sheikh,Physics,3.01,25
5429,Omar Chaudhry,ME,2.95,26
4536,Sara Sheikh,ME,3.05,19
4908,Fatima Ansari,CE,3.94,23
2419,Noor Raza,BBA,3.47,25
1374,Yahya Chaudhry,CS,3.29,18
3574,Hassan Ahmed,Chemistry,2.15,25
1007,Tariq Mughal,EE,2.49,25
1805,Ayesha Syed,CE,3.3,19
1595,Maryam Sheikh,Chemistry,3.26,24
5862,Omar Qureshi,BBA,3.66,25
3637,Ayesha Mughal,Physics,2.03,19
3339,Hassan Malik,Math,2.01,19
2800,Ahmed Syed,CE,3.26,19
1221,Ayesha Qureshi,CS,3.49,20
4137,Zainab Syed,BBA,2.9,19
8608,Omar Abbasi,EE,3.8,19
5574,Fatima Raza,ME,2.15,25
9063,Hassan Ansari,Math,2.47,25
3103,Usman Khan,EE,3.34,21
2083,Usman Ahmed,CS,3.84,22
3458,Maryam Qureshi,EE,2.75,18
7256,Hina Syed,Math,3.31,23
338,Ahmed Butt,Chemistry,2.03,24
9859,Ahmed Ansari,BBA,3.86,26
8858,Omar Syed,EE,3.14,24
6890,Zainab Qureshi,Chemistry,2.0,19
5320,Omar Malik,CS,3.93,21
6515,Tariq Mughal,BBA,2.98,18
8770,Usman Sheikh,CE,2.15,26
5639,Ahmed Syed,ME,2.13,23
5991,Maryam Sheikh,CE,2.7,24
1732,Omar Raza,BBA,3.05,20
3476,Maryam Raza,ME,3.44,22
9406,Maryam Khan,Physics,2.24,19
8353,Bilal Syed,BBA,2.22,20
7807,Noor Khan,BBA,2.6,25
3516,Ahmed Khan,Math,3.26,23
4248,Noor Butt,ME,3.72,26
8941,Sara Malik,CE,3.11,20
7931,Ahmed Khan,Math,3.71,26
1468,Hina Ansari,Physics,2.16,20
2812,Maryam Sheikh,ME,2.52,19
6783,Bilal Butt,EE,2.71,24
4133,Omar Mughal,CE,2.63,25
6312,Hassan Ansari,ME,3.65,24
4782,Zainab Mughal,CE,2.5,18
2315,Yahya Butt,Chemistry,3.46,20
2524,Zainab Raza,Physics,2.79,24
2155,Fatima Abbasi,EE,2.75,26
7208,Ayesha Butt,CS,3.64,26
2904,Tariq Mughal,CE,2.83,20
4128,Ahmed Mughal,BBA,3.94,23
4922,Noor Raza,CS,3.21,21
5968,Tariq Sheikh,CE,3.81,20
9648,Noor Chaudhry,EE,2.36,20
3294,Tariq Ahmed,EE,3.03,20
9182,Maryam Khan,CS,3.14,24
6731,Kamran Abbasi,Math,2.64,26
5275,Bilal Ahmed,BBA,2.35,25
7651,Tariq Malik,EE,2.67,19
7748,Ayesha Malik,BBA,2.25,20
6004,Kamran Qureshi,BBA,4.0,21
6669,Noor Abbasi,EE,2.15,22
4931,Ahmed Raza,Chemistry,2.62,19
9988,Yahya Raza,Chemistry,2.96,26
9997,Yahya Syed,Math,3.38,19
6571,Hina Sheikh,CE,2.46,21
1724,Omar Ahmed,EE,3.36,22
4280,Tariq Ahmed,CE,2.08,23
1529,Maryam Ahmed,Chemistry,2.32,20
4101,Usman Abbasi,Chemistry,2.14,23
8016,Sara Ansari,CS,2.03,20
744,Omar Sheikh,BBA,2.17,24
900,Noor Butt,Physics,3.09,26
60,Tariq Raza,CS,3.85,22
2520,Hassan Raza,Chemistry,2.27,21
5480,Ayesha Ahmed,CS,3.07,19
9149,Bilal Syed,CE,2.61,26
7354,Usman Qureshi,Physics,3.33,22
7962,Omar Khan,BBA,2.78,26
4294,Fatima Butt,Chemistry,3.46,22
6506,Kamran Abbasi,CE,2.2,21
6531,Kamran Mughal,EE,3.41,18
9846,Ahmed Khan,CE,3.11,22
9826,Yahya Butt,ME,3.7,19
7276,Bilal Raza,CS,2.39,18
5203,Hassan Malik,EE,3.22,20
7861,Tariq Abbasi,EE,2.88,21
2303,Usman Ansari,Math,2.52,25
252,Sara Khan,ME,2.2,22
7414,Maryam Raza,Chemistry,3.13,18
3999,Zainab Khan,BBA,3.99,24
5648,Hassan Abbasi,Chemistry,2.79,24
8235,Ahmed Butt,CE,2.39,21
6756,Noor Abbasi,Physics,2.53,26
8730,Noor Abbasi,Chemistry,2.58,24
5719,Fatima Ahmed,CE,3.91,19
5771,Usman Butt,BBA,3.77,26
6016,Omar Butt,EE,2.83,20
5679,Usman Syed,ME,3.22,26
7527,Hassan Syed,CE,2.14,18
3357,Kamran Raza,BBA,2.7,24
3544,Ayesha Ansari,Chemistry,2.35,20
9657,Hina Syed,Chemistry,2.18,25
5048,Yahya Sheikh,Physics,2.69,21
5484,Tariq Khan,Chemistry,3.5,22
3519,Sara Qureshi,BBA,2.11,19
9364,Usman Raza,BBA,2.25,24
136,Usman Mughal,Math,3.99,25
8691,Maryam Ahmed,Math,3.69,25
7705,Zainab Butt,Physics,2.24,23
1557,Fatima Qureshi,ME,2.22,23
3149,Maryam Raza,Chemistry,2.29,21
1582,Usman Raza,BBA,3.9,20
1881,Sara Ansari,Physics,3.71,25
4960,Omar Khan,EE,2.85,20
1998,Bilal Khan,EE,3.54,19
3705,Yahya Khan,ME,2.64,25
9574,Kamran Raza,CE,3.78,25
1720,Usman Raza,CE,3.58,19
4254,Usman Khan,CS,2.62,18
5011,Usman Raza,CE,2.59,23
9766,Hina Syed,EE,2.88,23
4383,Yahya Sheikh,CS,2.89,23
3656,Omar Sheikh,Physics,3.98,22
8566,Noor Malik,Chemistry,3.01,18
5965,Sara Malik,CS,2.72,23
2020,Fatima Syed,Physics,2.28,22
4982,Bilal Butt,Physics,3.57,21
6857,Bilal Khan,Physics,2.79,25
4279,Ahmed Chaudhry,CS,3.85,26
3286,Tariq Khan,EE,3.13,26
3501,Hina Khan,Physics,2.27,24
1614,Kamran Khan,CS,3.66,24
5813,Sara Ansari,CE,3.69,26
9982,Hina Ansari,Math,3.9,26
5622,Maryam Qureshi,ME,3.36,26
3789,Zainab Syed,Math,3.28,20
3399,Usman Syed,Chemistry,3.73,23
5237,Ayesha Chaudhry,BBA,2.58,19
8344,Ahmed Mughal,Chemistry,2.61,26
2962,Zainab Malik,CE,3.63,23
219,Noor Mughal,BBA,3.95,22
8710,Usman Syed,CS,2.86,26
441,Usman Khan,ME,3.22,26
2071,Hassan Qureshi,ME,3.34,23
2921,Ahmed Khan,Chemistry,3.0,22
2429,Bilal Butt,CS,2.3,19
7788,Omar Sheikh,CE,3.39,18
7195,Sara Khan,Physics,2.08,25
2271,Ayesha Raza,BBA,2.33,24
2942,Ayesha Raza,EE,3.63,20
3538,Hassan Sheikh,CS,2.2,20
1745,Noor Sheikh,Math,3.46,20
8077,Maryam Malik,Chemistry,2.1,26
6149,Hina Mughal,Math,2.11,18
8059,Zainab Butt,Math,3.17,20
3372,Ayesha Mughal,CS,3.74,21
5474,Ahmed Butt,Math,2.27,22
8461,Kamran Syed,EE,3.5,21
6803,Hassan Sheikh,Chemistry,2.08,25
3078,Usman Ahmed,ME,3.5,19
1878,Noor Mughal,CS,3.03,18
1121,Noor Mughal,Chemistry,3.05,19
3768,Yahya Sheikh,Chemistry,2.11,19
5176,Ayesha Syed,EE,2.31,22
2391,Tariq Ansari,Math,3.04,18
3402,Yahya Qureshi,BBA,3.4,20
5121,Noor Mughal,ME,2.43,24
303,Tariq Khan,BBA,3.55,20
9005,Hassan Khan,Math,2.81,21
3332,Omar Khan,ME,3.45,20
9354,Zainab Qureshi,BBA,2.36,22
9090,Hassan Sheikh,CS,3.92,22
5476,Kamran Butt,EE,2.09,22
41,Yahya Qureshi,BBA,2.51,21
7417,Yahya Abbasi,CS,2.34,23
9465,Noor Ahmed,BBA,3.69,19
2227,Ahmed Syed,Math,3.74,22
2337,Yahya Syed,CS,4.0,19
8009,Ayesha Mughal,Math,3.81,20
4740,Usman Mughal,ME,2.7,25
3096,Zainab Mughal,Physics,2.22,19
7426,Yahya Malik,Math,2.61,20
5338,Kamran Butt,Physics,3.45,24
296,Fatima Qureshi,CE,3.83,19
9055,Kamran Qureshi,CE,3.57,18
9071,Ayesha Raza,ME,3.83,20
6528,Usman Chaudhry,BBA,2.94,23
5411,Noor Syed,Physics,2.61,20
9254,Yahya Qureshi,CS,2.21,20
858,Omar Syed,BBA,3.34,26
3740,Usman Chaudhry,Physics,3.69,25
7429,Omar Abbasi,CE,3.3,25
3246,Yahya Qureshi,ME,2.84,23
366,Usman Abbasi,BBA,3.62,24
7068,Bilal Syed,CS,3.5,22
8889,Bilal Butt,Math,3.67,21
3412,Omar Syed,EE,2.97,19
10,Fatima Malik,EE,2.23,18
2061,Usman Raza,BBA,3.46,26
9291,Tariq Qureshi,Chemistry,2.31,24
342,Ayesha Qureshi,EE,2.05,19
1804,Ahmed Butt,Math,2.44,24
2603,Usman Mughal,EE,2.89,22
7685,Fatima Ansari,BBA,3.78,18
7463,Hina Qureshi,EE,2.68,18
7143,Sara Mughal,EE,3.92,20
7860,Tariq Qureshi,CS,2.06,21
1281,Tariq Abbasi,Physics,2.59,19
4758,Fatima Abbasi,CS,3.75,18
2094,Maryam Mughal,EE,3.12,25
1136,Zainab Khan,Chemistry,3.24,24
4225,Zainab Khan,Math,3.6,24
9249,Kamran Sheikh,CS,3.12,18
4317,Usman Ansari,EE,3.05,20
6137,Sara Ansari,CS,2.43,19
7674,Hina Qureshi,Physics,3.28,22
6807,Tariq Malik,CS,2.48,25
8555,Noor Mughal,Physics,2.62,19
2798,Zainab Raza,BBA,2.02,25
8289,Noor Malik,Physics,2.22,21
4689,Hina Ahmed,BBA,3.34,19
6400,Maryam Sheikh,ME,2.57,24
7763,Hassan Chaudhry,Math,3.05,23
9562,Omar Khan,EE,3.3,21
289,Maryam Butt,EE,2.95,24
7009,Bilal Ahmed,CE,2.58,24
2446,Hassan Qureshi,CS,3.67,19
7843,Hina Khan,CE,2.57,23
8582,Kamran Ahmed,CS,2.12,26
8504,Sara Malik,Chemistry,3.51,19
8449,Usman Syed,BBA,2.04,25
3607,Hassan Khan,Chemistry,3.03,25
6863,Ahmed Mughal,EE,3.89,21
3489,Noor Raza,BBA,3.06,23
64,Omar Ansari,Chemistry,3.79,24
9015,Maryam Ansari,CE,3.22,19
6964,Yahya Abbasi,EE,3.51,25
6301,Zainab Butt,EE,2.17,25
6879,Noor Sheikh,Chemistry,3.58,25
2188,Zainab Sheikh,Physics,2.91,26
3187,Ayesha Qureshi,EE,3.76,20
4090,Bilal Ahmed,Chemistry,2.31,22
119,Yahya Abbasi,Physics,2.15,21
8493,Tariq Raza,ME,2.34,26
5692,Hina Khan,Chemistry,2.62,25
9495,Maryam Ansari,CE,3.17,20
6366,Hina Syed,Math,3.97,22
3273,Maryam Mughal,Chemistry,2.85,24
5177,Ahmed Syed,EE,2.88,19
8364,Maryam Abbasi,ME,3.17,21
6050,Maryam Qureshi,Chemistry,2.85,23
2148,Zainab Syed,Physics,2.27,22
7678,Hina Qureshi,Chemistry,2.25,23
5519,Ayesha Khan,Math,3.65,18
765,Hina Abbasi,Physics,2.33,22
8564,Maryam Raza,CS,2.39,22
887,Hassan Syed,Physics,2.29,21
8803,Fatima Syed,Physics,2.66,18
5611,Kamran Abbasi,EE,3.03,26
90,Yahya Khan,Math,3.77,24
6313,Maryam Ansari,Math,2.67,21
936,Kamran Sheikh,ME,3.63,23
7662,Hassan Butt,EE,3.6,24
3132,Hassan Abbasi,CE,3.16,24
3780,Ahmed Chaudhry,Physics,3.37,19
3500,Kamran Sheikh,Chemistry,2.08,18
8152,Usman Chaudhry,ME,2.24,19
3784,Omar Syed,CS,2.42,22
2489,Bilal Khan,EE,3.38,18
9229,Sara Syed,CE,3.1,20
7547,Fatima Raza,ME,3.07,19
3631,Fatima Raza,EE,3.29,24
8329,Yahya Qureshi,CE,2.14,20
4437,Noor Malik,EE,2.32,24
3893,Ayesha Ansari,CS,2.99,18
8927,Hina Malik,Chemistry,3.73,20
588,Yahya Sheikh,CS,2.33,25
188,Ayesha Ansari,Chemistry,3.28,22
9791,Yahya Raza,Math,3.92,19
1790,Zainab Ansari,CS,2.35,25
5772,Sara Chaudhry,Chemistry,3.71,22
8302,Yahya Butt,Physics,3.77,24
1019,Omar Raza,Chemistry,2.29,23
3776,Maryam Mughal,BBA,2.76,18
8486,Hassan Malik,Math,2.14,19
3112,Omar Ansari,Physics,2.67,19
6629,Zainab Malik,Math,3.0,18
1830,Sara Sheikh,Chemistry,3.18,26
5374,Ayesha Abbasi,Physics,3.64,18
3425,Zainab Ansari,Math,3.72,22
9414,Ahmed Ahmed,EE,2.91,19
5492,Fatima Qureshi,Chemistry,3.1,25
3135,Hassan Ansari,EE,3.68,21
755,Noor Raza,Physics,3.36,18
2254,Tariq Mughal,Physics,2.1,25
6882,Fatima Butt,ME,2.45,24
547,Yahya Ansari,CS,3.82,25
2346,Sara Qureshi,Math,2.29,24
3226,Noor Ahmed,CE,2.63,21
7757,Noor Ansari,Math,2.09,26
7526,Noor Raza,EE,2.17,20
7446,Ayesha Abbasi,BBA,3.25,24
2922,Sara Ahmed,Math,3.75,25
9059,Usman Malik,ME,2.38,20
9717,Fatima Ahmed,CE,3.05,19
3150,Omar Syed,Physics,3.88,22
2549,Noor Butt,EE,3.78,23
3167,Tariq Ahmed,BBA,3.82,22
475,Maryam Syed,CS,2.05,18
1554,Ayesha Khan,BBA,2.12,19
324,Sara Khan,CE,3.74,21
8000,Zainab Sheikh,BBA,3.53,18
3490,Omar Khan,EE,3.0,18
6089,Bilal Khan,BBA,3.62,24
8068,Omar Chaudhry,BBA,2.04,19
4282,Zainab Raza,BBA,3.06,26
5059,Tariq Abbasi,Chemistry,2.26,18
1080,Noor Ahmed,CS,3.18,26
5137,Ahmed Malik,CE,3.44,19
4714,Hina Butt,Physics,2.6,22
3411,Hassan Sheikh,EE,2.57,24
9177,Zainab Sheikh,Chemistry,2.1,23
7322,Ahmed Ahmed,ME,3.53,26
5504,Yahya Khan,BBA,3.38,21
311,Fatima Raza,Physics,3.96,21
8925,Sara Chaudhry,Chemistry,2.12,24
6876,Hina Butt,CS,2.0,21
7472,Maryam Ansari,BBA,2.89,23
3327,Zainab Malik,Physics,2.54,18
9438,Noor Ansari,ME,2.34,26
5364,Sara Khan,EE,3.61,20
358,Omar Syed,Chemistry,3.25,19
9368,Tariq Butt,Chemistry,2.37,21
5052,Hina Abbasi,BBA,2.12,24
1006,Zainab Mughal,EE,2.09,25
9117,Sara Syed,BBA,3.53,24
6357,Hassan Khan,CS,2.43,20
997,Zainab Abbasi,Physics,3.51,22
992,Bilal Khan,CE,2.16,20
34,Tariq Qureshi,ME,3.69,19
5133,Bilal Sheikh,Chemistry,2.55,21
7225,Maryam Syed,Physics,3.79,24
7168,Sara Sheikh,Math,3.02,19
2985,Sara Ahmed,Physics,3.83,19
9057,Noor Malik,BBA,2.05,25
8179,Usman Raza,Physics,3.6,23
2070,Hina Syed,EE,2.93,22
2021,Hassan Butt,Chemistry,2.06,22
8558,Usman Mughal,Math,2.87,20
9126,Noor Ahmed,Chemistry,3.79,24
1981,Noor Syed,BBA,3.43,23
5801,Ahmed Malik,CE,2.56,22
9216,Zainab Abbasi,Math,2.7,24
9342,Yahya Mughal,CS,2.98,18
8428,Kamran Abbasi,CS,3.57,22
3771,Sara Abbasi,ME,2.68,19
4425,Ahmed Qureshi,ME,3.78,22
8878,Usman Khan,CS,2.78,18
9569,Ahmed Ansari,CS,3.43,26
8648,Kamran Raza,Math,3.74,19
6156,Maryam Raza,ME,2.75,22
9247,Zainab Ansari,ME,3.6,22
2640,Tariq Abbasi,CE,2.54,22
9258,Kamran Qureshi,Physics,3.56,23
741,Usman Chaudhry,BBA,2.59,22
6448,Bilal Qureshi,CE,2.43,25
9976,Tariq Qureshi,CE,2.35,22
6694,Noor Abbasi,EE,2.99,22
2604,Hina Sheikh,EE,3.54,24
7413,Usman Sheikh,Physics,2.86,26
8528,Hina Sheikh,CS,3.19,19
5401,Ahmed Chaudhry,EE,2.3,21
8967,Usman Raza,Chemistry,2.43,24
7534,Ahmed Mughal,CS,3.54,18
2931,Maryam Ansari,CS,3.69,23
9675,Usman Chaudhry,Physics,3.35,21
1223,Hassan Khan,BBA,3.78,25
5571,Fatima Abbasi,ME,3.83,20
7175,Maryam Syed,BBA,3.15,21
5695,Maryam Sheikh,CS,3.62,20
9939,Fatima Qureshi,BBA,3.96,26
1021,Omar Sheikh,ME,2.1,21
378,Ayesha Sheikh,EE,3.05,23
1882,Sara Butt,CS,2.88,19
2058,Fatima Syed,BBA,3.94,21
2674,Sara Syed,CS,3.55,25
5706,Sara Butt,Chemistry,2.21,21
6224,Tariq Sheikh,Physics,3.08,23
1982,Sara Abbasi,ME,3.0,24
2277,Omar Butt,Physics,2.74,22
3063,Noor Butt,Chemistry,3.89,18
6712,Hina Ahmed,BBA,2.13,23
1176,Ahmed Raza,CS,2.3,19
9640,Noor Raza,EE,3.95,24
1583,Hina Syed,Chemistry,2.92,24
3251,Tariq Abbasi,Chemistry,2.92,26
7291,Noor Syed,CS,3.04,21
7123,Bilal Khan,CE,2.19,23
2072,Ahmed Syed,CS,2.83,25
3728,Hina Qureshi,ME,3.69,22
3992,Ahmed Ahmed,CS,3.27,21
202,Kamran Butt,ME,2.95,24
6368,Tariq Syed,EE,2.42,21
8890,Zainab Sheikh,Chemistry,2.67,19
1591,Sara Khan,EE,3.31,26
4753,Yahya Abbasi,Physics,3.45,20
3523,Usman Qureshi,Chemistry,3.5,26
5432,Ahmed Khan,CS,3.36,18
8040,Maryam Chaudhry,Chemistry,3.86,20
8583,Usman Khan,EE,3.05,26
2900,Ahmed Raza,CE,3.21,20
2024,Hina Ansari,BBA,3.73,21
5252,Ahmed Mughal,Math,2.18,21
6241,Bilal Qureshi,CE,2.1,24
4461,Usman Syed,Math,3.89,22
3919,Omar Sheikh,Physics,3.31,25
1576,Zainab Chaudhry,BBA,3.93,24
1165,Fatima Sheikh,EE,2.13,20
4651,Hina Syed,Physics,2.78,19
5242,Hassan Qureshi,ME,3.07,21
6985,Yahya Ahmed,Chemistry,3.26,26
8920,Fatima Malik,Chemistry,3.11,21
9602,Fatima Syed,CE,2.56,23
8607,Ahmed Syed,CS,3.73,21
6869,Zainab Mughal,CE,2.41,24
1111,Hina Khan,CE,2.98,24
3275,Maryam Ansari,Chemistry,2.53,26
5586,Noor Qureshi,Physics,3.09,25
8006,Bilal Chaudhry,EE,3.06,18
6135,Zainab Ahmed,Math,3.89,25
2286,Bilal Qureshi,Math,3.89,23
3813,Sara Ahmed,Physics,2.53,21
8685,Tariq Chaudhry,EE,2.97,18
9797,Tariq Raza,EE,2.51,25
8902,Hina Qureshi,CE,2.18,20
4192,Hina Sheikh,CE,2.62,19
8621,Tariq Sheikh,CE,2.1,19
3673,Fatima Ansari,ME,3.04,20
1914,Bilal Qureshi,CE,3.53,24
996,Yahya Khan,EE,3.49,20
9812,Zainab Khan,ME,2.89,21
7001,Yahya Chaudhry,BBA,3.75,23
4698,Bilal Abbasi,Physics,3.75,22
9704,Hina Mughal,ME,2.29,26
3652,Usman Ansari,EE,2.07,18
6049,Omar Chaudhry,Math,3.97,22
9456,Maryam Abbasi,ME,3.57,19
2518,Fatima Abbasi,CS,3.1,24
6262,Omar Raza,ME,2.53,18
7442,Usman Raza,BBA,3.9,21
7808,Fatima Malik,EE,2.6,19
8626,Sara Raza,CS,2.71,25
8758,Kamran Raza,Math,3.27,21
6540,Maryam Qureshi,Physics,2.97,25
444,Hina Khan,ME,2.44,25
882,Hassan Qureshi,BBA,3.03,19
8810,Yahya Ansari,Chemistry,2.5,23
7411,Zainab Sheikh,Math,3.79,19
3525,Noor Syed,EE,3.73,24
6151,Hassan Malik,Physics,3.27,22
8018,Bilal Malik,ME,2.29,25
5687,Yahya Khan,Chemistry,2.38,21
9934,Ahmed Khan,BBA,3.49,22
3783,Usman Raza,ME,3.37,22
4273,Fatima Raza,CE,2.45,26
978,Yahya Ahmed,Math,3.94,21
4797,Zainab Sheikh,CE,2.34,26
8579,Fatima Sheikh,Math,2.54,19
9367,Noor Qureshi,Physics,2.51,22
5143,Fatima Malik,ME,3.28,24
2008,Hina Raza,Chemistry,2.39,24
9425,Usman Abbasi,Math,3.05,21
5239,Usman Ahmed,ME,3.2,23
2590,Ahmed Mughal,Chemistry,3.54,20
2842,Zainab Malik,CS,3.98,24
2927,Zainab Syed,Math,2.43,19
5081,Bilal Malik,ME,3.3,19
3834,Sara Abbasi,CE,2.61,21
8680,Hina Ahmed,ME,2.34,24
8996,Ayesha Mughal,BBA,3.97,21
8048,Hassan Sheikh,Chemistry,3.15,21
3194,Sara Mughal,EE,3.11,26
6104,Kamran Ansari,Math,2.93,26
1604,Sara Butt,ME,2.32,20
2432,Fatima Khan,CE,3.78,23
238,Hassan Butt,CS,2.21,18
3526,Ahmed Qureshi,Chemistry,2.92,21
449,Omar Ahmed,BBA,2.1,26
5493,Fatima Khan,CS,2.99,23
7600,Kamran Raza,Math,2.67,21
3996,Hina Syed,Physics,3.18,21
1166,Ahmed Malik,Math,2.77,21
3763,Fatima Mughal,Math,2.19,18
2120,Omar Raza,Math,2.52,20
2895,Noor Malik,CS,3.29,21
5900,Hina Khan,BBA,3.8,20
8017,Kamran Ansari,Physics,2.09,18
6273,Kamran Ahmed,EE,2.51,22
6733,Usman Chaudhry,EE,2.03,24
8853,Zainab Sheikh,EE,2.22,26
6177,Noor Ahmed,Math,3.8,18
9942,Omar Syed,Chemistry,2.28,20
8883,Ahmed Malik,Chemistry,3.71,18
5339,Hina Qureshi,Physics,3.34,26
1915,Hassan Syed,Chemistry,2.74,23
7710,Bilal Syed,ME,3.42,23
6026,Hina Abbasi,CS,2.44,20
6027,Hassan Chaudhry,BBA,2.1,18
8849,Hina Chaudhry,Chemistry,3.28,24
5766,Ahmed Syed,Math,3.85,23
5268,Kamran Chaudhry,ME,2.6,20
8764,Maryam Sheikh,ME,2.15,21
1046,Bilal Raza,Chemistry,3.49,23
2649,Tariq Qureshi,Math,3.46,19
6752,Usman Butt,Physics,2.91,24
3423,Hina Ahmed,CS,2.77,19
3794,Hina Ahmed,CE,3.12,22
4810,Hina Qureshi,ME,2.59,21
313,Omar Qureshi,CE,3.74,20
8263,Fatima Syed,Physics,2.1,22
2302,Maryam Ahmed,Math,3.44,24
2263,Ahmed Ahmed,Physics,2.39,25
1795,Ahmed Syed,CE,2.06,19
6159,Bilal Sheikh,CS,2.44,23
8536,Yahya Malik,Physics,3.08,18
6165,Bilal Butt,Physics,2.07,24
8991,Ahmed Raza,CS,3.86,26
2932,Yahya Raza,Physics,3.24,24
8922,Kamran Ahmed,CE,2.07,22
4706,Hina Malik,Chemistry,3.47,22
6993,Fatima Sheikh,CE,2.72,18
2178,Sara Chaudhry,CE,2.02,23
6577,Sara Chaudhry,Math,2.85,18
1122,Maryam Mughal,CE,2.24,23
406,Noor Butt,CS,3.86,20
1286,Maryam Ahmed,CS,3.68,22
9945,Kamran Chaudhry,Chemistry,3.29,18
7765,Hina Khan,Math,3.57,25
2074,Ayesha Malik,BBA,3.58,22
9571,Kamran Raza,Math,2.78,25
9879,Maryam Butt,CS,3.67,19
2273,Fatima Abbasi,EE,3.8,24
6489,Maryam Ansari,ME,3.18,18
7242,Hassan Syed,Chemistry,2.62,19
6549,Kamran Malik,Math,3.25,25
5350,Kamran Syed,Chemistry,3.13,22
4656,Bilal Syed,BBA,2.83,26
8952,Omar Ahmed,EE,3.13,19
1637,Hassan Ahmed,CS,3.64,20
2988,Fatima Butt,ME,2.36,20
98,Hassan Khan,ME,3.59,25
1469,Maryam Mughal,Chemistry,2.77,22
736,Usman Butt,EE,3.45,23
4456,Zainab Sheikh,Physics,2.08,26
6349,Sara Abbasi,CE,3.82,18
5891,Omar Ansari,Chemistry,2.85,25
6714,Ahmed Abbasi,ME,2.62,21
7452,Tariq Butt,Chemistry,3.83,22
6314,Usman Abbasi,Physics,2.84,26
2913,Bilal Qureshi,Math,3.85,24
7811,Noor Butt,Chemistry,2.07,19
4315,Usman Raza,ME,3.86,24
7103,Ahmed Butt,BBA,3.09,22
9496,Tariq Butt,Physics,2.16,19
6158,Fatima Chaudhry,CS,3.01,24
8891,Bilal Raza,Chemistry,2.17,19
5607,Kamran Sheikh,BBA,2.05,18
9087,Ayesha Chaudhry,Physics,3.26,22
7013,Hassan Khan,Physics,3.19,18
9225,Maryam Raza,Chemistry,3.2,18
2326,Omar Ansari,CE,2.2,19
1338,Bilal Sheikh,Chemistry,2.88,18
1766,Omar Mughal,CS,3.62,19
1285,Fatima Mughal,CE,2.33,26
5205,Hassan Butt,Math,3.62,22
4859,Yahya Khan,CE,2.41,20
3555,Hina Malik,ME,2.1,19
2984,Tariq Ahmed,Chemistry,2.82,23
2317,Maryam Malik,CS,2.58,25
2821,Zainab Ansari,CE,3.98,19
886,Ahmed Ansari,ME,3.92,26
6562,Maryam Chaudhry,ME,2.79,22
542,Sara Butt,EE,3.35,24
9492,Sara Abbasi,Math,2.48,23
8454,Ayesha Sheikh,Physics,3.14,23
7739,Tariq Sheikh,EE,2.25,18
9139,Sara Chaudhry,ME,3.0,23
7076,Ahmed Malik,CS,3.01,18
9601,Maryam Mughal,BBA,3.88,20
3430,Noor Chaudhry,Physics,3.55,22
4539,Sara Qureshi,Math,2.78,22
5408,Maryam Butt,BBA,2.03,26
9448,Sara Sheikh,BBA,3.77,18
7576,Kamran Qureshi,EE,3.7,26
6825,Hassan Ansari,ME,3.59,19
7228,Hina Syed,CS,2.03,26
4833,Fatima Raza,BBA,3.61,18
7332,Noor Raza,Math,2.53,19
4443,Bilal Ansari,EE,2.85,22
2190,Hina Ansari,CE,2.43,25
3949,Ayesha Ahmed,CS,3.46,24
6066,Zainab Qureshi,EE,2.32,22
4022,Ayesha Mughal,Chemistry,2.75,21
689,Hina Butt,BBA,2.84,18
5100,Ahmed Ansari,BBA,3.12,20
3261,Ahmed Syed,BBA,3.28,26
9035,Hina Malik,ME,3.7,21
8005,Omar Sheikh,BBA,3.37,24
9835,Fatima Butt,Chemistry,3.09,26
242,Usman Butt,EE,3.15,19
8548,Fatima Chaudhry,ME,2.46,24
8076,Ayesha Ansari,Math,3.21,18
4485,Bilal Raza,CE,2.49,21
985,Sara Butt,BBA,3.75,21
326,Noor Abbasi,Physics,2.8,23
5888,Hassan Sheikh,BBA,3.07,22
8386,Zainab Mughal,Math,3.25,22
3228,Kamran Syed,CE,2.45,18
6113,Ahmed Ansari,EE,2.9,25
3613,Noor Ansari,ME,3.81,22
8271,Ahmed Raza,CS,2.15,24
7215,Maryam Malik,Physics,3.21,19
5595,Kamran Sheikh,Math,3.24,26
7260,Noor Khan,Chemistry,2.58,22
2445,Yahya Sheikh,Math,2.44,21
100,Yahya Raza,Math,3.42,20
2167,Tariq Ansari,Math,3.04,20
9803,Kamran Malik,Physics,3.4,18
8868,Sara Khan,Physics,2.36,21
7493,Bilal Malik,Math,3.43,24
4936,Bilal Khan,CS,3.62,21
5503,Ahmed Khan,Physics,2.81,19
394,Hassan Syed,Physics,2.55,20
8921,Tariq Ansari,Physics,2.96,26
3865,Hina Raza,BBA,3.35,21
4322,Maryam Chaudhry,ME,2.42,22
9563,Zainab Butt,Chemistry,2.0,23
8330,Usman Chaudhry,Math,3.51,18
321,Sara Mughal,Chemistry,3.67,24
1740,Hina Chaudhry,CE,3.71,24
5470,Yahya Sheikh,CS,2.83,21
7470,Fatima Chaudhry,Physics,2.68,18
2959,Maryam Malik,Chemistry,3.23,25
663,Maryam Qureshi,BBA,3.3,23
9027,Sara Malik,Math,2.11,24
9142,Noor Raza,EE,3.18,24
9923,Bilal Syed,Chemistry,3.04,22
1071,Fatima Raza,CE,3.63,21
4823,Ahmed Sheikh,Physics,3.94,18
8848,Ahmed Mughal,Physics,2.39,24
3248,Omar Sheikh,EE,3.8,23
9595,Noor Khan,CE,2.65,26
5190,Tariq Malik,CS,2.3,26
1323,Hina Khan,Physics,3.44,19
7814,Noor Ahmed,Physics,2.15,24
1442,Hina Butt,CS,2.01,25
2823,Maryam Malik,Math,2.39,20
8690,Bilal Ahmed,ME,3.78,21
9304,Ahmed Chaudhry,CE,2.4,18
9437,Noor Ahmed,CE,2.03,20
4762,Sara Ansari,EE,2.51,20
7149,Fatima Ansari,BBA,2.26,22
7483,Ayesha Ahmed,EE,3.83,18
6678,Maryam Chaudhry,Chemistry,3.36,23
8892,Ahmed Qureshi,ME,3.78,24
5162,Zainab Abbasi,Physics,2.26,19
5419,Zainab Raza,Math,2.76,20
8683,Noor Sheikh,CS,2.94,21
3875,Bilal Khan,ME,2.89,20
8126,Omar Ansari,CS,2.92,20
2257,Ahmed Abbasi,Math,2.66,24
9889,Kamran Malik,BBA,2.67,23
395,Fatima Ansari,CE,3.89,25
5998,Ayesha Ahmed,Math,2.17,24
4737,Usman Chaudhry,Chemistry,2.45,23
170,Zainab Chaudhry,CE,2.47,18
7904,Tariq Butt,CE,3.13,24
8523,Fatima Malik,Chemistry,2.94,26
8676,Bilal Ansari,Math,3.46,18
463,Ahmed Qureshi,EE,2.97,24
8823,Omar Syed,EE,3.99,26
1240,Bilal Butt,Math,2.64,23
7324,Fatima Ahmed,Chemistry,2.7,23
2101,Tariq Ansari,EE,2.74,24
4927,Hassan Ansari,Chemistry,2.51,19
5775,Fatima Syed,Chemistry,2.23,25
9949,Hassan Chaudhry,Math,3.99,20
1959,Tariq Raza,ME,3.8,25
9659,Noor Qureshi,CE,2.78,22
7334,Noor Khan,Physics,2.89,21
636,Tariq Raza,ME,3.94,18
1232,Hassan Chaudhry,BBA,2.99,19
8038,Ahmed Qureshi,CE,2.75,19
2645,Yahya Syed,Chemistry,3.18,23
6186,Fatima Raza,EE,3.29,18
9265,Ahmed Malik,BBA,2.91,21
5220,Yahya Ansari,BBA,2.94,22
7032,Zainab Khan,Physics,2.79,21
9082,Yahya Ahmed,EE,2.19,21
8507,Omar Khan,Chemistry,2.3,26
2370,Ahmed Ansari,Chemistry,2.14,26
2137,Fatima Ahmed,CE,2.13,21
315,Fatima Khan,ME,2.73,20
9725,Noor Abbasi,ME,3.96,24
3915,Omar Syed,Math,2.77,18
3578,Tariq Ansari,ME,3.09,25
2779,Omar Ahmed,CS,2.86,26
3956,Noor Sheikh,Physics,2.03,19
459,Omar Ahmed,ME,2.14,19
3725,Zainab Butt,Chemistry,2.1,22
1763,Zainab Raza,ME,2.09,20
3839,Fatima Khan,Physics,2.55,26
7906,Tariq Ahmed,Chemistry,2.2,22
4374,Noor Raza,CE,2.87,25
3465,Bilal Sheikh,Chemistry,3.4,22
1434,Usman Chaudhry,BBA,3.6,26
9348,Omar Qureshi,CS,3.67,21
4589,Maryam Qureshi,ME,3.08,18
6359,Fatima Butt,BBA,3.85,19
7457,Yahya Mughal,ME,2.48,26
4548,Usman Malik,CE,3.18,23
2841,Omar Ansari,Math,3.01,24
8451,Zainab Syed,Chemistry,2.45,19
5365,Hassan Qureshi,ME,3.84,18
2753,Fatima Sheikh,Math,2.08,25
1765,Fatima Ansari,Chemistry,3.13,18
7023,Kamran Abbasi,BBA,2.25,19
9069,Tariq Qureshi,BBA,2.73,21
5938,Yahya Ahmed,CS,3.85,22
4204,Fatima Chaudhry,BBA,2.19,24
3575,Noor Syed,Physics,2.21,22
2400,Sara Chaudhry,CE,3.83,26
4616,Zainab Ahmed,EE,3.17,19
9001,Kamran Raza,CE,2.22,18
5661,Usman Butt,CE,2.7,24
6965,Zainab Syed,Chemistry,3.6,20
7740,Ahmed Mughal,Physics,3.88,24
700,Noor Mughal,Chemistry,2.88,21
9116,Ahmed Butt,Physics,2.47,23
3079,Hassan Syed,BBA,2.47,19
6665,Fatima Chaudhry,EE,2.79,26
23,Omar Ansari,Math,3.28,26
253,Maryam Raza,ME,2.06,23
8844,Ayesha Mughal,Chemistry,2.95,21
8951,Hassan Sheikh,EE,2.76,18
7772,Kamran Ansari,Physics,3.76,24
460,Kamran Khan,ME,3.0,18
2172,Ahmed Ansari,EE,2.51,21
3089,Ayesha Malik,CS,2.31,22
2435,Tariq Khan,CE,2.1,21
560,Ayesha Qureshi,Math,2.66,20
7588,Sara Chaudhry,ME,2.92,25
8816,Hassan Ahmed,BBA,3.15,24
2465,Usman Khan,CS,3.59,26
154,Ahmed Syed,Math,3.7,18
3264,Hassan Ahmed,Math,3.34,26
7161,Sara Mughal,Physics,3.82,19
8836,Ahmed Sheikh,Math,3.26,21
3845,Usman Ahmed,Physics,3.24,26
2170,Usman Chaudhry,Math,2.32,23
2443,Hina Malik,Math,2.22,26
8400,Fatima Ansari,Chemistry,2.12,24
5910,Usman Khan,Math,3.04,20
2320,Noor Sheikh,ME,2.12,22
7563,Zainab Ahmed,ME,3.81,26
5184,Fatima Mughal,ME,2.1,20
2030,Kamran Malik,Chemistry,3.62,20
8425,Ayesha Abbasi,EE,3.9,19
2930,Zainab Syed,EE,2.14,22
2761,Maryam Chaudhry,Physics,3.29,26
3175,Hina Sheikh,CE,3.96,23
4429,Fatima Abbasi,Chemistry,2.76,26
3344,Noor Syed,BBA,3.89,20
5629,Noor Syed,Chemistry,2.52,22
8272,Zainab Syed,Physics,3.4,24
2548,Zainab Mughal,CE,3.5,26
4834,Ahmed Qureshi,Math,3.73,23
5141,Zainab Butt,EE,3.09,19
8887,Kamran Ahmed,Physics,3.39,18
9795,Sara Ansari,Chemistry,3.1,21
124,Ayesha Butt,CE,2.75,25
9553,Noor Qureshi,Math,3.62,18
4873,Hina Qureshi,CE,2.3,21
6749,Hina Sheikh,Chemistry,3.74,20
4377,Bilal Chaudhry,Math,3.04,21
7777,Hina Ansari,ME,3.69,22
7963,Hassan Abbasi,Physics,2.34,18
8142,Sara Sheikh,ME,2.41,26
6308,Maryam Sheikh,Chemistry,2.7,20
7059,Sara Ansari,EE,2.09,25
6045,Hassan Malik,Physics,2.66,20
8918,Yahya Sheikh,BBA,3.8,24
3205,Omar Ansari,CE,3.3,21
6593,Ahmed Sheikh,Math,2.79,21
7187,Zainab Syed,CS,3.51,18
4220,Ayesha Butt,ME,3.71,26
2027,Hassan Ahmed,ME,3.23,20
7379,Hina Khan,ME,3.65,19
3467,Tariq Ahmed,CE,3.39,22
8194,Zainab Ahmed,Math,3.57,25
2993,Ahmed Syed,Math,2.18,20
734,Maryam Mughal,Math,3.21,25
8769,Hina Raza,CE,2.89,22
5322,Usman Syed,CS,2.24,19
1733,Ahmed Qureshi,CE,2.84,22
3191,Hina Butt,EE,3.39,21
2057,Hassan Chaudhry,Chemistry,2.73,22
9771,Omar Butt,Physics,2.84,19
44,Bilal Ansari,Chemistry,3.67,18
922,Maryam Malik,CE,2.08,22
4372,Zainab Sheikh,ME,2.47,23
3254,Fatima Malik,BBA,3.73,19
1565,Bilal Ahmed,Chemistry,2.99,23
8832,Ayesha Khan,Physics,2.55,23
1364,Ayesha Raza,ME,3.45,18
2388,Fatima Syed,Math,3.11,21
5001,Noor Malik,EE,3.97,19
8273,Bilal Sheikh,Physics,3.99,26
6499,Noor Ahmed,ME,3.38,21
8052,Kamran Qureshi,Math,3.15,19
5731,Ahmed Chaudhry,EE,2.13,24
3180,Omar Sheikh,ME,2.96,22
5017,Tariq Syed,CE,2.57,18
5283,Hina Qureshi,EE,3.44,20
4745,Omar Abbasi,Physics,2.14,26
878,Zainab Ahmed,EE,2.35,26
7487,Hassan Chaudhry,Physics,2.8,18
1490,Omar Raza,Physics,2.12,25
2560,Tariq Ahmed,EE,3.03,21
8976,Omar Mughal,ME,3.48,20
5927,Bilal Qureshi,ME,3.12,22
6130,Noor Butt,Physics,2.41,20
1502,Bilal Malik,CS,3.86,19
4344,Hassan Syed,CE,3.8,26
5064,Kamran Khan,BBA,3.69,26
1107,Yahya Syed,EE,2.97,23
9018,Hina Ansari,Physics,2.32,23
513,Usman Khan,Physics,2.29,22
4949,Omar Qureshi,Physics,2.18,21
6292,Ayesha Butt,CE,3.94,23
3639,Hassan Mughal,Physics,2.15,24
3981,Omar Khan,Math,2.2,25
7828,Hassan Qureshi,BBA,2.97,19
1922,Hassan Sheikh,Chemistry,3.63,26
9281,Omar Khan,CS,2.58,25
5427,Ayesha Butt,Math,2.69,25
4924,Omar Ansari,Math,2.12,25
647,Fatima Butt,Math,2.13,19
4654,Omar Chaudhry,Chemistry,3.33,23
7766,Hassan Khan,CS,3.28,23
9679,Ayesha Raza,Math,3.71,25
1884,Bilal Khan,CS,2.41,24
3160,Noor Ansari,Math,3.24,21
6603,Omar Sheikh,BBA,3.18,21
2853,Sara Raza,ME,3.3,23
2175,Kamran Chaudhry,Physics,2.21,23
5080,Omar Chaudhry,Math,2.45,25
6786,Usman Ansari,CE,2.0,26
7045,Fatima Sheikh,ME,2.85,23
8174,Fatima Chaudhry,Chemistry,2.97,26
1993,Yahya Ansari,CS,3.79,19
7188,Usman Butt,BBA,3.28,24
6657,Sara Malik,Physics,2.47,21
